================================================================================
 FAILED MASTER BACKEND REST API HITS LOG - 2026-09-15T17:03:03.128Z
 Total Fired: 15000 | Successful: 12837 | Failed: 2163
================================================================================

[Failed Hit #1] Hit ID: 302 | Status: 500 | Time: 45390ms | Error: Timeout 45000ms exceeded
  Target API URL: https://dev-ux-linux-ezabgbfbfxh3gggs.southindia-01.azurewebsites.net/api/Group/GetScreenDetailsForLayout
--------------------------------------------------------------------------------
[Failed Hit #2] Hit ID: 307 | Status: 500 | Time: 45388ms | Error: Timeout 45000ms exceeded
  Target API URL: https://dev-ux-linux-ezabgbfbfxh3gggs.southindia-01.azurewebsites.net/api/Group/GetScreenDetailsForLayout
--------------------------------------------------------------------------------
[Failed Hit #3] Hit ID: 314 | Status: 500 | Time: 45383ms | Error: Timeout 45000ms exceeded
  Target API URL: https://dev-ux-linux-ezabgbfbfxh3gggs.southindia-01.azurewebsites.net/api/Group/GetScreenDetailsForLayout
--------------------------------------------------------------------------------
[Failed Hit #4] Hit ID: 319 | Status: 500 | Time: 45382ms | Error: Timeout 45000ms exceeded
  Target API URL: https://dev-ux-linux-ezabgbfbfxh3gggs.southindia-01.azurewebsites.net/api/Group/GetScreenDetailsForLayout
--------------------------------------------------------------------------------
[Failed Hit #5] Hit ID: 341 | Status: 500 | Time: 45372ms | Error: Timeout 45000ms exceeded
  Target API URL: https://dev-ux-linux-ezabgbfbfxh3gggs.southindia-01.azurewebsites.net/api/Group/GetScreenDetailsForLayout
--------------------------------------------------------------------------------
[Failed Hit #6] Hit ID: 385 | Status: 500 | Time: 45354ms | Error: Timeout 45000ms exceeded
  Target API URL: https://dev-ux-linux-ezabgbfbfxh3gggs.southindia-01.azurewebsites.net/api/Group/GetScreenDetailsForLayout
--------------------------------------------------------------------------------
[Failed Hit #7] Hit ID: 388 | Status: 500 | Time: 45353ms | Error: Timeout 45000ms exceeded
  Target API URL: https://dev-ux-linux-ezabgbfbfxh3gggs.southindia-01.azurewebsites.net/api/Group/GetScreenDetailsForLayout
--------------------------------------------------------------------------------
[Failed Hit #8] Hit ID: 401 | Status: 500 | Time: 45345ms | Error: Timeout 45000ms exceeded
  Target API URL: https://dev-ux-linux-ezabgbfbfxh3gggs.southindia-01.azurewebsites.net/api/Group/GetScreenDetailsForLayout
--------------------------------------------------------------------------------
[Failed Hit #9] Hit ID: 460 | Status: 500 | Time: 45319ms | Error: Timeout 45000ms exceeded
  Target API URL: https://dev-ux-linux-ezabgbfbfxh3gggs.southindia-01.azurewebsites.net/api/Group/GetScreenDetailsForLayout
--------------------------------------------------------------------------------
[Failed Hit #10] Hit ID: 462 | Status: 500 | Time: 45318ms | Error: Timeout 45000ms exceeded
  Target API URL: https://dev-ux-linux-ezabgbfbfxh3gggs.southindia-01.azurewebsites.net/api/Group/GetScreenDetailsForLayout
--------------------------------------------------------------------------------
[Failed Hit #11] Hit ID: 466 | Status: 500 | Time: 45318ms | Error: Timeout 45000ms exceeded
  Target API URL: https://dev-ux-linux-ezabgbfbfxh3gggs.southindia-01.azurewebsites.net/api/Group/GetScreenDetailsForLayout
--------------------------------------------------------------------------------
[Failed Hit #12] Hit ID: 467 | Status: 500 | Time: 45318ms | Error: Timeout 45000ms exceeded
  Target API URL: https://dev-ux-linux-ezabgbfbfxh3gggs.southindia-01.azurewebsites.net/api/Group/GetScreenDetailsForLayout
--------------------------------------------------------------------------------
[Failed Hit #13] Hit ID: 486 | Status: 500 | Time: 45309ms | Error: Timeout 45000ms exceeded
  Target API URL: https://dev-ux-linux-ezabgbfbfxh3gggs.southindia-01.azurewebsites.net/api/Group/GetScreenDetailsForLayout
--------------------------------------------------------------------------------
[Failed Hit #14] Hit ID: 489 | Status: 500 | Time: 45308ms | Error: Timeout 45000ms exceeded
  Target API URL: https://dev-ux-linux-ezabgbfbfxh3gggs.southindia-01.azurewebsites.net/api/Group/GetScreenDetailsForLayout
--------------------------------------------------------------------------------
[Failed Hit #15] Hit ID: 495 | Status: 500 | Time: 45305ms | Error: Timeout 45000ms exceeded
  Target API URL: https://dev-ux-linux-ezabgbfbfxh3gggs.southindia-01.azurewebsites.net/api/Group/GetScreenDetailsForLayout
--------------------------------------------------------------------------------
[Failed Hit #16] Hit ID: 501 | Status: 500 | Time: 45306ms | Error: Timeout 45000ms exceeded
  Target API URL: https://dev-ux-linux-ezabgbfbfxh3gggs.southindia-01.azurewebsites.net/api/Group/GetScreenDetailsForLayout
--------------------------------------------------------------------------------
[Failed Hit #17] Hit ID: 504 | Status: 500 | Time: 45305ms | Error: Timeout 45000ms exceeded
  Target API URL: https://dev-ux-linux-ezabgbfbfxh3gggs.southindia-01.azurewebsites.net/api/Group/GetScreenDetailsForLayout
--------------------------------------------------------------------------------
[Failed Hit #18] Hit ID: 505 | Status: 500 | Time: 45305ms | Error: Timeout 45000ms exceeded
  Target API URL: https://dev-ux-linux-ezabgbfbfxh3gggs.southindia-01.azurewebsites.net/api/Group/GetScreenDetailsForLayout
--------------------------------------------------------------------------------
[Failed Hit #19] Hit ID: 515 | Status: 500 | Time: 45299ms | Error: Timeout 45000ms exceeded
  Target API URL: https://dev-ux-linux-ezabgbfbfxh3gggs.southindia-01.azurewebsites.net/api/Group/GetScreenDetailsForLayout
--------------------------------------------------------------------------------
[Failed Hit #20] Hit ID: 516 | Status: 500 | Time: 45299ms | Error: Timeout 45000ms exceeded
  Target API URL: https://dev-ux-linux-ezabgbfbfxh3gggs.southindia-01.azurewebsites.net/api/Group/GetScreenDetailsForLayout
--------------------------------------------------------------------------------
[Failed Hit #21] Hit ID: 520 | Status: 500 | Time: 45297ms | Error: Timeout 45000ms exceeded
  Target API URL: https://dev-ux-linux-ezabgbfbfxh3gggs.southindia-01.azurewebsites.net/api/Group/GetScreenDetailsForLayout
--------------------------------------------------------------------------------
[Failed Hit #22] Hit ID: 524 | Status: 500 | Time: 45295ms | Error: Timeout 45000ms exceeded
  Target API URL: https://dev-ux-linux-ezabgbfbfxh3gggs.southindia-01.azurewebsites.net/api/Group/GetScreenDetailsForLayout
--------------------------------------------------------------------------------
[Failed Hit #23] Hit ID: 533 | Status: 500 | Time: 45304ms | Error: Timeout 45000ms exceeded
  Target API URL: https://dev-ux-linux-ezabgbfbfxh3gggs.southindia-01.azurewebsites.net/api/Group/GetScreenDetailsForLayout
--------------------------------------------------------------------------------
[Failed Hit #24] Hit ID: 538 | Status: 500 | Time: 45302ms | Error: Timeout 45000ms exceeded
  Target API URL: https://dev-ux-linux-ezabgbfbfxh3gggs.southindia-01.azurewebsites.net/api/Group/GetScreenDetailsForLayout
--------------------------------------------------------------------------------
[Failed Hit #25] Hit ID: 539 | Status: 500 | Time: 45301ms | Error: Timeout 45000ms exceeded
  Target API URL: https://dev-ux-linux-ezabgbfbfxh3gggs.southindia-01.azurewebsites.net/api/Group/GetScreenDetailsForLayout
--------------------------------------------------------------------------------
[Failed Hit #26] Hit ID: 541 | Status: 500 | Time: 45301ms | Error: Timeout 45000ms exceeded
  Target API URL: https://dev-ux-linux-ezabgbfbfxh3gggs.southindia-01.azurewebsites.net/api/Group/GetScreenDetailsForLayout
--------------------------------------------------------------------------------
[Failed Hit #27] Hit ID: 542 | Status: 500 | Time: 45300ms | Error: Timeout 45000ms exceeded
  Target API URL: https://dev-ux-linux-ezabgbfbfxh3gggs.southindia-01.azurewebsites.net/api/Group/GetScreenDetailsForLayout
--------------------------------------------------------------------------------
[Failed Hit #28] Hit ID: 543 | Status: 500 | Time: 45301ms | Error: Timeout 45000ms exceeded
  Target API URL: https://dev-ux-linux-ezabgbfbfxh3gggs.southindia-01.azurewebsites.net/api/Group/GetScreenDetailsForLayout
--------------------------------------------------------------------------------
[Failed Hit #29] Hit ID: 546 | Status: 500 | Time: 45299ms | Error: Timeout 45000ms exceeded
  Target API URL: https://dev-ux-linux-ezabgbfbfxh3gggs.southindia-01.azurewebsites.net/api/Group/GetScreenDetailsForLayout
--------------------------------------------------------------------------------
[Failed Hit #30] Hit ID: 548 | Status: 500 | Time: 45298ms | Error: Timeout 45000ms exceeded
  Target API URL: https://dev-ux-linux-ezabgbfbfxh3gggs.southindia-01.azurewebsites.net/api/Group/GetScreenDetailsForLayout
--------------------------------------------------------------------------------
[Failed Hit #31] Hit ID: 549 | Status: 500 | Time: 45298ms | Error: Timeout 45000ms exceeded
  Target API URL: https://dev-ux-linux-ezabgbfbfxh3gggs.southindia-01.azurewebsites.net/api/Group/GetScreenDetailsForLayout
--------------------------------------------------------------------------------
[Failed Hit #32] Hit ID: 552 | Status: 500 | Time: 45296ms | Error: Timeout 45000ms exceeded
  Target API URL: https://dev-ux-linux-ezabgbfbfxh3gggs.southindia-01.azurewebsites.net/api/Group/GetScreenDetailsForLayout
--------------------------------------------------------------------------------
[Failed Hit #33] Hit ID: 553 | Status: 500 | Time: 45295ms | Error: Timeout 45000ms exceeded
  Target API URL: https://dev-ux-linux-ezabgbfbfxh3gggs.southindia-01.azurewebsites.net/api/Group/GetScreenDetailsForLayout
--------------------------------------------------------------------------------
[Failed Hit #34] Hit ID: 554 | Status: 500 | Time: 45295ms | Error: Timeout 45000ms exceeded
  Target API URL: https://dev-ux-linux-ezabgbfbfxh3gggs.southindia-01.azurewebsites.net/api/Group/GetScreenDetailsForLayout
--------------------------------------------------------------------------------
[Failed Hit #35] Hit ID: 555 | Status: 500 | Time: 45296ms | Error: Timeout 45000ms exceeded
  Target API URL: https://dev-ux-linux-ezabgbfbfxh3gggs.southindia-01.azurewebsites.net/api/Group/GetScreenDetailsForLayout
--------------------------------------------------------------------------------
[Failed Hit #36] Hit ID: 556 | Status: 500 | Time: 45295ms | Error: Timeout 45000ms exceeded
  Target API URL: https://dev-ux-linux-ezabgbfbfxh3gggs.southindia-01.azurewebsites.net/api/Group/GetScreenDetailsForLayout
--------------------------------------------------------------------------------
[Failed Hit #37] Hit ID: 557 | Status: 500 | Time: 45295ms | Error: Timeout 45000ms exceeded
  Target API URL: https://dev-ux-linux-ezabgbfbfxh3gggs.southindia-01.azurewebsites.net/api/Group/GetScreenDetailsForLayout
--------------------------------------------------------------------------------
[Failed Hit #38] Hit ID: 558 | Status: 500 | Time: 45294ms | Error: Timeout 45000ms exceeded
  Target API URL: https://dev-ux-linux-ezabgbfbfxh3gggs.southindia-01.azurewebsites.net/api/Group/GetScreenDetailsForLayout
--------------------------------------------------------------------------------
[Failed Hit #39] Hit ID: 559 | Status: 500 | Time: 45294ms | Error: Timeout 45000ms exceeded
  Target API URL: https://dev-ux-linux-ezabgbfbfxh3gggs.southindia-01.azurewebsites.net/api/Group/GetScreenDetailsForLayout
--------------------------------------------------------------------------------
[Failed Hit #40] Hit ID: 560 | Status: 500 | Time: 45293ms | Error: Timeout 45000ms exceeded
  Target API URL: https://dev-ux-linux-ezabgbfbfxh3gggs.southindia-01.azurewebsites.net/api/Group/GetScreenDetailsForLayout
--------------------------------------------------------------------------------
[Failed Hit #41] Hit ID: 561 | Status: 500 | Time: 45293ms | Error: Timeout 45000ms exceeded
  Target API URL: https://dev-ux-linux-ezabgbfbfxh3gggs.southindia-01.azurewebsites.net/api/Group/GetScreenDetailsForLayout
--------------------------------------------------------------------------------
[Failed Hit #42] Hit ID: 562 | Status: 500 | Time: 45293ms | Error: Timeout 45000ms exceeded
  Target API URL: https://dev-ux-linux-ezabgbfbfxh3gggs.southindia-01.azurewebsites.net/api/Group/GetScreenDetailsForLayout
--------------------------------------------------------------------------------
[Failed Hit #43] Hit ID: 563 | Status: 500 | Time: 45293ms | Error: Timeout 45000ms exceeded
  Target API URL: https://dev-ux-linux-ezabgbfbfxh3gggs.southindia-01.azurewebsites.net/api/Group/GetScreenDetailsForLayout
--------------------------------------------------------------------------------
[Failed Hit #44] Hit ID: 564 | Status: 500 | Time: 45293ms | Error: Timeout 45000ms exceeded
  Target API URL: https://dev-ux-linux-ezabgbfbfxh3gggs.southindia-01.azurewebsites.net/api/Group/GetScreenDetailsForLayout
--------------------------------------------------------------------------------
[Failed Hit #45] Hit ID: 565 | Status: 500 | Time: 45292ms | Error: Timeout 45000ms exceeded
  Target API URL: https://dev-ux-linux-ezabgbfbfxh3gggs.southindia-01.azurewebsites.net/api/Group/GetScreenDetailsForLayout
--------------------------------------------------------------------------------
[Failed Hit #46] Hit ID: 566 | Status: 500 | Time: 45292ms | Error: Timeout 45000ms exceeded
  Target API URL: https://dev-ux-linux-ezabgbfbfxh3gggs.southindia-01.azurewebsites.net/api/Group/GetScreenDetailsForLayout
--------------------------------------------------------------------------------
[Failed Hit #47] Hit ID: 567 | Status: 500 | Time: 45291ms | Error: Timeout 45000ms exceeded
  Target API URL: https://dev-ux-linux-ezabgbfbfxh3gggs.southindia-01.azurewebsites.net/api/Group/GetScreenDetailsForLayout
--------------------------------------------------------------------------------
[Failed Hit #48] Hit ID: 568 | Status: 500 | Time: 45292ms | Error: Timeout 45000ms exceeded
  Target API URL: https://dev-ux-linux-ezabgbfbfxh3gggs.southindia-01.azurewebsites.net/api/Group/GetScreenDetailsForLayout
--------------------------------------------------------------------------------
[Failed Hit #49] Hit ID: 569 | Status: 500 | Time: 45291ms | Error: Timeout 45000ms exceeded
  Target API URL: https://dev-ux-linux-ezabgbfbfxh3gggs.southindia-01.azurewebsites.net/api/Group/GetScreenDetailsForLayout
--------------------------------------------------------------------------------
[Failed Hit #50] Hit ID: 570 | Status: 500 | Time: 45291ms | Error: Timeout 45000ms exceeded
  Target API URL: https://dev-ux-linux-ezabgbfbfxh3gggs.southindia-01.azurewebsites.net/api/Group/GetScreenDetailsForLayout
--------------------------------------------------------------------------------
[Failed Hit #51] Hit ID: 571 | Status: 500 | Time: 45290ms | Error: Timeout 45000ms exceeded
  Target API URL: https://dev-ux-linux-ezabgbfbfxh3gggs.southindia-01.azurewebsites.net/api/Group/GetScreenDetailsForLayout
--------------------------------------------------------------------------------
[Failed Hit #52] Hit ID: 572 | Status: 500 | Time: 45290ms | Error: Timeout 45000ms exceeded
  Target API URL: https://dev-ux-linux-ezabgbfbfxh3gggs.southindia-01.azurewebsites.net/api/Group/GetScreenDetailsForLayout
--------------------------------------------------------------------------------
[Failed Hit #53] Hit ID: 573 | Status: 500 | Time: 45289ms | Error: Timeout 45000ms exceeded
  Target API URL: https://dev-ux-linux-ezabgbfbfxh3gggs.southindia-01.azurewebsites.net/api/Group/GetScreenDetailsForLayout
--------------------------------------------------------------------------------
[Failed Hit #54] Hit ID: 574 | Status: 500 | Time: 45290ms | Error: Timeout 45000ms exceeded
  Target API URL: https://dev-ux-linux-ezabgbfbfxh3gggs.southindia-01.azurewebsites.net/api/Group/GetScreenDetailsForLayout
--------------------------------------------------------------------------------
[Failed Hit #55] Hit ID: 575 | Status: 500 | Time: 45289ms | Error: Timeout 45000ms exceeded
  Target API URL: https://dev-ux-linux-ezabgbfbfxh3gggs.southindia-01.azurewebsites.net/api/Group/GetScreenDetailsForLayout
--------------------------------------------------------------------------------
[Failed Hit #56] Hit ID: 576 | Status: 500 | Time: 45289ms | Error: Timeout 45000ms exceeded
  Target API URL: https://dev-ux-linux-ezabgbfbfxh3gggs.southindia-01.azurewebsites.net/api/Group/GetScreenDetailsForLayout
--------------------------------------------------------------------------------
[Failed Hit #57] Hit ID: 577 | Status: 500 | Time: 45288ms | Error: Timeout 45000ms exceeded
  Target API URL: https://dev-ux-linux-ezabgbfbfxh3gggs.southindia-01.azurewebsites.net/api/Group/GetScreenDetailsForLayout
--------------------------------------------------------------------------------
[Failed Hit #58] Hit ID: 578 | Status: 500 | Time: 45288ms | Error: Timeout 45000ms exceeded
  Target API URL: https://dev-ux-linux-ezabgbfbfxh3gggs.southindia-01.azurewebsites.net/api/Group/GetScreenDetailsForLayout
--------------------------------------------------------------------------------
[Failed Hit #59] Hit ID: 579 | Status: 500 | Time: 45287ms | Error: Timeout 45000ms exceeded
  Target API URL: https://dev-ux-linux-ezabgbfbfxh3gggs.southindia-01.azurewebsites.net/api/Group/GetScreenDetailsForLayout
--------------------------------------------------------------------------------
[Failed Hit #60] Hit ID: 580 | Status: 500 | Time: 45287ms | Error: Timeout 45000ms exceeded
  Target API URL: https://dev-ux-linux-ezabgbfbfxh3gggs.southindia-01.azurewebsites.net/api/Group/GetScreenDetailsForLayout
--------------------------------------------------------------------------------
[Failed Hit #61] Hit ID: 581 | Status: 500 | Time: 45287ms | Error: Timeout 45000ms exceeded
  Target API URL: https://dev-ux-linux-ezabgbfbfxh3gggs.southindia-01.azurewebsites.net/api/Group/GetScreenDetailsForLayout
--------------------------------------------------------------------------------
[Failed Hit #62] Hit ID: 582 | Status: 500 | Time: 45287ms | Error: Timeout 45000ms exceeded
  Target API URL: https://dev-ux-linux-ezabgbfbfxh3gggs.southindia-01.azurewebsites.net/api/Group/GetScreenDetailsForLayout
--------------------------------------------------------------------------------
[Failed Hit #63] Hit ID: 584 | Status: 500 | Time: 45286ms | Error: Timeout 45000ms exceeded
  Target API URL: https://dev-ux-linux-ezabgbfbfxh3gggs.southindia-01.azurewebsites.net/api/Group/GetScreenDetailsForLayout
--------------------------------------------------------------------------------
[Failed Hit #64] Hit ID: 585 | Status: 500 | Time: 45286ms | Error: Timeout 45000ms exceeded
  Target API URL: https://dev-ux-linux-ezabgbfbfxh3gggs.southindia-01.azurewebsites.net/api/Group/GetScreenDetailsForLayout
--------------------------------------------------------------------------------
[Failed Hit #65] Hit ID: 586 | Status: 500 | Time: 45285ms | Error: Timeout 45000ms exceeded
  Target API URL: https://dev-ux-linux-ezabgbfbfxh3gggs.southindia-01.azurewebsites.net/api/Group/GetScreenDetailsForLayout
--------------------------------------------------------------------------------
[Failed Hit #66] Hit ID: 587 | Status: 500 | Time: 45285ms | Error: Timeout 45000ms exceeded
  Target API URL: https://dev-ux-linux-ezabgbfbfxh3gggs.southindia-01.azurewebsites.net/api/Group/GetScreenDetailsForLayout
--------------------------------------------------------------------------------
[Failed Hit #67] Hit ID: 588 | Status: 500 | Time: 45284ms | Error: Timeout 45000ms exceeded
  Target API URL: https://dev-ux-linux-ezabgbfbfxh3gggs.southindia-01.azurewebsites.net/api/Group/GetScreenDetailsForLayout
--------------------------------------------------------------------------------
[Failed Hit #68] Hit ID: 589 | Status: 500 | Time: 45284ms | Error: Timeout 45000ms exceeded
  Target API URL: https://dev-ux-linux-ezabgbfbfxh3gggs.southindia-01.azurewebsites.net/api/Group/GetScreenDetailsForLayout
--------------------------------------------------------------------------------
[Failed Hit #69] Hit ID: 590 | Status: 500 | Time: 45285ms | Error: Timeout 45000ms exceeded
  Target API URL: https://dev-ux-linux-ezabgbfbfxh3gggs.southindia-01.azurewebsites.net/api/Group/GetScreenDetailsForLayout
--------------------------------------------------------------------------------
[Failed Hit #70] Hit ID: 591 | Status: 500 | Time: 45283ms | Error: Timeout 45000ms exceeded
  Target API URL: https://dev-ux-linux-ezabgbfbfxh3gggs.southindia-01.azurewebsites.net/api/Group/GetScreenDetailsForLayout
--------------------------------------------------------------------------------
[Failed Hit #71] Hit ID: 592 | Status: 500 | Time: 45282ms | Error: Timeout 45000ms exceeded
  Target API URL: https://dev-ux-linux-ezabgbfbfxh3gggs.southindia-01.azurewebsites.net/api/Group/GetScreenDetailsForLayout
--------------------------------------------------------------------------------
[Failed Hit #72] Hit ID: 593 | Status: 500 | Time: 45283ms | Error: Timeout 45000ms exceeded
  Target API URL: https://dev-ux-linux-ezabgbfbfxh3gggs.southindia-01.azurewebsites.net/api/Group/GetScreenDetailsForLayout
--------------------------------------------------------------------------------
[Failed Hit #73] Hit ID: 594 | Status: 500 | Time: 45282ms | Error: Timeout 45000ms exceeded
  Target API URL: https://dev-ux-linux-ezabgbfbfxh3gggs.southindia-01.azurewebsites.net/api/Group/GetScreenDetailsForLayout
--------------------------------------------------------------------------------
[Failed Hit #74] Hit ID: 595 | Status: 500 | Time: 45325ms | Error: Timeout 45000ms exceeded
  Target API URL: https://dev-ux-linux-ezabgbfbfxh3gggs.southindia-01.azurewebsites.net/api/Group/GetScreenDetailsForLayout
--------------------------------------------------------------------------------
[Failed Hit #75] Hit ID: 596 | Status: 500 | Time: 45324ms | Error: Timeout 45000ms exceeded
  Target API URL: https://dev-ux-linux-ezabgbfbfxh3gggs.southindia-01.azurewebsites.net/api/Group/GetScreenDetailsForLayout
--------------------------------------------------------------------------------
[Failed Hit #76] Hit ID: 597 | Status: 500 | Time: 45324ms | Error: Timeout 45000ms exceeded
  Target API URL: https://dev-ux-linux-ezabgbfbfxh3gggs.southindia-01.azurewebsites.net/api/Group/GetScreenDetailsForLayout
--------------------------------------------------------------------------------
[Failed Hit #77] Hit ID: 598 | Status: 500 | Time: 45325ms | Error: Timeout 45000ms exceeded
  Target API URL: https://dev-ux-linux-ezabgbfbfxh3gggs.southindia-01.azurewebsites.net/api/Group/GetScreenDetailsForLayout
--------------------------------------------------------------------------------
[Failed Hit #78] Hit ID: 599 | Status: 500 | Time: 45324ms | Error: Timeout 45000ms exceeded
  Target API URL: https://dev-ux-linux-ezabgbfbfxh3gggs.southindia-01.azurewebsites.net/api/Group/GetScreenDetailsForLayout
--------------------------------------------------------------------------------
[Failed Hit #79] Hit ID: 600 | Status: 500 | Time: 45324ms | Error: Timeout 45000ms exceeded
  Target API URL: https://dev-ux-linux-ezabgbfbfxh3gggs.southindia-01.azurewebsites.net/api/Group/GetScreenDetailsForLayout
--------------------------------------------------------------------------------
[Failed Hit #80] Hit ID: 601 | Status: 500 | Time: 45323ms | Error: Timeout 45000ms exceeded
  Target API URL: https://dev-ux-linux-ezabgbfbfxh3gggs.southindia-01.azurewebsites.net/api/Group/GetScreenDetailsForLayout
--------------------------------------------------------------------------------
[Failed Hit #81] Hit ID: 602 | Status: 500 | Time: 45323ms | Error: Timeout 45000ms exceeded
  Target API URL: https://dev-ux-linux-ezabgbfbfxh3gggs.southindia-01.azurewebsites.net/api/Group/GetScreenDetailsForLayout
--------------------------------------------------------------------------------
[Failed Hit #82] Hit ID: 603 | Status: 500 | Time: 45322ms | Error: Timeout 45000ms exceeded
  Target API URL: https://dev-ux-linux-ezabgbfbfxh3gggs.southindia-01.azurewebsites.net/api/Group/GetScreenDetailsForLayout
--------------------------------------------------------------------------------
[Failed Hit #83] Hit ID: 604 | Status: 500 | Time: 45322ms | Error: Timeout 45000ms exceeded
  Target API URL: https://dev-ux-linux-ezabgbfbfxh3gggs.southindia-01.azurewebsites.net/api/Group/GetScreenDetailsForLayout
--------------------------------------------------------------------------------
[Failed Hit #84] Hit ID: 605 | Status: 500 | Time: 45323ms | Error: Timeout 45000ms exceeded
  Target API URL: https://dev-ux-linux-ezabgbfbfxh3gggs.southindia-01.azurewebsites.net/api/Group/GetScreenDetailsForLayout
--------------------------------------------------------------------------------
[Failed Hit #85] Hit ID: 606 | Status: 500 | Time: 45322ms | Error: Timeout 45000ms exceeded
  Target API URL: https://dev-ux-linux-ezabgbfbfxh3gggs.southindia-01.azurewebsites.net/api/Group/GetScreenDetailsForLayout
--------------------------------------------------------------------------------
[Failed Hit #86] Hit ID: 607 | Status: 500 | Time: 45322ms | Error: Timeout 45000ms exceeded
  Target API URL: https://dev-ux-linux-ezabgbfbfxh3gggs.southindia-01.azurewebsites.net/api/Group/GetScreenDetailsForLayout
--------------------------------------------------------------------------------
[Failed Hit #87] Hit ID: 608 | Status: 500 | Time: 45321ms | Error: Timeout 45000ms exceeded
  Target API URL: https://dev-ux-linux-ezabgbfbfxh3gggs.southindia-01.azurewebsites.net/api/Group/GetScreenDetailsForLayout
--------------------------------------------------------------------------------
[Failed Hit #88] Hit ID: 609 | Status: 500 | Time: 45321ms | Error: Timeout 45000ms exceeded
  Target API URL: https://dev-ux-linux-ezabgbfbfxh3gggs.southindia-01.azurewebsites.net/api/Group/GetScreenDetailsForLayout
--------------------------------------------------------------------------------
[Failed Hit #89] Hit ID: 610 | Status: 500 | Time: 45320ms | Error: Timeout 45000ms exceeded
  Target API URL: https://dev-ux-linux-ezabgbfbfxh3gggs.southindia-01.azurewebsites.net/api/Group/GetScreenDetailsForLayout
--------------------------------------------------------------------------------
[Failed Hit #90] Hit ID: 611 | Status: 500 | Time: 45320ms | Error: Timeout 45000ms exceeded
  Target API URL: https://dev-ux-linux-ezabgbfbfxh3gggs.southindia-01.azurewebsites.net/api/Group/GetScreenDetailsForLayout
--------------------------------------------------------------------------------
[Failed Hit #91] Hit ID: 612 | Status: 500 | Time: 45319ms | Error: Timeout 45000ms exceeded
  Target API URL: https://dev-ux-linux-ezabgbfbfxh3gggs.southindia-01.azurewebsites.net/api/Group/GetScreenDetailsForLayout
--------------------------------------------------------------------------------
[Failed Hit #92] Hit ID: 613 | Status: 500 | Time: 45320ms | Error: Timeout 45000ms exceeded
  Target API URL: https://dev-ux-linux-ezabgbfbfxh3gggs.southindia-01.azurewebsites.net/api/Group/GetScreenDetailsForLayout
--------------------------------------------------------------------------------
[Failed Hit #93] Hit ID: 614 | Status: 500 | Time: 45319ms | Error: Timeout 45000ms exceeded
  Target API URL: https://dev-ux-linux-ezabgbfbfxh3gggs.southindia-01.azurewebsites.net/api/Group/GetScreenDetailsForLayout
--------------------------------------------------------------------------------
[Failed Hit #94] Hit ID: 615 | Status: 500 | Time: 45319ms | Error: Timeout 45000ms exceeded
  Target API URL: https://dev-ux-linux-ezabgbfbfxh3gggs.southindia-01.azurewebsites.net/api/Group/GetScreenDetailsForLayout
--------------------------------------------------------------------------------
[Failed Hit #95] Hit ID: 616 | Status: 500 | Time: 45319ms | Error: Timeout 45000ms exceeded
  Target API URL: https://dev-ux-linux-ezabgbfbfxh3gggs.southindia-01.azurewebsites.net/api/Group/GetScreenDetailsForLayout
--------------------------------------------------------------------------------
[Failed Hit #96] Hit ID: 617 | Status: 500 | Time: 45318ms | Error: Timeout 45000ms exceeded
  Target API URL: https://dev-ux-linux-ezabgbfbfxh3gggs.southindia-01.azurewebsites.net/api/Group/GetScreenDetailsForLayout
--------------------------------------------------------------------------------
[Failed Hit #97] Hit ID: 618 | Status: 500 | Time: 45318ms | Error: Timeout 45000ms exceeded
  Target API URL: https://dev-ux-linux-ezabgbfbfxh3gggs.southindia-01.azurewebsites.net/api/Group/GetScreenDetailsForLayout
--------------------------------------------------------------------------------
[Failed Hit #98] Hit ID: 619 | Status: 500 | Time: 45317ms | Error: Timeout 45000ms exceeded
  Target API URL: https://dev-ux-linux-ezabgbfbfxh3gggs.southindia-01.azurewebsites.net/api/Group/GetScreenDetailsForLayout
--------------------------------------------------------------------------------
[Failed Hit #99] Hit ID: 620 | Status: 500 | Time: 45317ms | Error: Timeout 45000ms exceeded
  Target API URL: https://dev-ux-linux-ezabgbfbfxh3gggs.southindia-01.azurewebsites.net/api/Group/GetScreenDetailsForLayout
--------------------------------------------------------------------------------
[Failed Hit #100] Hit ID: 621 | Status: 500 | Time: 45317ms | Error: Timeout 45000ms exceeded
  Target API URL: https://dev-ux-linux-ezabgbfbfxh3gggs.southindia-01.azurewebsites.net/api/Group/GetScreenDetailsForLayout
--------------------------------------------------------------------------------
[Failed Hit #101] Hit ID: 622 | Status: 500 | Time: 45317ms | Error: Timeout 45000ms exceeded
  Target API URL: https://dev-ux-linux-ezabgbfbfxh3gggs.southindia-01.azurewebsites.net/api/Group/GetScreenDetailsForLayout
--------------------------------------------------------------------------------
[Failed Hit #102] Hit ID: 623 | Status: 500 | Time: 45317ms | Error: Timeout 45000ms exceeded
  Target API URL: https://dev-ux-linux-ezabgbfbfxh3gggs.southindia-01.azurewebsites.net/api/Group/GetScreenDetailsForLayout
--------------------------------------------------------------------------------
[Failed Hit #103] Hit ID: 624 | Status: 500 | Time: 45316ms | Error: Timeout 45000ms exceeded
  Target API URL: https://dev-ux-linux-ezabgbfbfxh3gggs.southindia-01.azurewebsites.net/api/Group/GetScreenDetailsForLayout
--------------------------------------------------------------------------------
[Failed Hit #104] Hit ID: 625 | Status: 500 | Time: 45316ms | Error: Timeout 45000ms exceeded
  Target API URL: https://dev-ux-linux-ezabgbfbfxh3gggs.southindia-01.azurewebsites.net/api/Group/GetScreenDetailsForLayout
--------------------------------------------------------------------------------
[Failed Hit #105] Hit ID: 626 | Status: 500 | Time: 45315ms | Error: Timeout 45000ms exceeded
  Target API URL: https://dev-ux-linux-ezabgbfbfxh3gggs.southindia-01.azurewebsites.net/api/Group/GetScreenDetailsForLayout
--------------------------------------------------------------------------------
[Failed Hit #106] Hit ID: 627 | Status: 500 | Time: 45315ms | Error: Timeout 45000ms exceeded
  Target API URL: https://dev-ux-linux-ezabgbfbfxh3gggs.southindia-01.azurewebsites.net/api/Group/GetScreenDetailsForLayout
--------------------------------------------------------------------------------
[Failed Hit #107] Hit ID: 628 | Status: 500 | Time: 45314ms | Error: Timeout 45000ms exceeded
  Target API URL: https://dev-ux-linux-ezabgbfbfxh3gggs.southindia-01.azurewebsites.net/api/Group/GetScreenDetailsForLayout
--------------------------------------------------------------------------------
[Failed Hit #108] Hit ID: 629 | Status: 500 | Time: 45315ms | Error: Timeout 45000ms exceeded
  Target API URL: https://dev-ux-linux-ezabgbfbfxh3gggs.southindia-01.azurewebsites.net/api/Group/GetScreenDetailsForLayout
--------------------------------------------------------------------------------
[Failed Hit #109] Hit ID: 630 | Status: 500 | Time: 45315ms | Error: Timeout 45000ms exceeded
  Target API URL: https://dev-ux-linux-ezabgbfbfxh3gggs.southindia-01.azurewebsites.net/api/Group/GetScreenDetailsForLayout
--------------------------------------------------------------------------------
[Failed Hit #110] Hit ID: 631 | Status: 500 | Time: 45313ms | Error: Timeout 45000ms exceeded
  Target API URL: https://dev-ux-linux-ezabgbfbfxh3gggs.southindia-01.azurewebsites.net/api/Group/GetScreenDetailsForLayout
--------------------------------------------------------------------------------
[Failed Hit #111] Hit ID: 632 | Status: 500 | Time: 45313ms | Error: Timeout 45000ms exceeded
  Target API URL: https://dev-ux-linux-ezabgbfbfxh3gggs.southindia-01.azurewebsites.net/api/Group/GetScreenDetailsForLayout
--------------------------------------------------------------------------------
[Failed Hit #112] Hit ID: 633 | Status: 500 | Time: 45313ms | Error: Timeout 45000ms exceeded
  Target API URL: https://dev-ux-linux-ezabgbfbfxh3gggs.southindia-01.azurewebsites.net/api/Group/GetScreenDetailsForLayout
--------------------------------------------------------------------------------
[Failed Hit #113] Hit ID: 634 | Status: 500 | Time: 45312ms | Error: Timeout 45000ms exceeded
  Target API URL: https://dev-ux-linux-ezabgbfbfxh3gggs.southindia-01.azurewebsites.net/api/Group/GetScreenDetailsForLayout
--------------------------------------------------------------------------------
[Failed Hit #114] Hit ID: 635 | Status: 500 | Time: 45311ms | Error: Timeout 45000ms exceeded
  Target API URL: https://dev-ux-linux-ezabgbfbfxh3gggs.southindia-01.azurewebsites.net/api/Group/GetScreenDetailsForLayout
--------------------------------------------------------------------------------
[Failed Hit #115] Hit ID: 636 | Status: 500 | Time: 45311ms | Error: Timeout 45000ms exceeded
  Target API URL: https://dev-ux-linux-ezabgbfbfxh3gggs.southindia-01.azurewebsites.net/api/Group/GetScreenDetailsForLayout
--------------------------------------------------------------------------------
[Failed Hit #116] Hit ID: 637 | Status: 500 | Time: 45310ms | Error: Timeout 45000ms exceeded
  Target API URL: https://dev-ux-linux-ezabgbfbfxh3gggs.southindia-01.azurewebsites.net/api/Group/GetScreenDetailsForLayout
--------------------------------------------------------------------------------
[Failed Hit #117] Hit ID: 638 | Status: 500 | Time: 45311ms | Error: Timeout 45000ms exceeded
  Target API URL: https://dev-ux-linux-ezabgbfbfxh3gggs.southindia-01.azurewebsites.net/api/Group/GetScreenDetailsForLayout
--------------------------------------------------------------------------------
[Failed Hit #118] Hit ID: 640 | Status: 500 | Time: 45310ms | Error: Timeout 45000ms exceeded
  Target API URL: https://dev-ux-linux-ezabgbfbfxh3gggs.southindia-01.azurewebsites.net/api/Group/GetScreenDetailsForLayout
--------------------------------------------------------------------------------
[Failed Hit #119] Hit ID: 641 | Status: 500 | Time: 45309ms | Error: Timeout 45000ms exceeded
  Target API URL: https://dev-ux-linux-ezabgbfbfxh3gggs.southindia-01.azurewebsites.net/api/Group/GetScreenDetailsForLayout
--------------------------------------------------------------------------------
[Failed Hit #120] Hit ID: 642 | Status: 500 | Time: 45308ms | Error: Timeout 45000ms exceeded
  Target API URL: https://dev-ux-linux-ezabgbfbfxh3gggs.southindia-01.azurewebsites.net/api/Group/GetScreenDetailsForLayout
--------------------------------------------------------------------------------
[Failed Hit #121] Hit ID: 643 | Status: 500 | Time: 45308ms | Error: Timeout 45000ms exceeded
  Target API URL: https://dev-ux-linux-ezabgbfbfxh3gggs.southindia-01.azurewebsites.net/api/Group/GetScreenDetailsForLayout
--------------------------------------------------------------------------------
[Failed Hit #122] Hit ID: 644 | Status: 500 | Time: 45307ms | Error: Timeout 45000ms exceeded
  Target API URL: https://dev-ux-linux-ezabgbfbfxh3gggs.southindia-01.azurewebsites.net/api/Group/GetScreenDetailsForLayout
--------------------------------------------------------------------------------
[Failed Hit #123] Hit ID: 645 | Status: 500 | Time: 45307ms | Error: Timeout 45000ms exceeded
  Target API URL: https://dev-ux-linux-ezabgbfbfxh3gggs.southindia-01.azurewebsites.net/api/Group/GetScreenDetailsForLayout
--------------------------------------------------------------------------------
[Failed Hit #124] Hit ID: 646 | Status: 500 | Time: 45306ms | Error: Timeout 45000ms exceeded
  Target API URL: https://dev-ux-linux-ezabgbfbfxh3gggs.southindia-01.azurewebsites.net/api/Group/GetScreenDetailsForLayout
--------------------------------------------------------------------------------
[Failed Hit #125] Hit ID: 647 | Status: 500 | Time: 45307ms | Error: Timeout 45000ms exceeded
  Target API URL: https://dev-ux-linux-ezabgbfbfxh3gggs.southindia-01.azurewebsites.net/api/Group/GetScreenDetailsForLayout
--------------------------------------------------------------------------------
[Failed Hit #126] Hit ID: 648 | Status: 500 | Time: 45306ms | Error: Timeout 45000ms exceeded
  Target API URL: https://dev-ux-linux-ezabgbfbfxh3gggs.southindia-01.azurewebsites.net/api/Group/GetScreenDetailsForLayout
--------------------------------------------------------------------------------
[Failed Hit #127] Hit ID: 649 | Status: 500 | Time: 45305ms | Error: Timeout 45000ms exceeded
  Target API URL: https://dev-ux-linux-ezabgbfbfxh3gggs.southindia-01.azurewebsites.net/api/Group/GetScreenDetailsForLayout
--------------------------------------------------------------------------------
[Failed Hit #128] Hit ID: 650 | Status: 500 | Time: 45305ms | Error: Timeout 45000ms exceeded
  Target API URL: https://dev-ux-linux-ezabgbfbfxh3gggs.southindia-01.azurewebsites.net/api/Group/GetScreenDetailsForLayout
--------------------------------------------------------------------------------
[Failed Hit #129] Hit ID: 651 | Status: 500 | Time: 45304ms | Error: Timeout 45000ms exceeded
  Target API URL: https://dev-ux-linux-ezabgbfbfxh3gggs.southindia-01.azurewebsites.net/api/Group/GetScreenDetailsForLayout
--------------------------------------------------------------------------------
[Failed Hit #130] Hit ID: 652 | Status: 500 | Time: 45304ms | Error: Timeout 45000ms exceeded
  Target API URL: https://dev-ux-linux-ezabgbfbfxh3gggs.southindia-01.azurewebsites.net/api/Group/GetScreenDetailsForLayout
--------------------------------------------------------------------------------
[Failed Hit #131] Hit ID: 653 | Status: 500 | Time: 45299ms | Error: Timeout 45000ms exceeded
  Target API URL: https://dev-ux-linux-ezabgbfbfxh3gggs.southindia-01.azurewebsites.net/api/Group/GetScreenDetailsForLayout
--------------------------------------------------------------------------------
[Failed Hit #132] Hit ID: 654 | Status: 500 | Time: 45298ms | Error: Timeout 45000ms exceeded
  Target API URL: https://dev-ux-linux-ezabgbfbfxh3gggs.southindia-01.azurewebsites.net/api/Group/GetScreenDetailsForLayout
--------------------------------------------------------------------------------
[Failed Hit #133] Hit ID: 655 | Status: 500 | Time: 45298ms | Error: Timeout 45000ms exceeded
  Target API URL: https://dev-ux-linux-ezabgbfbfxh3gggs.southindia-01.azurewebsites.net/api/Group/GetScreenDetailsForLayout
--------------------------------------------------------------------------------
[Failed Hit #134] Hit ID: 656 | Status: 500 | Time: 45298ms | Error: Timeout 45000ms exceeded
  Target API URL: https://dev-ux-linux-ezabgbfbfxh3gggs.southindia-01.azurewebsites.net/api/Group/GetScreenDetailsForLayout
--------------------------------------------------------------------------------
[Failed Hit #135] Hit ID: 657 | Status: 500 | Time: 45297ms | Error: Timeout 45000ms exceeded
  Target API URL: https://dev-ux-linux-ezabgbfbfxh3gggs.southindia-01.azurewebsites.net/api/Group/GetScreenDetailsForLayout
--------------------------------------------------------------------------------
[Failed Hit #136] Hit ID: 658 | Status: 500 | Time: 45297ms | Error: Timeout 45000ms exceeded
  Target API URL: https://dev-ux-linux-ezabgbfbfxh3gggs.southindia-01.azurewebsites.net/api/Group/GetScreenDetailsForLayout
--------------------------------------------------------------------------------
[Failed Hit #137] Hit ID: 659 | Status: 500 | Time: 45296ms | Error: Timeout 45000ms exceeded
  Target API URL: https://dev-ux-linux-ezabgbfbfxh3gggs.southindia-01.azurewebsites.net/api/Group/GetScreenDetailsForLayout
--------------------------------------------------------------------------------
[Failed Hit #138] Hit ID: 660 | Status: 500 | Time: 45296ms | Error: Timeout 45000ms exceeded
  Target API URL: https://dev-ux-linux-ezabgbfbfxh3gggs.southindia-01.azurewebsites.net/api/Group/GetScreenDetailsForLayout
--------------------------------------------------------------------------------
[Failed Hit #139] Hit ID: 661 | Status: 500 | Time: 45295ms | Error: Timeout 45000ms exceeded
  Target API URL: https://dev-ux-linux-ezabgbfbfxh3gggs.southindia-01.azurewebsites.net/api/Group/GetScreenDetailsForLayout
--------------------------------------------------------------------------------
[Failed Hit #140] Hit ID: 662 | Status: 500 | Time: 45295ms | Error: Timeout 45000ms exceeded
  Target API URL: https://dev-ux-linux-ezabgbfbfxh3gggs.southindia-01.azurewebsites.net/api/Group/GetScreenDetailsForLayout
--------------------------------------------------------------------------------
[Failed Hit #141] Hit ID: 663 | Status: 500 | Time: 45295ms | Error: Timeout 45000ms exceeded
  Target API URL: https://dev-ux-linux-ezabgbfbfxh3gggs.southindia-01.azurewebsites.net/api/Group/GetScreenDetailsForLayout
--------------------------------------------------------------------------------
[Failed Hit #142] Hit ID: 664 | Status: 500 | Time: 45295ms | Error: Timeout 45000ms exceeded
  Target API URL: https://dev-ux-linux-ezabgbfbfxh3gggs.southindia-01.azurewebsites.net/api/Group/GetScreenDetailsForLayout
--------------------------------------------------------------------------------
[Failed Hit #143] Hit ID: 665 | Status: 500 | Time: 45295ms | Error: Timeout 45000ms exceeded
  Target API URL: https://dev-ux-linux-ezabgbfbfxh3gggs.southindia-01.azurewebsites.net/api/Group/GetScreenDetailsForLayout
--------------------------------------------------------------------------------
[Failed Hit #144] Hit ID: 666 | Status: 500 | Time: 45294ms | Error: Timeout 45000ms exceeded
  Target API URL: https://dev-ux-linux-ezabgbfbfxh3gggs.southindia-01.azurewebsites.net/api/Group/GetScreenDetailsForLayout
--------------------------------------------------------------------------------
[Failed Hit #145] Hit ID: 667 | Status: 500 | Time: 45294ms | Error: Timeout 45000ms exceeded
  Target API URL: https://dev-ux-linux-ezabgbfbfxh3gggs.southindia-01.azurewebsites.net/api/Group/GetScreenDetailsForLayout
--------------------------------------------------------------------------------
[Failed Hit #146] Hit ID: 668 | Status: 500 | Time: 45293ms | Error: Timeout 45000ms exceeded
  Target API URL: https://dev-ux-linux-ezabgbfbfxh3gggs.southindia-01.azurewebsites.net/api/Group/GetScreenDetailsForLayout
--------------------------------------------------------------------------------
[Failed Hit #147] Hit ID: 669 | Status: 500 | Time: 45293ms | Error: Timeout 45000ms exceeded
  Target API URL: https://dev-ux-linux-ezabgbfbfxh3gggs.southindia-01.azurewebsites.net/api/Group/GetScreenDetailsForLayout
--------------------------------------------------------------------------------
[Failed Hit #148] Hit ID: 670 | Status: 500 | Time: 45292ms | Error: Timeout 45000ms exceeded
  Target API URL: https://dev-ux-linux-ezabgbfbfxh3gggs.southindia-01.azurewebsites.net/api/Group/GetScreenDetailsForLayout
--------------------------------------------------------------------------------
[Failed Hit #149] Hit ID: 671 | Status: 500 | Time: 45293ms | Error: Timeout 45000ms exceeded
  Target API URL: https://dev-ux-linux-ezabgbfbfxh3gggs.southindia-01.azurewebsites.net/api/Group/GetScreenDetailsForLayout
--------------------------------------------------------------------------------
[Failed Hit #150] Hit ID: 672 | Status: 500 | Time: 45293ms | Error: Timeout 45000ms exceeded
  Target API URL: https://dev-ux-linux-ezabgbfbfxh3gggs.southindia-01.azurewebsites.net/api/Group/GetScreenDetailsForLayout
--------------------------------------------------------------------------------
[Failed Hit #151] Hit ID: 673 | Status: 500 | Time: 45292ms | Error: Timeout 45000ms exceeded
  Target API URL: https://dev-ux-linux-ezabgbfbfxh3gggs.southindia-01.azurewebsites.net/api/Group/GetScreenDetailsForLayout
--------------------------------------------------------------------------------
[Failed Hit #152] Hit ID: 674 | Status: 500 | Time: 45292ms | Error: Timeout 45000ms exceeded
  Target API URL: https://dev-ux-linux-ezabgbfbfxh3gggs.southindia-01.azurewebsites.net/api/Group/GetScreenDetailsForLayout
--------------------------------------------------------------------------------
[Failed Hit #153] Hit ID: 675 | Status: 500 | Time: 45291ms | Error: Timeout 45000ms exceeded
  Target API URL: https://dev-ux-linux-ezabgbfbfxh3gggs.southindia-01.azurewebsites.net/api/Group/GetScreenDetailsForLayout
--------------------------------------------------------------------------------
[Failed Hit #154] Hit ID: 676 | Status: 500 | Time: 45291ms | Error: Timeout 45000ms exceeded
  Target API URL: https://dev-ux-linux-ezabgbfbfxh3gggs.southindia-01.azurewebsites.net/api/Group/GetScreenDetailsForLayout
--------------------------------------------------------------------------------
[Failed Hit #155] Hit ID: 677 | Status: 500 | Time: 45290ms | Error: Timeout 45000ms exceeded
  Target API URL: https://dev-ux-linux-ezabgbfbfxh3gggs.southindia-01.azurewebsites.net/api/Group/GetScreenDetailsForLayout
--------------------------------------------------------------------------------
[Failed Hit #156] Hit ID: 678 | Status: 500 | Time: 45291ms | Error: Timeout 45000ms exceeded
  Target API URL: https://dev-ux-linux-ezabgbfbfxh3gggs.southindia-01.azurewebsites.net/api/Group/GetScreenDetailsForLayout
--------------------------------------------------------------------------------
[Failed Hit #157] Hit ID: 679 | Status: 500 | Time: 45290ms | Error: Timeout 45000ms exceeded
  Target API URL: https://dev-ux-linux-ezabgbfbfxh3gggs.southindia-01.azurewebsites.net/api/Group/GetScreenDetailsForLayout
--------------------------------------------------------------------------------
[Failed Hit #158] Hit ID: 680 | Status: 500 | Time: 45290ms | Error: Timeout 45000ms exceeded
  Target API URL: https://dev-ux-linux-ezabgbfbfxh3gggs.southindia-01.azurewebsites.net/api/Group/GetScreenDetailsForLayout
--------------------------------------------------------------------------------
[Failed Hit #159] Hit ID: 681 | Status: 500 | Time: 45289ms | Error: Timeout 45000ms exceeded
  Target API URL: https://dev-ux-linux-ezabgbfbfxh3gggs.southindia-01.azurewebsites.net/api/Group/GetScreenDetailsForLayout
--------------------------------------------------------------------------------
[Failed Hit #160] Hit ID: 682 | Status: 500 | Time: 45289ms | Error: Timeout 45000ms exceeded
  Target API URL: https://dev-ux-linux-ezabgbfbfxh3gggs.southindia-01.azurewebsites.net/api/Group/GetScreenDetailsForLayout
--------------------------------------------------------------------------------
[Failed Hit #161] Hit ID: 683 | Status: 500 | Time: 45290ms | Error: Timeout 45000ms exceeded
  Target API URL: https://dev-ux-linux-ezabgbfbfxh3gggs.southindia-01.azurewebsites.net/api/Group/GetScreenDetailsForLayout
--------------------------------------------------------------------------------
[Failed Hit #162] Hit ID: 684 | Status: 500 | Time: 45289ms | Error: Timeout 45000ms exceeded
  Target API URL: https://dev-ux-linux-ezabgbfbfxh3gggs.southindia-01.azurewebsites.net/api/Group/GetScreenDetailsForLayout
--------------------------------------------------------------------------------
[Failed Hit #163] Hit ID: 685 | Status: 500 | Time: 45289ms | Error: Timeout 45000ms exceeded
  Target API URL: https://dev-ux-linux-ezabgbfbfxh3gggs.southindia-01.azurewebsites.net/api/Group/GetScreenDetailsForLayout
--------------------------------------------------------------------------------
[Failed Hit #164] Hit ID: 686 | Status: 500 | Time: 45289ms | Error: Timeout 45000ms exceeded
  Target API URL: https://dev-ux-linux-ezabgbfbfxh3gggs.southindia-01.azurewebsites.net/api/Group/GetScreenDetailsForLayout
--------------------------------------------------------------------------------
[Failed Hit #165] Hit ID: 687 | Status: 500 | Time: 45289ms | Error: Timeout 45000ms exceeded
  Target API URL: https://dev-ux-linux-ezabgbfbfxh3gggs.southindia-01.azurewebsites.net/api/Group/GetScreenDetailsForLayout
--------------------------------------------------------------------------------
[Failed Hit #166] Hit ID: 688 | Status: 500 | Time: 45288ms | Error: Timeout 45000ms exceeded
  Target API URL: https://dev-ux-linux-ezabgbfbfxh3gggs.southindia-01.azurewebsites.net/api/Group/GetScreenDetailsForLayout
--------------------------------------------------------------------------------
[Failed Hit #167] Hit ID: 689 | Status: 500 | Time: 45288ms | Error: Timeout 45000ms exceeded
  Target API URL: https://dev-ux-linux-ezabgbfbfxh3gggs.southindia-01.azurewebsites.net/api/Group/GetScreenDetailsForLayout
--------------------------------------------------------------------------------
[Failed Hit #168] Hit ID: 690 | Status: 500 | Time: 45287ms | Error: Timeout 45000ms exceeded
  Target API URL: https://dev-ux-linux-ezabgbfbfxh3gggs.southindia-01.azurewebsites.net/api/Group/GetScreenDetailsForLayout
--------------------------------------------------------------------------------
[Failed Hit #169] Hit ID: 691 | Status: 500 | Time: 45287ms | Error: Timeout 45000ms exceeded
  Target API URL: https://dev-ux-linux-ezabgbfbfxh3gggs.southindia-01.azurewebsites.net/api/Group/GetScreenDetailsForLayout
--------------------------------------------------------------------------------
[Failed Hit #170] Hit ID: 692 | Status: 500 | Time: 45286ms | Error: Timeout 45000ms exceeded
  Target API URL: https://dev-ux-linux-ezabgbfbfxh3gggs.southindia-01.azurewebsites.net/api/Group/GetScreenDetailsForLayout
--------------------------------------------------------------------------------
[Failed Hit #171] Hit ID: 693 | Status: 500 | Time: 45286ms | Error: Timeout 45000ms exceeded
  Target API URL: https://dev-ux-linux-ezabgbfbfxh3gggs.southindia-01.azurewebsites.net/api/Group/GetScreenDetailsForLayout
--------------------------------------------------------------------------------
[Failed Hit #172] Hit ID: 694 | Status: 500 | Time: 45286ms | Error: Timeout 45000ms exceeded
  Target API URL: https://dev-ux-linux-ezabgbfbfxh3gggs.southindia-01.azurewebsites.net/api/Group/GetScreenDetailsForLayout
--------------------------------------------------------------------------------
[Failed Hit #173] Hit ID: 695 | Status: 500 | Time: 45285ms | Error: Timeout 45000ms exceeded
  Target API URL: https://dev-ux-linux-ezabgbfbfxh3gggs.southindia-01.azurewebsites.net/api/Group/GetScreenDetailsForLayout
--------------------------------------------------------------------------------
[Failed Hit #174] Hit ID: 696 | Status: 500 | Time: 45284ms | Error: Timeout 45000ms exceeded
  Target API URL: https://dev-ux-linux-ezabgbfbfxh3gggs.southindia-01.azurewebsites.net/api/Group/GetScreenDetailsForLayout
--------------------------------------------------------------------------------
[Failed Hit #175] Hit ID: 697 | Status: 500 | Time: 45284ms | Error: Timeout 45000ms exceeded
  Target API URL: https://dev-ux-linux-ezabgbfbfxh3gggs.southindia-01.azurewebsites.net/api/Group/GetScreenDetailsForLayout
--------------------------------------------------------------------------------
[Failed Hit #176] Hit ID: 698 | Status: 500 | Time: 45283ms | Error: Timeout 45000ms exceeded
  Target API URL: https://dev-ux-linux-ezabgbfbfxh3gggs.southindia-01.azurewebsites.net/api/Group/GetScreenDetailsForLayout
--------------------------------------------------------------------------------
[Failed Hit #177] Hit ID: 699 | Status: 500 | Time: 45283ms | Error: Timeout 45000ms exceeded
  Target API URL: https://dev-ux-linux-ezabgbfbfxh3gggs.southindia-01.azurewebsites.net/api/Group/GetScreenDetailsForLayout
--------------------------------------------------------------------------------
[Failed Hit #178] Hit ID: 700 | Status: 500 | Time: 45283ms | Error: Timeout 45000ms exceeded
  Target API URL: https://dev-ux-linux-ezabgbfbfxh3gggs.southindia-01.azurewebsites.net/api/Group/GetScreenDetailsForLayout
--------------------------------------------------------------------------------
[Failed Hit #179] Hit ID: 701 | Status: 500 | Time: 45282ms | Error: Timeout 45000ms exceeded
  Target API URL: https://dev-ux-linux-ezabgbfbfxh3gggs.southindia-01.azurewebsites.net/api/Group/GetScreenDetailsForLayout
--------------------------------------------------------------------------------
[Failed Hit #180] Hit ID: 702 | Status: 500 | Time: 45283ms | Error: Timeout 45000ms exceeded
  Target API URL: https://dev-ux-linux-ezabgbfbfxh3gggs.southindia-01.azurewebsites.net/api/Group/GetScreenDetailsForLayout
--------------------------------------------------------------------------------
[Failed Hit #181] Hit ID: 703 | Status: 500 | Time: 45282ms | Error: Timeout 45000ms exceeded
  Target API URL: https://dev-ux-linux-ezabgbfbfxh3gggs.southindia-01.azurewebsites.net/api/Group/GetScreenDetailsForLayout
--------------------------------------------------------------------------------
[Failed Hit #182] Hit ID: 704 | Status: 500 | Time: 45282ms | Error: Timeout 45000ms exceeded
  Target API URL: https://dev-ux-linux-ezabgbfbfxh3gggs.southindia-01.azurewebsites.net/api/Group/GetScreenDetailsForLayout
--------------------------------------------------------------------------------
[Failed Hit #183] Hit ID: 705 | Status: 500 | Time: 45281ms | Error: Timeout 45000ms exceeded
  Target API URL: https://dev-ux-linux-ezabgbfbfxh3gggs.southindia-01.azurewebsites.net/api/Group/GetScreenDetailsForLayout
--------------------------------------------------------------------------------
[Failed Hit #184] Hit ID: 706 | Status: 500 | Time: 45281ms | Error: Timeout 45000ms exceeded
  Target API URL: https://dev-ux-linux-ezabgbfbfxh3gggs.southindia-01.azurewebsites.net/api/Group/GetScreenDetailsForLayout
--------------------------------------------------------------------------------
[Failed Hit #185] Hit ID: 707 | Status: 500 | Time: 45280ms | Error: Timeout 45000ms exceeded
  Target API URL: https://dev-ux-linux-ezabgbfbfxh3gggs.southindia-01.azurewebsites.net/api/Group/GetScreenDetailsForLayout
--------------------------------------------------------------------------------
[Failed Hit #186] Hit ID: 708 | Status: 500 | Time: 45280ms | Error: Timeout 45000ms exceeded
  Target API URL: https://dev-ux-linux-ezabgbfbfxh3gggs.southindia-01.azurewebsites.net/api/Group/GetScreenDetailsForLayout
--------------------------------------------------------------------------------
[Failed Hit #187] Hit ID: 709 | Status: 500 | Time: 45279ms | Error: Timeout 45000ms exceeded
  Target API URL: https://dev-ux-linux-ezabgbfbfxh3gggs.southindia-01.azurewebsites.net/api/Group/GetScreenDetailsForLayout
--------------------------------------------------------------------------------
[Failed Hit #188] Hit ID: 710 | Status: 500 | Time: 45280ms | Error: Timeout 45000ms exceeded
  Target API URL: https://dev-ux-linux-ezabgbfbfxh3gggs.southindia-01.azurewebsites.net/api/Group/GetScreenDetailsForLayout
--------------------------------------------------------------------------------
[Failed Hit #189] Hit ID: 711 | Status: 500 | Time: 45279ms | Error: Timeout 45000ms exceeded
  Target API URL: https://dev-ux-linux-ezabgbfbfxh3gggs.southindia-01.azurewebsites.net/api/Group/GetScreenDetailsForLayout
--------------------------------------------------------------------------------
[Failed Hit #190] Hit ID: 712 | Status: 500 | Time: 45279ms | Error: Timeout 45000ms exceeded
  Target API URL: https://dev-ux-linux-ezabgbfbfxh3gggs.southindia-01.azurewebsites.net/api/Group/GetScreenDetailsForLayout
--------------------------------------------------------------------------------
[Failed Hit #191] Hit ID: 713 | Status: 500 | Time: 45279ms | Error: Timeout 45000ms exceeded
  Target API URL: https://dev-ux-linux-ezabgbfbfxh3gggs.southindia-01.azurewebsites.net/api/Group/GetScreenDetailsForLayout
--------------------------------------------------------------------------------
[Failed Hit #192] Hit ID: 714 | Status: 500 | Time: 45278ms | Error: Timeout 45000ms exceeded
  Target API URL: https://dev-ux-linux-ezabgbfbfxh3gggs.southindia-01.azurewebsites.net/api/Group/GetScreenDetailsForLayout
--------------------------------------------------------------------------------
[Failed Hit #193] Hit ID: 715 | Status: 500 | Time: 45278ms | Error: Timeout 45000ms exceeded
  Target API URL: https://dev-ux-linux-ezabgbfbfxh3gggs.southindia-01.azurewebsites.net/api/Group/GetScreenDetailsForLayout
--------------------------------------------------------------------------------
[Failed Hit #194] Hit ID: 716 | Status: 500 | Time: 45277ms | Error: Timeout 45000ms exceeded
  Target API URL: https://dev-ux-linux-ezabgbfbfxh3gggs.southindia-01.azurewebsites.net/api/Group/GetScreenDetailsForLayout
--------------------------------------------------------------------------------
[Failed Hit #195] Hit ID: 717 | Status: 500 | Time: 45277ms | Error: Timeout 45000ms exceeded
  Target API URL: https://dev-ux-linux-ezabgbfbfxh3gggs.southindia-01.azurewebsites.net/api/Group/GetScreenDetailsForLayout
--------------------------------------------------------------------------------
[Failed Hit #196] Hit ID: 718 | Status: 500 | Time: 45277ms | Error: Timeout 45000ms exceeded
  Target API URL: https://dev-ux-linux-ezabgbfbfxh3gggs.southindia-01.azurewebsites.net/api/Group/GetScreenDetailsForLayout
--------------------------------------------------------------------------------
[Failed Hit #197] Hit ID: 719 | Status: 500 | Time: 45277ms | Error: Timeout 45000ms exceeded
  Target API URL: https://dev-ux-linux-ezabgbfbfxh3gggs.southindia-01.azurewebsites.net/api/Group/GetScreenDetailsForLayout
--------------------------------------------------------------------------------
[Failed Hit #198] Hit ID: 720 | Status: 500 | Time: 45276ms | Error: Timeout 45000ms exceeded
  Target API URL: https://dev-ux-linux-ezabgbfbfxh3gggs.southindia-01.azurewebsites.net/api/Group/GetScreenDetailsForLayout
--------------------------------------------------------------------------------
[Failed Hit #199] Hit ID: 721 | Status: 500 | Time: 45276ms | Error: Timeout 45000ms exceeded
  Target API URL: https://dev-ux-linux-ezabgbfbfxh3gggs.southindia-01.azurewebsites.net/api/Group/GetScreenDetailsForLayout
--------------------------------------------------------------------------------
[Failed Hit #200] Hit ID: 722 | Status: 500 | Time: 45275ms | Error: Timeout 45000ms exceeded
  Target API URL: https://dev-ux-linux-ezabgbfbfxh3gggs.southindia-01.azurewebsites.net/api/Group/GetScreenDetailsForLayout
--------------------------------------------------------------------------------
[Failed Hit #201] Hit ID: 723 | Status: 500 | Time: 45275ms | Error: Timeout 45000ms exceeded
  Target API URL: https://dev-ux-linux-ezabgbfbfxh3gggs.southindia-01.azurewebsites.net/api/Group/GetScreenDetailsForLayout
--------------------------------------------------------------------------------
[Failed Hit #202] Hit ID: 724 | Status: 500 | Time: 45274ms | Error: Timeout 45000ms exceeded
  Target API URL: https://dev-ux-linux-ezabgbfbfxh3gggs.southindia-01.azurewebsites.net/api/Group/GetScreenDetailsForLayout
--------------------------------------------------------------------------------
[Failed Hit #203] Hit ID: 725 | Status: 500 | Time: 45275ms | Error: Timeout 45000ms exceeded
  Target API URL: https://dev-ux-linux-ezabgbfbfxh3gggs.southindia-01.azurewebsites.net/api/Group/GetScreenDetailsForLayout
--------------------------------------------------------------------------------
[Failed Hit #204] Hit ID: 726 | Status: 500 | Time: 45275ms | Error: Timeout 45000ms exceeded
  Target API URL: https://dev-ux-linux-ezabgbfbfxh3gggs.southindia-01.azurewebsites.net/api/Group/GetScreenDetailsForLayout
--------------------------------------------------------------------------------
[Failed Hit #205] Hit ID: 727 | Status: 500 | Time: 45274ms | Error: Timeout 45000ms exceeded
  Target API URL: https://dev-ux-linux-ezabgbfbfxh3gggs.southindia-01.azurewebsites.net/api/Group/GetScreenDetailsForLayout
--------------------------------------------------------------------------------
[Failed Hit #206] Hit ID: 728 | Status: 500 | Time: 45274ms | Error: Timeout 45000ms exceeded
  Target API URL: https://dev-ux-linux-ezabgbfbfxh3gggs.southindia-01.azurewebsites.net/api/Group/GetScreenDetailsForLayout
--------------------------------------------------------------------------------
[Failed Hit #207] Hit ID: 729 | Status: 500 | Time: 45273ms | Error: Timeout 45000ms exceeded
  Target API URL: https://dev-ux-linux-ezabgbfbfxh3gggs.southindia-01.azurewebsites.net/api/Group/GetScreenDetailsForLayout
--------------------------------------------------------------------------------
[Failed Hit #208] Hit ID: 730 | Status: 500 | Time: 45274ms | Error: Timeout 45000ms exceeded
  Target API URL: https://dev-ux-linux-ezabgbfbfxh3gggs.southindia-01.azurewebsites.net/api/Group/GetScreenDetailsForLayout
--------------------------------------------------------------------------------
[Failed Hit #209] Hit ID: 731 | Status: 500 | Time: 45273ms | Error: Timeout 45000ms exceeded
  Target API URL: https://dev-ux-linux-ezabgbfbfxh3gggs.southindia-01.azurewebsites.net/api/Group/GetScreenDetailsForLayout
--------------------------------------------------------------------------------
[Failed Hit #210] Hit ID: 732 | Status: 500 | Time: 45273ms | Error: Timeout 45000ms exceeded
  Target API URL: https://dev-ux-linux-ezabgbfbfxh3gggs.southindia-01.azurewebsites.net/api/Group/GetScreenDetailsForLayout
--------------------------------------------------------------------------------
[Failed Hit #211] Hit ID: 733 | Status: 500 | Time: 45273ms | Error: Timeout 45000ms exceeded
  Target API URL: https://dev-ux-linux-ezabgbfbfxh3gggs.southindia-01.azurewebsites.net/api/Group/GetScreenDetailsForLayout
--------------------------------------------------------------------------------
[Failed Hit #212] Hit ID: 734 | Status: 500 | Time: 45271ms | Error: Timeout 45000ms exceeded
  Target API URL: https://dev-ux-linux-ezabgbfbfxh3gggs.southindia-01.azurewebsites.net/api/Group/GetScreenDetailsForLayout
--------------------------------------------------------------------------------
[Failed Hit #213] Hit ID: 735 | Status: 500 | Time: 45270ms | Error: Timeout 45000ms exceeded
  Target API URL: https://dev-ux-linux-ezabgbfbfxh3gggs.southindia-01.azurewebsites.net/api/Group/GetScreenDetailsForLayout
--------------------------------------------------------------------------------
[Failed Hit #214] Hit ID: 736 | Status: 500 | Time: 45270ms | Error: Timeout 45000ms exceeded
  Target API URL: https://dev-ux-linux-ezabgbfbfxh3gggs.southindia-01.azurewebsites.net/api/Group/GetScreenDetailsForLayout
--------------------------------------------------------------------------------
[Failed Hit #215] Hit ID: 737 | Status: 500 | Time: 45269ms | Error: Timeout 45000ms exceeded
  Target API URL: https://dev-ux-linux-ezabgbfbfxh3gggs.southindia-01.azurewebsites.net/api/Group/GetScreenDetailsForLayout
--------------------------------------------------------------------------------
[Failed Hit #216] Hit ID: 738 | Status: 500 | Time: 45269ms | Error: Timeout 45000ms exceeded
  Target API URL: https://dev-ux-linux-ezabgbfbfxh3gggs.southindia-01.azurewebsites.net/api/Group/GetScreenDetailsForLayout
--------------------------------------------------------------------------------
[Failed Hit #217] Hit ID: 739 | Status: 500 | Time: 45268ms | Error: Timeout 45000ms exceeded
  Target API URL: https://dev-ux-linux-ezabgbfbfxh3gggs.southindia-01.azurewebsites.net/api/Group/GetScreenDetailsForLayout
--------------------------------------------------------------------------------
[Failed Hit #218] Hit ID: 740 | Status: 500 | Time: 45269ms | Error: Timeout 45000ms exceeded
  Target API URL: https://dev-ux-linux-ezabgbfbfxh3gggs.southindia-01.azurewebsites.net/api/Group/GetScreenDetailsForLayout
--------------------------------------------------------------------------------
[Failed Hit #219] Hit ID: 741 | Status: 500 | Time: 45268ms | Error: Timeout 45000ms exceeded
  Target API URL: https://dev-ux-linux-ezabgbfbfxh3gggs.southindia-01.azurewebsites.net/api/Group/GetScreenDetailsForLayout
--------------------------------------------------------------------------------
[Failed Hit #220] Hit ID: 742 | Status: 500 | Time: 45268ms | Error: Timeout 45000ms exceeded
  Target API URL: https://dev-ux-linux-ezabgbfbfxh3gggs.southindia-01.azurewebsites.net/api/Group/GetScreenDetailsForLayout
--------------------------------------------------------------------------------
[Failed Hit #221] Hit ID: 743 | Status: 500 | Time: 45267ms | Error: Timeout 45000ms exceeded
  Target API URL: https://dev-ux-linux-ezabgbfbfxh3gggs.southindia-01.azurewebsites.net/api/Group/GetScreenDetailsForLayout
--------------------------------------------------------------------------------
[Failed Hit #222] Hit ID: 744 | Status: 500 | Time: 45267ms | Error: Timeout 45000ms exceeded
  Target API URL: https://dev-ux-linux-ezabgbfbfxh3gggs.southindia-01.azurewebsites.net/api/Group/GetScreenDetailsForLayout
--------------------------------------------------------------------------------
[Failed Hit #223] Hit ID: 745 | Status: 500 | Time: 45267ms | Error: Timeout 45000ms exceeded
  Target API URL: https://dev-ux-linux-ezabgbfbfxh3gggs.southindia-01.azurewebsites.net/api/Group/GetScreenDetailsForLayout
--------------------------------------------------------------------------------
[Failed Hit #224] Hit ID: 746 | Status: 500 | Time: 45266ms | Error: Timeout 45000ms exceeded
  Target API URL: https://dev-ux-linux-ezabgbfbfxh3gggs.southindia-01.azurewebsites.net/api/Group/GetScreenDetailsForLayout
--------------------------------------------------------------------------------
[Failed Hit #225] Hit ID: 747 | Status: 500 | Time: 45266ms | Error: Timeout 45000ms exceeded
  Target API URL: https://dev-ux-linux-ezabgbfbfxh3gggs.southindia-01.azurewebsites.net/api/Group/GetScreenDetailsForLayout
--------------------------------------------------------------------------------
[Failed Hit #226] Hit ID: 748 | Status: 500 | Time: 45266ms | Error: Timeout 45000ms exceeded
  Target API URL: https://dev-ux-linux-ezabgbfbfxh3gggs.southindia-01.azurewebsites.net/api/Group/GetScreenDetailsForLayout
--------------------------------------------------------------------------------
[Failed Hit #227] Hit ID: 749 | Status: 500 | Time: 45264ms | Error: Timeout 45000ms exceeded
  Target API URL: https://dev-ux-linux-ezabgbfbfxh3gggs.southindia-01.azurewebsites.net/api/Group/GetScreenDetailsForLayout
--------------------------------------------------------------------------------
[Failed Hit #228] Hit ID: 750 | Status: 500 | Time: 45263ms | Error: Timeout 45000ms exceeded
  Target API URL: https://dev-ux-linux-ezabgbfbfxh3gggs.southindia-01.azurewebsites.net/api/Group/GetScreenDetailsForLayout
--------------------------------------------------------------------------------
[Failed Hit #229] Hit ID: 751 | Status: 500 | Time: 45262ms | Error: Timeout 45000ms exceeded
  Target API URL: https://dev-ux-linux-ezabgbfbfxh3gggs.southindia-01.azurewebsites.net/api/Group/GetScreenDetailsForLayout
--------------------------------------------------------------------------------
[Failed Hit #230] Hit ID: 752 | Status: 500 | Time: 45262ms | Error: Timeout 45000ms exceeded
  Target API URL: https://dev-ux-linux-ezabgbfbfxh3gggs.southindia-01.azurewebsites.net/api/Group/GetScreenDetailsForLayout
--------------------------------------------------------------------------------
[Failed Hit #231] Hit ID: 753 | Status: 500 | Time: 45262ms | Error: Timeout 45000ms exceeded
  Target API URL: https://dev-ux-linux-ezabgbfbfxh3gggs.southindia-01.azurewebsites.net/api/Group/GetScreenDetailsForLayout
--------------------------------------------------------------------------------
[Failed Hit #232] Hit ID: 754 | Status: 500 | Time: 45261ms | Error: Timeout 45000ms exceeded
  Target API URL: https://dev-ux-linux-ezabgbfbfxh3gggs.southindia-01.azurewebsites.net/api/Group/GetScreenDetailsForLayout
--------------------------------------------------------------------------------
[Failed Hit #233] Hit ID: 755 | Status: 500 | Time: 45261ms | Error: Timeout 45000ms exceeded
  Target API URL: https://dev-ux-linux-ezabgbfbfxh3gggs.southindia-01.azurewebsites.net/api/Group/GetScreenDetailsForLayout
--------------------------------------------------------------------------------
[Failed Hit #234] Hit ID: 756 | Status: 500 | Time: 45261ms | Error: Timeout 45000ms exceeded
  Target API URL: https://dev-ux-linux-ezabgbfbfxh3gggs.southindia-01.azurewebsites.net/api/Group/GetScreenDetailsForLayout
--------------------------------------------------------------------------------
[Failed Hit #235] Hit ID: 757 | Status: 500 | Time: 45261ms | Error: Timeout 45000ms exceeded
  Target API URL: https://dev-ux-linux-ezabgbfbfxh3gggs.southindia-01.azurewebsites.net/api/Group/GetScreenDetailsForLayout
--------------------------------------------------------------------------------
[Failed Hit #236] Hit ID: 758 | Status: 500 | Time: 45260ms | Error: Timeout 45000ms exceeded
  Target API URL: https://dev-ux-linux-ezabgbfbfxh3gggs.southindia-01.azurewebsites.net/api/Group/GetScreenDetailsForLayout
--------------------------------------------------------------------------------
[Failed Hit #237] Hit ID: 759 | Status: 500 | Time: 45260ms | Error: Timeout 45000ms exceeded
  Target API URL: https://dev-ux-linux-ezabgbfbfxh3gggs.southindia-01.azurewebsites.net/api/Group/GetScreenDetailsForLayout
--------------------------------------------------------------------------------
[Failed Hit #238] Hit ID: 760 | Status: 500 | Time: 45259ms | Error: Timeout 45000ms exceeded
  Target API URL: https://dev-ux-linux-ezabgbfbfxh3gggs.southindia-01.azurewebsites.net/api/Group/GetScreenDetailsForLayout
--------------------------------------------------------------------------------
[Failed Hit #239] Hit ID: 761 | Status: 500 | Time: 45259ms | Error: Timeout 45000ms exceeded
  Target API URL: https://dev-ux-linux-ezabgbfbfxh3gggs.southindia-01.azurewebsites.net/api/Group/GetScreenDetailsForLayout
--------------------------------------------------------------------------------
[Failed Hit #240] Hit ID: 762 | Status: 500 | Time: 45259ms | Error: Timeout 45000ms exceeded
  Target API URL: https://dev-ux-linux-ezabgbfbfxh3gggs.southindia-01.azurewebsites.net/api/Group/GetScreenDetailsForLayout
--------------------------------------------------------------------------------
[Failed Hit #241] Hit ID: 763 | Status: 500 | Time: 45258ms | Error: Timeout 45000ms exceeded
  Target API URL: https://dev-ux-linux-ezabgbfbfxh3gggs.southindia-01.azurewebsites.net/api/Group/GetScreenDetailsForLayout
--------------------------------------------------------------------------------
[Failed Hit #242] Hit ID: 764 | Status: 500 | Time: 45259ms | Error: Timeout 45000ms exceeded
  Target API URL: https://dev-ux-linux-ezabgbfbfxh3gggs.southindia-01.azurewebsites.net/api/Group/GetScreenDetailsForLayout
--------------------------------------------------------------------------------
[Failed Hit #243] Hit ID: 765 | Status: 500 | Time: 45258ms | Error: Timeout 45000ms exceeded
  Target API URL: https://dev-ux-linux-ezabgbfbfxh3gggs.southindia-01.azurewebsites.net/api/Group/GetScreenDetailsForLayout
--------------------------------------------------------------------------------
[Failed Hit #244] Hit ID: 766 | Status: 500 | Time: 45258ms | Error: Timeout 45000ms exceeded
  Target API URL: https://dev-ux-linux-ezabgbfbfxh3gggs.southindia-01.azurewebsites.net/api/Group/GetScreenDetailsForLayout
--------------------------------------------------------------------------------
[Failed Hit #245] Hit ID: 767 | Status: 500 | Time: 45257ms | Error: Timeout 45000ms exceeded
  Target API URL: https://dev-ux-linux-ezabgbfbfxh3gggs.southindia-01.azurewebsites.net/api/Group/GetScreenDetailsForLayout
--------------------------------------------------------------------------------
[Failed Hit #246] Hit ID: 768 | Status: 500 | Time: 45257ms | Error: Timeout 45000ms exceeded
  Target API URL: https://dev-ux-linux-ezabgbfbfxh3gggs.southindia-01.azurewebsites.net/api/Group/GetScreenDetailsForLayout
--------------------------------------------------------------------------------
[Failed Hit #247] Hit ID: 769 | Status: 500 | Time: 45257ms | Error: Timeout 45000ms exceeded
  Target API URL: https://dev-ux-linux-ezabgbfbfxh3gggs.southindia-01.azurewebsites.net/api/Group/GetScreenDetailsForLayout
--------------------------------------------------------------------------------
[Failed Hit #248] Hit ID: 770 | Status: 500 | Time: 45256ms | Error: Timeout 45000ms exceeded
  Target API URL: https://dev-ux-linux-ezabgbfbfxh3gggs.southindia-01.azurewebsites.net/api/Group/GetScreenDetailsForLayout
--------------------------------------------------------------------------------
[Failed Hit #249] Hit ID: 771 | Status: 500 | Time: 45256ms | Error: Timeout 45000ms exceeded
  Target API URL: https://dev-ux-linux-ezabgbfbfxh3gggs.southindia-01.azurewebsites.net/api/Group/GetScreenDetailsForLayout
--------------------------------------------------------------------------------
[Failed Hit #250] Hit ID: 772 | Status: 500 | Time: 45255ms | Error: Timeout 45000ms exceeded
  Target API URL: https://dev-ux-linux-ezabgbfbfxh3gggs.southindia-01.azurewebsites.net/api/Group/GetScreenDetailsForLayout
--------------------------------------------------------------------------------
[Failed Hit #251] Hit ID: 773 | Status: 500 | Time: 45256ms | Error: Timeout 45000ms exceeded
  Target API URL: https://dev-ux-linux-ezabgbfbfxh3gggs.southindia-01.azurewebsites.net/api/Group/GetScreenDetailsForLayout
--------------------------------------------------------------------------------
[Failed Hit #252] Hit ID: 774 | Status: 500 | Time: 45254ms | Error: Timeout 45000ms exceeded
  Target API URL: https://dev-ux-linux-ezabgbfbfxh3gggs.southindia-01.azurewebsites.net/api/Group/GetScreenDetailsForLayout
--------------------------------------------------------------------------------
[Failed Hit #253] Hit ID: 775 | Status: 500 | Time: 45254ms | Error: Timeout 45000ms exceeded
  Target API URL: https://dev-ux-linux-ezabgbfbfxh3gggs.southindia-01.azurewebsites.net/api/Group/GetScreenDetailsForLayout
--------------------------------------------------------------------------------
[Failed Hit #254] Hit ID: 776 | Status: 500 | Time: 45253ms | Error: Timeout 45000ms exceeded
  Target API URL: https://dev-ux-linux-ezabgbfbfxh3gggs.southindia-01.azurewebsites.net/api/Group/GetScreenDetailsForLayout
--------------------------------------------------------------------------------
[Failed Hit #255] Hit ID: 777 | Status: 500 | Time: 45253ms | Error: Timeout 45000ms exceeded
  Target API URL: https://dev-ux-linux-ezabgbfbfxh3gggs.southindia-01.azurewebsites.net/api/Group/GetScreenDetailsForLayout
--------------------------------------------------------------------------------
[Failed Hit #256] Hit ID: 778 | Status: 500 | Time: 45252ms | Error: Timeout 45000ms exceeded
  Target API URL: https://dev-ux-linux-ezabgbfbfxh3gggs.southindia-01.azurewebsites.net/api/Group/GetScreenDetailsForLayout
--------------------------------------------------------------------------------
[Failed Hit #257] Hit ID: 779 | Status: 500 | Time: 45254ms | Error: Timeout 45000ms exceeded
  Target API URL: https://dev-ux-linux-ezabgbfbfxh3gggs.southindia-01.azurewebsites.net/api/Group/GetScreenDetailsForLayout
--------------------------------------------------------------------------------
[Failed Hit #258] Hit ID: 780 | Status: 500 | Time: 45253ms | Error: Timeout 45000ms exceeded
  Target API URL: https://dev-ux-linux-ezabgbfbfxh3gggs.southindia-01.azurewebsites.net/api/Group/GetScreenDetailsForLayout
--------------------------------------------------------------------------------
[Failed Hit #259] Hit ID: 781 | Status: 500 | Time: 45253ms | Error: Timeout 45000ms exceeded
  Target API URL: https://dev-ux-linux-ezabgbfbfxh3gggs.southindia-01.azurewebsites.net/api/Group/GetScreenDetailsForLayout
--------------------------------------------------------------------------------
[Failed Hit #260] Hit ID: 782 | Status: 500 | Time: 45252ms | Error: Timeout 45000ms exceeded
  Target API URL: https://dev-ux-linux-ezabgbfbfxh3gggs.southindia-01.azurewebsites.net/api/Group/GetScreenDetailsForLayout
--------------------------------------------------------------------------------
[Failed Hit #261] Hit ID: 783 | Status: 500 | Time: 45253ms | Error: Timeout 45000ms exceeded
  Target API URL: https://dev-ux-linux-ezabgbfbfxh3gggs.southindia-01.azurewebsites.net/api/Group/GetScreenDetailsForLayout
--------------------------------------------------------------------------------
[Failed Hit #262] Hit ID: 784 | Status: 500 | Time: 45253ms | Error: Timeout 45000ms exceeded
  Target API URL: https://dev-ux-linux-ezabgbfbfxh3gggs.southindia-01.azurewebsites.net/api/Group/GetScreenDetailsForLayout
--------------------------------------------------------------------------------
[Failed Hit #263] Hit ID: 785 | Status: 500 | Time: 45252ms | Error: Timeout 45000ms exceeded
  Target API URL: https://dev-ux-linux-ezabgbfbfxh3gggs.southindia-01.azurewebsites.net/api/Group/GetScreenDetailsForLayout
--------------------------------------------------------------------------------
[Failed Hit #264] Hit ID: 786 | Status: 500 | Time: 45252ms | Error: Timeout 45000ms exceeded
  Target API URL: https://dev-ux-linux-ezabgbfbfxh3gggs.southindia-01.azurewebsites.net/api/Group/GetScreenDetailsForLayout
--------------------------------------------------------------------------------
[Failed Hit #265] Hit ID: 787 | Status: 500 | Time: 45251ms | Error: Timeout 45000ms exceeded
  Target API URL: https://dev-ux-linux-ezabgbfbfxh3gggs.southindia-01.azurewebsites.net/api/Group/GetScreenDetailsForLayout
--------------------------------------------------------------------------------
[Failed Hit #266] Hit ID: 788 | Status: 500 | Time: 45251ms | Error: Timeout 45000ms exceeded
  Target API URL: https://dev-ux-linux-ezabgbfbfxh3gggs.southindia-01.azurewebsites.net/api/Group/GetScreenDetailsForLayout
--------------------------------------------------------------------------------
[Failed Hit #267] Hit ID: 789 | Status: 500 | Time: 45250ms | Error: Timeout 45000ms exceeded
  Target API URL: https://dev-ux-linux-ezabgbfbfxh3gggs.southindia-01.azurewebsites.net/api/Group/GetScreenDetailsForLayout
--------------------------------------------------------------------------------
[Failed Hit #268] Hit ID: 790 | Status: 500 | Time: 45250ms | Error: Timeout 45000ms exceeded
  Target API URL: https://dev-ux-linux-ezabgbfbfxh3gggs.southindia-01.azurewebsites.net/api/Group/GetScreenDetailsForLayout
--------------------------------------------------------------------------------
[Failed Hit #269] Hit ID: 791 | Status: 500 | Time: 45251ms | Error: Timeout 45000ms exceeded
  Target API URL: https://dev-ux-linux-ezabgbfbfxh3gggs.southindia-01.azurewebsites.net/api/Group/GetScreenDetailsForLayout
--------------------------------------------------------------------------------
[Failed Hit #270] Hit ID: 792 | Status: 500 | Time: 45250ms | Error: Timeout 45000ms exceeded
  Target API URL: https://dev-ux-linux-ezabgbfbfxh3gggs.southindia-01.azurewebsites.net/api/Group/GetScreenDetailsForLayout
--------------------------------------------------------------------------------
[Failed Hit #271] Hit ID: 793 | Status: 500 | Time: 45250ms | Error: Timeout 45000ms exceeded
  Target API URL: https://dev-ux-linux-ezabgbfbfxh3gggs.southindia-01.azurewebsites.net/api/Group/GetScreenDetailsForLayout
--------------------------------------------------------------------------------
[Failed Hit #272] Hit ID: 794 | Status: 500 | Time: 45249ms | Error: Timeout 45000ms exceeded
  Target API URL: https://dev-ux-linux-ezabgbfbfxh3gggs.southindia-01.azurewebsites.net/api/Group/GetScreenDetailsForLayout
--------------------------------------------------------------------------------
[Failed Hit #273] Hit ID: 795 | Status: 500 | Time: 45249ms | Error: Timeout 45000ms exceeded
  Target API URL: https://dev-ux-linux-ezabgbfbfxh3gggs.southindia-01.azurewebsites.net/api/Group/GetScreenDetailsForLayout
--------------------------------------------------------------------------------
[Failed Hit #274] Hit ID: 796 | Status: 500 | Time: 45248ms | Error: Timeout 45000ms exceeded
  Target API URL: https://dev-ux-linux-ezabgbfbfxh3gggs.southindia-01.azurewebsites.net/api/Group/GetScreenDetailsForLayout
--------------------------------------------------------------------------------
[Failed Hit #275] Hit ID: 797 | Status: 500 | Time: 45248ms | Error: Timeout 45000ms exceeded
  Target API URL: https://dev-ux-linux-ezabgbfbfxh3gggs.southindia-01.azurewebsites.net/api/Group/GetScreenDetailsForLayout
--------------------------------------------------------------------------------
[Failed Hit #276] Hit ID: 798 | Status: 500 | Time: 45247ms | Error: Timeout 45000ms exceeded
  Target API URL: https://dev-ux-linux-ezabgbfbfxh3gggs.southindia-01.azurewebsites.net/api/Group/GetScreenDetailsForLayout
--------------------------------------------------------------------------------
[Failed Hit #277] Hit ID: 799 | Status: 500 | Time: 45248ms | Error: Timeout 45000ms exceeded
  Target API URL: https://dev-ux-linux-ezabgbfbfxh3gggs.southindia-01.azurewebsites.net/api/Group/GetScreenDetailsForLayout
--------------------------------------------------------------------------------
[Failed Hit #278] Hit ID: 800 | Status: 500 | Time: 45248ms | Error: Timeout 45000ms exceeded
  Target API URL: https://dev-ux-linux-ezabgbfbfxh3gggs.southindia-01.azurewebsites.net/api/Group/GetScreenDetailsForLayout
--------------------------------------------------------------------------------
[Failed Hit #279] Hit ID: 801 | Status: 500 | Time: 45247ms | Error: Timeout 45000ms exceeded
  Target API URL: https://dev-ux-linux-ezabgbfbfxh3gggs.southindia-01.azurewebsites.net/api/Group/GetScreenDetailsForLayout
--------------------------------------------------------------------------------
[Failed Hit #280] Hit ID: 802 | Status: 500 | Time: 45247ms | Error: Timeout 45000ms exceeded
  Target API URL: https://dev-ux-linux-ezabgbfbfxh3gggs.southindia-01.azurewebsites.net/api/Group/GetScreenDetailsForLayout
--------------------------------------------------------------------------------
[Failed Hit #281] Hit ID: 803 | Status: 500 | Time: 45246ms | Error: Timeout 45000ms exceeded
  Target API URL: https://dev-ux-linux-ezabgbfbfxh3gggs.southindia-01.azurewebsites.net/api/Group/GetScreenDetailsForLayout
--------------------------------------------------------------------------------
[Failed Hit #282] Hit ID: 804 | Status: 500 | Time: 45246ms | Error: Timeout 45000ms exceeded
  Target API URL: https://dev-ux-linux-ezabgbfbfxh3gggs.southindia-01.azurewebsites.net/api/Group/GetScreenDetailsForLayout
--------------------------------------------------------------------------------
[Failed Hit #283] Hit ID: 805 | Status: 500 | Time: 45245ms | Error: Timeout 45000ms exceeded
  Target API URL: https://dev-ux-linux-ezabgbfbfxh3gggs.southindia-01.azurewebsites.net/api/Group/GetScreenDetailsForLayout
--------------------------------------------------------------------------------
[Failed Hit #284] Hit ID: 806 | Status: 500 | Time: 45245ms | Error: Timeout 45000ms exceeded
  Target API URL: https://dev-ux-linux-ezabgbfbfxh3gggs.southindia-01.azurewebsites.net/api/Group/GetScreenDetailsForLayout
--------------------------------------------------------------------------------
[Failed Hit #285] Hit ID: 807 | Status: 500 | Time: 45244ms | Error: Timeout 45000ms exceeded
  Target API URL: https://dev-ux-linux-ezabgbfbfxh3gggs.southindia-01.azurewebsites.net/api/Group/GetScreenDetailsForLayout
--------------------------------------------------------------------------------
[Failed Hit #286] Hit ID: 808 | Status: 500 | Time: 45245ms | Error: Timeout 45000ms exceeded
  Target API URL: https://dev-ux-linux-ezabgbfbfxh3gggs.southindia-01.azurewebsites.net/api/Group/GetScreenDetailsForLayout
--------------------------------------------------------------------------------
[Failed Hit #287] Hit ID: 809 | Status: 500 | Time: 45245ms | Error: Timeout 45000ms exceeded
  Target API URL: https://dev-ux-linux-ezabgbfbfxh3gggs.southindia-01.azurewebsites.net/api/Group/GetScreenDetailsForLayout
--------------------------------------------------------------------------------
[Failed Hit #288] Hit ID: 810 | Status: 500 | Time: 45244ms | Error: Timeout 45000ms exceeded
  Target API URL: https://dev-ux-linux-ezabgbfbfxh3gggs.southindia-01.azurewebsites.net/api/Group/GetScreenDetailsForLayout
--------------------------------------------------------------------------------
[Failed Hit #289] Hit ID: 811 | Status: 500 | Time: 45291ms | Error: Timeout 45000ms exceeded
  Target API URL: https://dev-ux-linux-ezabgbfbfxh3gggs.southindia-01.azurewebsites.net/api/Group/GetScreenDetailsForLayout
--------------------------------------------------------------------------------
[Failed Hit #290] Hit ID: 812 | Status: 500 | Time: 45290ms | Error: Timeout 45000ms exceeded
  Target API URL: https://dev-ux-linux-ezabgbfbfxh3gggs.southindia-01.azurewebsites.net/api/Group/GetScreenDetailsForLayout
--------------------------------------------------------------------------------
[Failed Hit #291] Hit ID: 813 | Status: 500 | Time: 45291ms | Error: Timeout 45000ms exceeded
  Target API URL: https://dev-ux-linux-ezabgbfbfxh3gggs.southindia-01.azurewebsites.net/api/Group/GetScreenDetailsForLayout
--------------------------------------------------------------------------------
[Failed Hit #292] Hit ID: 814 | Status: 500 | Time: 45289ms | Error: Timeout 45000ms exceeded
  Target API URL: https://dev-ux-linux-ezabgbfbfxh3gggs.southindia-01.azurewebsites.net/api/Group/GetScreenDetailsForLayout
--------------------------------------------------------------------------------
[Failed Hit #293] Hit ID: 815 | Status: 500 | Time: 45289ms | Error: Timeout 45000ms exceeded
  Target API URL: https://dev-ux-linux-ezabgbfbfxh3gggs.southindia-01.azurewebsites.net/api/Group/GetScreenDetailsForLayout
--------------------------------------------------------------------------------
[Failed Hit #294] Hit ID: 816 | Status: 500 | Time: 45288ms | Error: Timeout 45000ms exceeded
  Target API URL: https://dev-ux-linux-ezabgbfbfxh3gggs.southindia-01.azurewebsites.net/api/Group/GetScreenDetailsForLayout
--------------------------------------------------------------------------------
[Failed Hit #295] Hit ID: 817 | Status: 500 | Time: 45288ms | Error: Timeout 45000ms exceeded
  Target API URL: https://dev-ux-linux-ezabgbfbfxh3gggs.southindia-01.azurewebsites.net/api/Group/GetScreenDetailsForLayout
--------------------------------------------------------------------------------
[Failed Hit #296] Hit ID: 818 | Status: 500 | Time: 45288ms | Error: Timeout 45000ms exceeded
  Target API URL: https://dev-ux-linux-ezabgbfbfxh3gggs.southindia-01.azurewebsites.net/api/Group/GetScreenDetailsForLayout
--------------------------------------------------------------------------------
[Failed Hit #297] Hit ID: 819 | Status: 500 | Time: 45288ms | Error: Timeout 45000ms exceeded
  Target API URL: https://dev-ux-linux-ezabgbfbfxh3gggs.southindia-01.azurewebsites.net/api/Group/GetScreenDetailsForLayout
--------------------------------------------------------------------------------
[Failed Hit #298] Hit ID: 820 | Status: 500 | Time: 45287ms | Error: Timeout 45000ms exceeded
  Target API URL: https://dev-ux-linux-ezabgbfbfxh3gggs.southindia-01.azurewebsites.net/api/Group/GetScreenDetailsForLayout
--------------------------------------------------------------------------------
[Failed Hit #299] Hit ID: 821 | Status: 500 | Time: 45287ms | Error: Timeout 45000ms exceeded
  Target API URL: https://dev-ux-linux-ezabgbfbfxh3gggs.southindia-01.azurewebsites.net/api/Group/GetScreenDetailsForLayout
--------------------------------------------------------------------------------
[Failed Hit #300] Hit ID: 822 | Status: 500 | Time: 45286ms | Error: Timeout 45000ms exceeded
  Target API URL: https://dev-ux-linux-ezabgbfbfxh3gggs.southindia-01.azurewebsites.net/api/Group/GetScreenDetailsForLayout
--------------------------------------------------------------------------------
[Failed Hit #301] Hit ID: 823 | Status: 500 | Time: 45287ms | Error: Timeout 45000ms exceeded
  Target API URL: https://dev-ux-linux-ezabgbfbfxh3gggs.southindia-01.azurewebsites.net/api/Group/GetScreenDetailsForLayout
--------------------------------------------------------------------------------
[Failed Hit #302] Hit ID: 824 | Status: 500 | Time: 45287ms | Error: Timeout 45000ms exceeded
  Target API URL: https://dev-ux-linux-ezabgbfbfxh3gggs.southindia-01.azurewebsites.net/api/Group/GetScreenDetailsForLayout
--------------------------------------------------------------------------------
[Failed Hit #303] Hit ID: 825 | Status: 500 | Time: 45286ms | Error: Timeout 45000ms exceeded
  Target API URL: https://dev-ux-linux-ezabgbfbfxh3gggs.southindia-01.azurewebsites.net/api/Group/GetScreenDetailsForLayout
--------------------------------------------------------------------------------
[Failed Hit #304] Hit ID: 826 | Status: 500 | Time: 45286ms | Error: Timeout 45000ms exceeded
  Target API URL: https://dev-ux-linux-ezabgbfbfxh3gggs.southindia-01.azurewebsites.net/api/Group/GetScreenDetailsForLayout
--------------------------------------------------------------------------------
[Failed Hit #305] Hit ID: 827 | Status: 500 | Time: 45285ms | Error: Timeout 45000ms exceeded
  Target API URL: https://dev-ux-linux-ezabgbfbfxh3gggs.southindia-01.azurewebsites.net/api/Group/GetScreenDetailsForLayout
--------------------------------------------------------------------------------
[Failed Hit #306] Hit ID: 828 | Status: 500 | Time: 45286ms | Error: Timeout 45000ms exceeded
  Target API URL: https://dev-ux-linux-ezabgbfbfxh3gggs.southindia-01.azurewebsites.net/api/Group/GetScreenDetailsForLayout
--------------------------------------------------------------------------------
[Failed Hit #307] Hit ID: 829 | Status: 500 | Time: 45285ms | Error: Timeout 45000ms exceeded
  Target API URL: https://dev-ux-linux-ezabgbfbfxh3gggs.southindia-01.azurewebsites.net/api/Group/GetScreenDetailsForLayout
--------------------------------------------------------------------------------
[Failed Hit #308] Hit ID: 830 | Status: 500 | Time: 45285ms | Error: Timeout 45000ms exceeded
  Target API URL: https://dev-ux-linux-ezabgbfbfxh3gggs.southindia-01.azurewebsites.net/api/Group/GetScreenDetailsForLayout
--------------------------------------------------------------------------------
[Failed Hit #309] Hit ID: 831 | Status: 500 | Time: 45284ms | Error: Timeout 45000ms exceeded
  Target API URL: https://dev-ux-linux-ezabgbfbfxh3gggs.southindia-01.azurewebsites.net/api/Group/GetScreenDetailsForLayout
--------------------------------------------------------------------------------
[Failed Hit #310] Hit ID: 832 | Status: 500 | Time: 45284ms | Error: Timeout 45000ms exceeded
  Target API URL: https://dev-ux-linux-ezabgbfbfxh3gggs.southindia-01.azurewebsites.net/api/Group/GetScreenDetailsForLayout
--------------------------------------------------------------------------------
[Failed Hit #311] Hit ID: 833 | Status: 500 | Time: 45284ms | Error: Timeout 45000ms exceeded
  Target API URL: https://dev-ux-linux-ezabgbfbfxh3gggs.southindia-01.azurewebsites.net/api/Group/GetScreenDetailsForLayout
--------------------------------------------------------------------------------
[Failed Hit #312] Hit ID: 834 | Status: 500 | Time: 45283ms | Error: Timeout 45000ms exceeded
  Target API URL: https://dev-ux-linux-ezabgbfbfxh3gggs.southindia-01.azurewebsites.net/api/Group/GetScreenDetailsForLayout
--------------------------------------------------------------------------------
[Failed Hit #313] Hit ID: 835 | Status: 500 | Time: 45284ms | Error: Timeout 45000ms exceeded
  Target API URL: https://dev-ux-linux-ezabgbfbfxh3gggs.southindia-01.azurewebsites.net/api/Group/GetScreenDetailsForLayout
--------------------------------------------------------------------------------
[Failed Hit #314] Hit ID: 836 | Status: 500 | Time: 45283ms | Error: Timeout 45000ms exceeded
  Target API URL: https://dev-ux-linux-ezabgbfbfxh3gggs.southindia-01.azurewebsites.net/api/Group/GetScreenDetailsForLayout
--------------------------------------------------------------------------------
[Failed Hit #315] Hit ID: 837 | Status: 500 | Time: 45283ms | Error: Timeout 45000ms exceeded
  Target API URL: https://dev-ux-linux-ezabgbfbfxh3gggs.southindia-01.azurewebsites.net/api/Group/GetScreenDetailsForLayout
--------------------------------------------------------------------------------
[Failed Hit #316] Hit ID: 838 | Status: 500 | Time: 45282ms | Error: Timeout 45000ms exceeded
  Target API URL: https://dev-ux-linux-ezabgbfbfxh3gggs.southindia-01.azurewebsites.net/api/Group/GetScreenDetailsForLayout
--------------------------------------------------------------------------------
[Failed Hit #317] Hit ID: 839 | Status: 500 | Time: 45282ms | Error: Timeout 45000ms exceeded
  Target API URL: https://dev-ux-linux-ezabgbfbfxh3gggs.southindia-01.azurewebsites.net/api/Group/GetScreenDetailsForLayout
--------------------------------------------------------------------------------
[Failed Hit #318] Hit ID: 840 | Status: 500 | Time: 45282ms | Error: Timeout 45000ms exceeded
  Target API URL: https://dev-ux-linux-ezabgbfbfxh3gggs.southindia-01.azurewebsites.net/api/Group/GetScreenDetailsForLayout
--------------------------------------------------------------------------------
[Failed Hit #319] Hit ID: 841 | Status: 500 | Time: 45281ms | Error: Timeout 45000ms exceeded
  Target API URL: https://dev-ux-linux-ezabgbfbfxh3gggs.southindia-01.azurewebsites.net/api/Group/GetScreenDetailsForLayout
--------------------------------------------------------------------------------
[Failed Hit #320] Hit ID: 842 | Status: 500 | Time: 45282ms | Error: Timeout 45000ms exceeded
  Target API URL: https://dev-ux-linux-ezabgbfbfxh3gggs.southindia-01.azurewebsites.net/api/Group/GetScreenDetailsForLayout
--------------------------------------------------------------------------------
[Failed Hit #321] Hit ID: 843 | Status: 500 | Time: 45281ms | Error: Timeout 45000ms exceeded
  Target API URL: https://dev-ux-linux-ezabgbfbfxh3gggs.southindia-01.azurewebsites.net/api/Group/GetScreenDetailsForLayout
--------------------------------------------------------------------------------
[Failed Hit #322] Hit ID: 844 | Status: 500 | Time: 45281ms | Error: Timeout 45000ms exceeded
  Target API URL: https://dev-ux-linux-ezabgbfbfxh3gggs.southindia-01.azurewebsites.net/api/Group/GetScreenDetailsForLayout
--------------------------------------------------------------------------------
[Failed Hit #323] Hit ID: 845 | Status: 500 | Time: 45280ms | Error: Timeout 45000ms exceeded
  Target API URL: https://dev-ux-linux-ezabgbfbfxh3gggs.southindia-01.azurewebsites.net/api/Group/GetScreenDetailsForLayout
--------------------------------------------------------------------------------
[Failed Hit #324] Hit ID: 846 | Status: 500 | Time: 45280ms | Error: Timeout 45000ms exceeded
  Target API URL: https://dev-ux-linux-ezabgbfbfxh3gggs.southindia-01.azurewebsites.net/api/Group/GetScreenDetailsForLayout
--------------------------------------------------------------------------------
[Failed Hit #325] Hit ID: 847 | Status: 500 | Time: 45279ms | Error: Timeout 45000ms exceeded
  Target API URL: https://dev-ux-linux-ezabgbfbfxh3gggs.southindia-01.azurewebsites.net/api/Group/GetScreenDetailsForLayout
--------------------------------------------------------------------------------
[Failed Hit #326] Hit ID: 848 | Status: 500 | Time: 45279ms | Error: Timeout 45000ms exceeded
  Target API URL: https://dev-ux-linux-ezabgbfbfxh3gggs.southindia-01.azurewebsites.net/api/Group/GetScreenDetailsForLayout
--------------------------------------------------------------------------------
[Failed Hit #327] Hit ID: 849 | Status: 500 | Time: 45280ms | Error: Timeout 45000ms exceeded
  Target API URL: https://dev-ux-linux-ezabgbfbfxh3gggs.southindia-01.azurewebsites.net/api/Group/GetScreenDetailsForLayout
--------------------------------------------------------------------------------
[Failed Hit #328] Hit ID: 850 | Status: 500 | Time: 45279ms | Error: Timeout 45000ms exceeded
  Target API URL: https://dev-ux-linux-ezabgbfbfxh3gggs.southindia-01.azurewebsites.net/api/Group/GetScreenDetailsForLayout
--------------------------------------------------------------------------------
[Failed Hit #329] Hit ID: 851 | Status: 500 | Time: 45279ms | Error: Timeout 45000ms exceeded
  Target API URL: https://dev-ux-linux-ezabgbfbfxh3gggs.southindia-01.azurewebsites.net/api/Group/GetScreenDetailsForLayout
--------------------------------------------------------------------------------
[Failed Hit #330] Hit ID: 852 | Status: 500 | Time: 45278ms | Error: Timeout 45000ms exceeded
  Target API URL: https://dev-ux-linux-ezabgbfbfxh3gggs.southindia-01.azurewebsites.net/api/Group/GetScreenDetailsForLayout
--------------------------------------------------------------------------------
[Failed Hit #331] Hit ID: 853 | Status: 500 | Time: 45278ms | Error: Timeout 45000ms exceeded
  Target API URL: https://dev-ux-linux-ezabgbfbfxh3gggs.southindia-01.azurewebsites.net/api/Group/GetScreenDetailsForLayout
--------------------------------------------------------------------------------
[Failed Hit #332] Hit ID: 854 | Status: 500 | Time: 45276ms | Error: Timeout 45000ms exceeded
  Target API URL: https://dev-ux-linux-ezabgbfbfxh3gggs.southindia-01.azurewebsites.net/api/Group/GetScreenDetailsForLayout
--------------------------------------------------------------------------------
[Failed Hit #333] Hit ID: 855 | Status: 500 | Time: 45276ms | Error: Timeout 45000ms exceeded
  Target API URL: https://dev-ux-linux-ezabgbfbfxh3gggs.southindia-01.azurewebsites.net/api/Group/GetScreenDetailsForLayout
--------------------------------------------------------------------------------
[Failed Hit #334] Hit ID: 856 | Status: 500 | Time: 45276ms | Error: Timeout 45000ms exceeded
  Target API URL: https://dev-ux-linux-ezabgbfbfxh3gggs.southindia-01.azurewebsites.net/api/Group/GetScreenDetailsForLayout
--------------------------------------------------------------------------------
[Failed Hit #335] Hit ID: 857 | Status: 500 | Time: 45276ms | Error: Timeout 45000ms exceeded
  Target API URL: https://dev-ux-linux-ezabgbfbfxh3gggs.southindia-01.azurewebsites.net/api/Group/GetScreenDetailsForLayout
--------------------------------------------------------------------------------
[Failed Hit #336] Hit ID: 858 | Status: 500 | Time: 45275ms | Error: Timeout 45000ms exceeded
  Target API URL: https://dev-ux-linux-ezabgbfbfxh3gggs.southindia-01.azurewebsites.net/api/Group/GetScreenDetailsForLayout
--------------------------------------------------------------------------------
[Failed Hit #337] Hit ID: 859 | Status: 500 | Time: 45276ms | Error: Timeout 45000ms exceeded
  Target API URL: https://dev-ux-linux-ezabgbfbfxh3gggs.southindia-01.azurewebsites.net/api/Group/GetScreenDetailsForLayout
--------------------------------------------------------------------------------
[Failed Hit #338] Hit ID: 860 | Status: 500 | Time: 45275ms | Error: Timeout 45000ms exceeded
  Target API URL: https://dev-ux-linux-ezabgbfbfxh3gggs.southindia-01.azurewebsites.net/api/Group/GetScreenDetailsForLayout
--------------------------------------------------------------------------------
[Failed Hit #339] Hit ID: 861 | Status: 500 | Time: 45275ms | Error: Timeout 45000ms exceeded
  Target API URL: https://dev-ux-linux-ezabgbfbfxh3gggs.southindia-01.azurewebsites.net/api/Group/GetScreenDetailsForLayout
--------------------------------------------------------------------------------
[Failed Hit #340] Hit ID: 862 | Status: 500 | Time: 45274ms | Error: Timeout 45000ms exceeded
  Target API URL: https://dev-ux-linux-ezabgbfbfxh3gggs.southindia-01.azurewebsites.net/api/Group/GetScreenDetailsForLayout
--------------------------------------------------------------------------------
[Failed Hit #341] Hit ID: 863 | Status: 500 | Time: 45274ms | Error: Timeout 45000ms exceeded
  Target API URL: https://dev-ux-linux-ezabgbfbfxh3gggs.southindia-01.azurewebsites.net/api/Group/GetScreenDetailsForLayout
--------------------------------------------------------------------------------
[Failed Hit #342] Hit ID: 864 | Status: 500 | Time: 45275ms | Error: Timeout 45000ms exceeded
  Target API URL: https://dev-ux-linux-ezabgbfbfxh3gggs.southindia-01.azurewebsites.net/api/Group/GetScreenDetailsForLayout
--------------------------------------------------------------------------------
[Failed Hit #343] Hit ID: 865 | Status: 500 | Time: 45274ms | Error: Timeout 45000ms exceeded
  Target API URL: https://dev-ux-linux-ezabgbfbfxh3gggs.southindia-01.azurewebsites.net/api/Group/GetScreenDetailsForLayout
--------------------------------------------------------------------------------
[Failed Hit #344] Hit ID: 866 | Status: 500 | Time: 45274ms | Error: Timeout 45000ms exceeded
  Target API URL: https://dev-ux-linux-ezabgbfbfxh3gggs.southindia-01.azurewebsites.net/api/Group/GetScreenDetailsForLayout
--------------------------------------------------------------------------------
[Failed Hit #345] Hit ID: 867 | Status: 500 | Time: 45273ms | Error: Timeout 45000ms exceeded
  Target API URL: https://dev-ux-linux-ezabgbfbfxh3gggs.southindia-01.azurewebsites.net/api/Group/GetScreenDetailsForLayout
--------------------------------------------------------------------------------
[Failed Hit #346] Hit ID: 868 | Status: 500 | Time: 45274ms | Error: Timeout 45000ms exceeded
  Target API URL: https://dev-ux-linux-ezabgbfbfxh3gggs.southindia-01.azurewebsites.net/api/Group/GetScreenDetailsForLayout
--------------------------------------------------------------------------------
[Failed Hit #347] Hit ID: 869 | Status: 500 | Time: 45273ms | Error: Timeout 45000ms exceeded
  Target API URL: https://dev-ux-linux-ezabgbfbfxh3gggs.southindia-01.azurewebsites.net/api/Group/GetScreenDetailsForLayout
--------------------------------------------------------------------------------
[Failed Hit #348] Hit ID: 870 | Status: 500 | Time: 45273ms | Error: Timeout 45000ms exceeded
  Target API URL: https://dev-ux-linux-ezabgbfbfxh3gggs.southindia-01.azurewebsites.net/api/Group/GetScreenDetailsForLayout
--------------------------------------------------------------------------------
[Failed Hit #349] Hit ID: 871 | Status: 500 | Time: 45272ms | Error: Timeout 45000ms exceeded
  Target API URL: https://dev-ux-linux-ezabgbfbfxh3gggs.southindia-01.azurewebsites.net/api/Group/GetScreenDetailsForLayout
--------------------------------------------------------------------------------
[Failed Hit #350] Hit ID: 872 | Status: 500 | Time: 45272ms | Error: Timeout 45000ms exceeded
  Target API URL: https://dev-ux-linux-ezabgbfbfxh3gggs.southindia-01.azurewebsites.net/api/Group/GetScreenDetailsForLayout
--------------------------------------------------------------------------------
[Failed Hit #351] Hit ID: 873 | Status: 500 | Time: 45273ms | Error: Timeout 45000ms exceeded
  Target API URL: https://dev-ux-linux-ezabgbfbfxh3gggs.southindia-01.azurewebsites.net/api/Group/GetScreenDetailsForLayout
--------------------------------------------------------------------------------
[Failed Hit #352] Hit ID: 874 | Status: 500 | Time: 45272ms | Error: Timeout 45000ms exceeded
  Target API URL: https://dev-ux-linux-ezabgbfbfxh3gggs.southindia-01.azurewebsites.net/api/Group/GetScreenDetailsForLayout
--------------------------------------------------------------------------------
[Failed Hit #353] Hit ID: 875 | Status: 500 | Time: 45272ms | Error: Timeout 45000ms exceeded
  Target API URL: https://dev-ux-linux-ezabgbfbfxh3gggs.southindia-01.azurewebsites.net/api/Group/GetScreenDetailsForLayout
--------------------------------------------------------------------------------
[Failed Hit #354] Hit ID: 876 | Status: 500 | Time: 45271ms | Error: Timeout 45000ms exceeded
  Target API URL: https://dev-ux-linux-ezabgbfbfxh3gggs.southindia-01.azurewebsites.net/api/Group/GetScreenDetailsForLayout
--------------------------------------------------------------------------------
[Failed Hit #355] Hit ID: 877 | Status: 500 | Time: 45271ms | Error: Timeout 45000ms exceeded
  Target API URL: https://dev-ux-linux-ezabgbfbfxh3gggs.southindia-01.azurewebsites.net/api/Group/GetScreenDetailsForLayout
--------------------------------------------------------------------------------
[Failed Hit #356] Hit ID: 878 | Status: 500 | Time: 45271ms | Error: Timeout 45000ms exceeded
  Target API URL: https://dev-ux-linux-ezabgbfbfxh3gggs.southindia-01.azurewebsites.net/api/Group/GetScreenDetailsForLayout
--------------------------------------------------------------------------------
[Failed Hit #357] Hit ID: 879 | Status: 500 | Time: 45271ms | Error: Timeout 45000ms exceeded
  Target API URL: https://dev-ux-linux-ezabgbfbfxh3gggs.southindia-01.azurewebsites.net/api/Group/GetScreenDetailsForLayout
--------------------------------------------------------------------------------
[Failed Hit #358] Hit ID: 880 | Status: 500 | Time: 45270ms | Error: Timeout 45000ms exceeded
  Target API URL: https://dev-ux-linux-ezabgbfbfxh3gggs.southindia-01.azurewebsites.net/api/Group/GetScreenDetailsForLayout
--------------------------------------------------------------------------------
[Failed Hit #359] Hit ID: 881 | Status: 500 | Time: 45270ms | Error: Timeout 45000ms exceeded
  Target API URL: https://dev-ux-linux-ezabgbfbfxh3gggs.southindia-01.azurewebsites.net/api/Group/GetScreenDetailsForLayout
--------------------------------------------------------------------------------
[Failed Hit #360] Hit ID: 882 | Status: 500 | Time: 45270ms | Error: Timeout 45000ms exceeded
  Target API URL: https://dev-ux-linux-ezabgbfbfxh3gggs.southindia-01.azurewebsites.net/api/Group/GetScreenDetailsForLayout
--------------------------------------------------------------------------------
[Failed Hit #361] Hit ID: 883 | Status: 500 | Time: 45270ms | Error: Timeout 45000ms exceeded
  Target API URL: https://dev-ux-linux-ezabgbfbfxh3gggs.southindia-01.azurewebsites.net/api/Group/GetScreenDetailsForLayout
--------------------------------------------------------------------------------
[Failed Hit #362] Hit ID: 884 | Status: 500 | Time: 45270ms | Error: Timeout 45000ms exceeded
  Target API URL: https://dev-ux-linux-ezabgbfbfxh3gggs.southindia-01.azurewebsites.net/api/Group/GetScreenDetailsForLayout
--------------------------------------------------------------------------------
[Failed Hit #363] Hit ID: 885 | Status: 500 | Time: 45269ms | Error: Timeout 45000ms exceeded
  Target API URL: https://dev-ux-linux-ezabgbfbfxh3gggs.southindia-01.azurewebsites.net/api/Group/GetScreenDetailsForLayout
--------------------------------------------------------------------------------
[Failed Hit #364] Hit ID: 886 | Status: 500 | Time: 45269ms | Error: Timeout 45000ms exceeded
  Target API URL: https://dev-ux-linux-ezabgbfbfxh3gggs.southindia-01.azurewebsites.net/api/Group/GetScreenDetailsForLayout
--------------------------------------------------------------------------------
[Failed Hit #365] Hit ID: 887 | Status: 500 | Time: 45269ms | Error: Timeout 45000ms exceeded
  Target API URL: https://dev-ux-linux-ezabgbfbfxh3gggs.southindia-01.azurewebsites.net/api/Group/GetScreenDetailsForLayout
--------------------------------------------------------------------------------
[Failed Hit #366] Hit ID: 888 | Status: 500 | Time: 45269ms | Error: Timeout 45000ms exceeded
  Target API URL: https://dev-ux-linux-ezabgbfbfxh3gggs.southindia-01.azurewebsites.net/api/Group/GetScreenDetailsForLayout
--------------------------------------------------------------------------------
[Failed Hit #367] Hit ID: 889 | Status: 500 | Time: 45268ms | Error: Timeout 45000ms exceeded
  Target API URL: https://dev-ux-linux-ezabgbfbfxh3gggs.southindia-01.azurewebsites.net/api/Group/GetScreenDetailsForLayout
--------------------------------------------------------------------------------
[Failed Hit #368] Hit ID: 890 | Status: 500 | Time: 45268ms | Error: Timeout 45000ms exceeded
  Target API URL: https://dev-ux-linux-ezabgbfbfxh3gggs.southindia-01.azurewebsites.net/api/Group/GetScreenDetailsForLayout
--------------------------------------------------------------------------------
[Failed Hit #369] Hit ID: 891 | Status: 500 | Time: 45267ms | Error: Timeout 45000ms exceeded
  Target API URL: https://dev-ux-linux-ezabgbfbfxh3gggs.southindia-01.azurewebsites.net/api/Group/GetScreenDetailsForLayout
--------------------------------------------------------------------------------
[Failed Hit #370] Hit ID: 892 | Status: 500 | Time: 45268ms | Error: Timeout 45000ms exceeded
  Target API URL: https://dev-ux-linux-ezabgbfbfxh3gggs.southindia-01.azurewebsites.net/api/Group/GetScreenDetailsForLayout
--------------------------------------------------------------------------------
[Failed Hit #371] Hit ID: 893 | Status: 500 | Time: 45268ms | Error: Timeout 45000ms exceeded
  Target API URL: https://dev-ux-linux-ezabgbfbfxh3gggs.southindia-01.azurewebsites.net/api/Group/GetScreenDetailsForLayout
--------------------------------------------------------------------------------
[Failed Hit #372] Hit ID: 894 | Status: 500 | Time: 45266ms | Error: Timeout 45000ms exceeded
  Target API URL: https://dev-ux-linux-ezabgbfbfxh3gggs.southindia-01.azurewebsites.net/api/Group/GetScreenDetailsForLayout
--------------------------------------------------------------------------------
[Failed Hit #373] Hit ID: 895 | Status: 500 | Time: 45265ms | Error: Timeout 45000ms exceeded
  Target API URL: https://dev-ux-linux-ezabgbfbfxh3gggs.southindia-01.azurewebsites.net/api/Group/GetScreenDetailsForLayout
--------------------------------------------------------------------------------
[Failed Hit #374] Hit ID: 896 | Status: 500 | Time: 45265ms | Error: Timeout 45000ms exceeded
  Target API URL: https://dev-ux-linux-ezabgbfbfxh3gggs.southindia-01.azurewebsites.net/api/Group/GetScreenDetailsForLayout
--------------------------------------------------------------------------------
[Failed Hit #375] Hit ID: 897 | Status: 500 | Time: 45266ms | Error: Timeout 45000ms exceeded
  Target API URL: https://dev-ux-linux-ezabgbfbfxh3gggs.southindia-01.azurewebsites.net/api/Group/GetScreenDetailsForLayout
--------------------------------------------------------------------------------
[Failed Hit #376] Hit ID: 898 | Status: 500 | Time: 45265ms | Error: Timeout 45000ms exceeded
  Target API URL: https://dev-ux-linux-ezabgbfbfxh3gggs.southindia-01.azurewebsites.net/api/Group/GetScreenDetailsForLayout
--------------------------------------------------------------------------------
[Failed Hit #377] Hit ID: 899 | Status: 500 | Time: 45265ms | Error: Timeout 45000ms exceeded
  Target API URL: https://dev-ux-linux-ezabgbfbfxh3gggs.southindia-01.azurewebsites.net/api/Group/GetScreenDetailsForLayout
--------------------------------------------------------------------------------
[Failed Hit #378] Hit ID: 900 | Status: 500 | Time: 45264ms | Error: Timeout 45000ms exceeded
  Target API URL: https://dev-ux-linux-ezabgbfbfxh3gggs.southindia-01.azurewebsites.net/api/Group/GetScreenDetailsForLayout
--------------------------------------------------------------------------------
[Failed Hit #379] Hit ID: 901 | Status: 500 | Time: 45265ms | Error: Timeout 45000ms exceeded
  Target API URL: https://dev-ux-linux-ezabgbfbfxh3gggs.southindia-01.azurewebsites.net/api/Group/GetScreenDetailsForLayout
--------------------------------------------------------------------------------
[Failed Hit #380] Hit ID: 902 | Status: 500 | Time: 45266ms | Error: Timeout 45000ms exceeded
  Target API URL: https://dev-ux-linux-ezabgbfbfxh3gggs.southindia-01.azurewebsites.net/api/Group/GetScreenDetailsForLayout
--------------------------------------------------------------------------------
[Failed Hit #381] Hit ID: 903 | Status: 500 | Time: 45266ms | Error: Timeout 45000ms exceeded
  Target API URL: https://dev-ux-linux-ezabgbfbfxh3gggs.southindia-01.azurewebsites.net/api/Group/GetScreenDetailsForLayout
--------------------------------------------------------------------------------
[Failed Hit #382] Hit ID: 904 | Status: 500 | Time: 45265ms | Error: Timeout 45000ms exceeded
  Target API URL: https://dev-ux-linux-ezabgbfbfxh3gggs.southindia-01.azurewebsites.net/api/Group/GetScreenDetailsForLayout
--------------------------------------------------------------------------------
[Failed Hit #383] Hit ID: 905 | Status: 500 | Time: 45265ms | Error: Timeout 45000ms exceeded
  Target API URL: https://dev-ux-linux-ezabgbfbfxh3gggs.southindia-01.azurewebsites.net/api/Group/GetScreenDetailsForLayout
--------------------------------------------------------------------------------
[Failed Hit #384] Hit ID: 906 | Status: 500 | Time: 45265ms | Error: Timeout 45000ms exceeded
  Target API URL: https://dev-ux-linux-ezabgbfbfxh3gggs.southindia-01.azurewebsites.net/api/Group/GetScreenDetailsForLayout
--------------------------------------------------------------------------------
[Failed Hit #385] Hit ID: 907 | Status: 500 | Time: 45264ms | Error: Timeout 45000ms exceeded
  Target API URL: https://dev-ux-linux-ezabgbfbfxh3gggs.southindia-01.azurewebsites.net/api/Group/GetScreenDetailsForLayout
--------------------------------------------------------------------------------
[Failed Hit #386] Hit ID: 908 | Status: 500 | Time: 45265ms | Error: Timeout 45000ms exceeded
  Target API URL: https://dev-ux-linux-ezabgbfbfxh3gggs.southindia-01.azurewebsites.net/api/Group/GetScreenDetailsForLayout
--------------------------------------------------------------------------------
[Failed Hit #387] Hit ID: 909 | Status: 500 | Time: 45264ms | Error: Timeout 45000ms exceeded
  Target API URL: https://dev-ux-linux-ezabgbfbfxh3gggs.southindia-01.azurewebsites.net/api/Group/GetScreenDetailsForLayout
--------------------------------------------------------------------------------
[Failed Hit #388] Hit ID: 910 | Status: 500 | Time: 45264ms | Error: Timeout 45000ms exceeded
  Target API URL: https://dev-ux-linux-ezabgbfbfxh3gggs.southindia-01.azurewebsites.net/api/Group/GetScreenDetailsForLayout
--------------------------------------------------------------------------------
[Failed Hit #389] Hit ID: 911 | Status: 500 | Time: 45263ms | Error: Timeout 45000ms exceeded
  Target API URL: https://dev-ux-linux-ezabgbfbfxh3gggs.southindia-01.azurewebsites.net/api/Group/GetScreenDetailsForLayout
--------------------------------------------------------------------------------
[Failed Hit #390] Hit ID: 912 | Status: 500 | Time: 45263ms | Error: Timeout 45000ms exceeded
  Target API URL: https://dev-ux-linux-ezabgbfbfxh3gggs.southindia-01.azurewebsites.net/api/Group/GetScreenDetailsForLayout
--------------------------------------------------------------------------------
[Failed Hit #391] Hit ID: 913 | Status: 500 | Time: 45262ms | Error: Timeout 45000ms exceeded
  Target API URL: https://dev-ux-linux-ezabgbfbfxh3gggs.southindia-01.azurewebsites.net/api/Group/GetScreenDetailsForLayout
--------------------------------------------------------------------------------
[Failed Hit #392] Hit ID: 914 | Status: 500 | Time: 45262ms | Error: Timeout 45000ms exceeded
  Target API URL: https://dev-ux-linux-ezabgbfbfxh3gggs.southindia-01.azurewebsites.net/api/Group/GetScreenDetailsForLayout
--------------------------------------------------------------------------------
[Failed Hit #393] Hit ID: 915 | Status: 500 | Time: 45262ms | Error: Timeout 45000ms exceeded
  Target API URL: https://dev-ux-linux-ezabgbfbfxh3gggs.southindia-01.azurewebsites.net/api/Group/GetScreenDetailsForLayout
--------------------------------------------------------------------------------
[Failed Hit #394] Hit ID: 916 | Status: 500 | Time: 45262ms | Error: Timeout 45000ms exceeded
  Target API URL: https://dev-ux-linux-ezabgbfbfxh3gggs.southindia-01.azurewebsites.net/api/Group/GetScreenDetailsForLayout
--------------------------------------------------------------------------------
[Failed Hit #395] Hit ID: 917 | Status: 500 | Time: 45262ms | Error: Timeout 45000ms exceeded
  Target API URL: https://dev-ux-linux-ezabgbfbfxh3gggs.southindia-01.azurewebsites.net/api/Group/GetScreenDetailsForLayout
--------------------------------------------------------------------------------
[Failed Hit #396] Hit ID: 918 | Status: 500 | Time: 45261ms | Error: Timeout 45000ms exceeded
  Target API URL: https://dev-ux-linux-ezabgbfbfxh3gggs.southindia-01.azurewebsites.net/api/Group/GetScreenDetailsForLayout
--------------------------------------------------------------------------------
[Failed Hit #397] Hit ID: 919 | Status: 500 | Time: 45261ms | Error: Timeout 45000ms exceeded
  Target API URL: https://dev-ux-linux-ezabgbfbfxh3gggs.southindia-01.azurewebsites.net/api/Group/GetScreenDetailsForLayout
--------------------------------------------------------------------------------
[Failed Hit #398] Hit ID: 920 | Status: 500 | Time: 45260ms | Error: Timeout 45000ms exceeded
  Target API URL: https://dev-ux-linux-ezabgbfbfxh3gggs.southindia-01.azurewebsites.net/api/Group/GetScreenDetailsForLayout
--------------------------------------------------------------------------------
[Failed Hit #399] Hit ID: 921 | Status: 500 | Time: 45260ms | Error: Timeout 45000ms exceeded
  Target API URL: https://dev-ux-linux-ezabgbfbfxh3gggs.southindia-01.azurewebsites.net/api/Group/GetScreenDetailsForLayout
--------------------------------------------------------------------------------
[Failed Hit #400] Hit ID: 922 | Status: 500 | Time: 45259ms | Error: Timeout 45000ms exceeded
  Target API URL: https://dev-ux-linux-ezabgbfbfxh3gggs.southindia-01.azurewebsites.net/api/Group/GetScreenDetailsForLayout
--------------------------------------------------------------------------------
[Failed Hit #401] Hit ID: 923 | Status: 500 | Time: 45260ms | Error: Timeout 45000ms exceeded
  Target API URL: https://dev-ux-linux-ezabgbfbfxh3gggs.southindia-01.azurewebsites.net/api/Group/GetScreenDetailsForLayout
--------------------------------------------------------------------------------
[Failed Hit #402] Hit ID: 924 | Status: 500 | Time: 45259ms | Error: Timeout 45000ms exceeded
  Target API URL: https://dev-ux-linux-ezabgbfbfxh3gggs.southindia-01.azurewebsites.net/api/Group/GetScreenDetailsForLayout
--------------------------------------------------------------------------------
[Failed Hit #403] Hit ID: 925 | Status: 500 | Time: 45259ms | Error: Timeout 45000ms exceeded
  Target API URL: https://dev-ux-linux-ezabgbfbfxh3gggs.southindia-01.azurewebsites.net/api/Group/GetScreenDetailsForLayout
--------------------------------------------------------------------------------
[Failed Hit #404] Hit ID: 926 | Status: 500 | Time: 45259ms | Error: Timeout 45000ms exceeded
  Target API URL: https://dev-ux-linux-ezabgbfbfxh3gggs.southindia-01.azurewebsites.net/api/Group/GetScreenDetailsForLayout
--------------------------------------------------------------------------------
[Failed Hit #405] Hit ID: 927 | Status: 500 | Time: 45258ms | Error: Timeout 45000ms exceeded
  Target API URL: https://dev-ux-linux-ezabgbfbfxh3gggs.southindia-01.azurewebsites.net/api/Group/GetScreenDetailsForLayout
--------------------------------------------------------------------------------
[Failed Hit #406] Hit ID: 928 | Status: 500 | Time: 45258ms | Error: Timeout 45000ms exceeded
  Target API URL: https://dev-ux-linux-ezabgbfbfxh3gggs.southindia-01.azurewebsites.net/api/Group/GetScreenDetailsForLayout
--------------------------------------------------------------------------------
[Failed Hit #407] Hit ID: 929 | Status: 500 | Time: 45257ms | Error: Timeout 45000ms exceeded
  Target API URL: https://dev-ux-linux-ezabgbfbfxh3gggs.southindia-01.azurewebsites.net/api/Group/GetScreenDetailsForLayout
--------------------------------------------------------------------------------
[Failed Hit #408] Hit ID: 930 | Status: 500 | Time: 45258ms | Error: Timeout 45000ms exceeded
  Target API URL: https://dev-ux-linux-ezabgbfbfxh3gggs.southindia-01.azurewebsites.net/api/Group/GetScreenDetailsForLayout
--------------------------------------------------------------------------------
[Failed Hit #409] Hit ID: 931 | Status: 500 | Time: 45257ms | Error: Timeout 45000ms exceeded
  Target API URL: https://dev-ux-linux-ezabgbfbfxh3gggs.southindia-01.azurewebsites.net/api/Group/GetScreenDetailsForLayout
--------------------------------------------------------------------------------
[Failed Hit #410] Hit ID: 932 | Status: 500 | Time: 45257ms | Error: Timeout 45000ms exceeded
  Target API URL: https://dev-ux-linux-ezabgbfbfxh3gggs.southindia-01.azurewebsites.net/api/Group/GetScreenDetailsForLayout
--------------------------------------------------------------------------------
[Failed Hit #411] Hit ID: 933 | Status: 500 | Time: 45256ms | Error: Timeout 45000ms exceeded
  Target API URL: https://dev-ux-linux-ezabgbfbfxh3gggs.southindia-01.azurewebsites.net/api/Group/GetScreenDetailsForLayout
--------------------------------------------------------------------------------
[Failed Hit #412] Hit ID: 934 | Status: 500 | Time: 45255ms | Error: Timeout 45000ms exceeded
  Target API URL: https://dev-ux-linux-ezabgbfbfxh3gggs.southindia-01.azurewebsites.net/api/Group/GetScreenDetailsForLayout
--------------------------------------------------------------------------------
[Failed Hit #413] Hit ID: 935 | Status: 500 | Time: 45255ms | Error: Timeout 45000ms exceeded
  Target API URL: https://dev-ux-linux-ezabgbfbfxh3gggs.southindia-01.azurewebsites.net/api/Group/GetScreenDetailsForLayout
--------------------------------------------------------------------------------
[Failed Hit #414] Hit ID: 936 | Status: 500 | Time: 45255ms | Error: Timeout 45000ms exceeded
  Target API URL: https://dev-ux-linux-ezabgbfbfxh3gggs.southindia-01.azurewebsites.net/api/Group/GetScreenDetailsForLayout
--------------------------------------------------------------------------------
[Failed Hit #415] Hit ID: 937 | Status: 500 | Time: 45255ms | Error: Timeout 45000ms exceeded
  Target API URL: https://dev-ux-linux-ezabgbfbfxh3gggs.southindia-01.azurewebsites.net/api/Group/GetScreenDetailsForLayout
--------------------------------------------------------------------------------
[Failed Hit #416] Hit ID: 938 | Status: 500 | Time: 45254ms | Error: Timeout 45000ms exceeded
  Target API URL: https://dev-ux-linux-ezabgbfbfxh3gggs.southindia-01.azurewebsites.net/api/Group/GetScreenDetailsForLayout
--------------------------------------------------------------------------------
[Failed Hit #417] Hit ID: 939 | Status: 500 | Time: 45254ms | Error: Timeout 45000ms exceeded
  Target API URL: https://dev-ux-linux-ezabgbfbfxh3gggs.southindia-01.azurewebsites.net/api/Group/GetScreenDetailsForLayout
--------------------------------------------------------------------------------
[Failed Hit #418] Hit ID: 940 | Status: 500 | Time: 45253ms | Error: Timeout 45000ms exceeded
  Target API URL: https://dev-ux-linux-ezabgbfbfxh3gggs.southindia-01.azurewebsites.net/api/Group/GetScreenDetailsForLayout
--------------------------------------------------------------------------------
[Failed Hit #419] Hit ID: 941 | Status: 500 | Time: 45253ms | Error: Timeout 45000ms exceeded
  Target API URL: https://dev-ux-linux-ezabgbfbfxh3gggs.southindia-01.azurewebsites.net/api/Group/GetScreenDetailsForLayout
--------------------------------------------------------------------------------
[Failed Hit #420] Hit ID: 942 | Status: 500 | Time: 45252ms | Error: Timeout 45000ms exceeded
  Target API URL: https://dev-ux-linux-ezabgbfbfxh3gggs.southindia-01.azurewebsites.net/api/Group/GetScreenDetailsForLayout
--------------------------------------------------------------------------------
[Failed Hit #421] Hit ID: 943 | Status: 500 | Time: 45253ms | Error: Timeout 45000ms exceeded
  Target API URL: https://dev-ux-linux-ezabgbfbfxh3gggs.southindia-01.azurewebsites.net/api/Group/GetScreenDetailsForLayout
--------------------------------------------------------------------------------
[Failed Hit #422] Hit ID: 944 | Status: 500 | Time: 45252ms | Error: Timeout 45000ms exceeded
  Target API URL: https://dev-ux-linux-ezabgbfbfxh3gggs.southindia-01.azurewebsites.net/api/Group/GetScreenDetailsForLayout
--------------------------------------------------------------------------------
[Failed Hit #423] Hit ID: 945 | Status: 500 | Time: 45252ms | Error: Timeout 45000ms exceeded
  Target API URL: https://dev-ux-linux-ezabgbfbfxh3gggs.southindia-01.azurewebsites.net/api/Group/GetScreenDetailsForLayout
--------------------------------------------------------------------------------
[Failed Hit #424] Hit ID: 946 | Status: 500 | Time: 45252ms | Error: Timeout 45000ms exceeded
  Target API URL: https://dev-ux-linux-ezabgbfbfxh3gggs.southindia-01.azurewebsites.net/api/Group/GetScreenDetailsForLayout
--------------------------------------------------------------------------------
[Failed Hit #425] Hit ID: 947 | Status: 500 | Time: 45251ms | Error: Timeout 45000ms exceeded
  Target API URL: https://dev-ux-linux-ezabgbfbfxh3gggs.southindia-01.azurewebsites.net/api/Group/GetScreenDetailsForLayout
--------------------------------------------------------------------------------
[Failed Hit #426] Hit ID: 948 | Status: 500 | Time: 45251ms | Error: Timeout 45000ms exceeded
  Target API URL: https://dev-ux-linux-ezabgbfbfxh3gggs.southindia-01.azurewebsites.net/api/Group/GetScreenDetailsForLayout
--------------------------------------------------------------------------------
[Failed Hit #427] Hit ID: 949 | Status: 500 | Time: 45250ms | Error: Timeout 45000ms exceeded
  Target API URL: https://dev-ux-linux-ezabgbfbfxh3gggs.southindia-01.azurewebsites.net/api/Group/GetScreenDetailsForLayout
--------------------------------------------------------------------------------
[Failed Hit #428] Hit ID: 950 | Status: 500 | Time: 45251ms | Error: Timeout 45000ms exceeded
  Target API URL: https://dev-ux-linux-ezabgbfbfxh3gggs.southindia-01.azurewebsites.net/api/Group/GetScreenDetailsForLayout
--------------------------------------------------------------------------------
[Failed Hit #429] Hit ID: 951 | Status: 500 | Time: 45250ms | Error: Timeout 45000ms exceeded
  Target API URL: https://dev-ux-linux-ezabgbfbfxh3gggs.southindia-01.azurewebsites.net/api/Group/GetScreenDetailsForLayout
--------------------------------------------------------------------------------
[Failed Hit #430] Hit ID: 952 | Status: 500 | Time: 45250ms | Error: Timeout 45000ms exceeded
  Target API URL: https://dev-ux-linux-ezabgbfbfxh3gggs.southindia-01.azurewebsites.net/api/Group/GetScreenDetailsForLayout
--------------------------------------------------------------------------------
[Failed Hit #431] Hit ID: 953 | Status: 500 | Time: 45249ms | Error: Timeout 45000ms exceeded
  Target API URL: https://dev-ux-linux-ezabgbfbfxh3gggs.southindia-01.azurewebsites.net/api/Group/GetScreenDetailsForLayout
--------------------------------------------------------------------------------
[Failed Hit #432] Hit ID: 954 | Status: 500 | Time: 45249ms | Error: Timeout 45000ms exceeded
  Target API URL: https://dev-ux-linux-ezabgbfbfxh3gggs.southindia-01.azurewebsites.net/api/Group/GetScreenDetailsForLayout
--------------------------------------------------------------------------------
[Failed Hit #433] Hit ID: 955 | Status: 500 | Time: 45248ms | Error: Timeout 45000ms exceeded
  Target API URL: https://dev-ux-linux-ezabgbfbfxh3gggs.southindia-01.azurewebsites.net/api/Group/GetScreenDetailsForLayout
--------------------------------------------------------------------------------
[Failed Hit #434] Hit ID: 956 | Status: 500 | Time: 45249ms | Error: Timeout 45000ms exceeded
  Target API URL: https://dev-ux-linux-ezabgbfbfxh3gggs.southindia-01.azurewebsites.net/api/Group/GetScreenDetailsForLayout
--------------------------------------------------------------------------------
[Failed Hit #435] Hit ID: 957 | Status: 500 | Time: 45249ms | Error: Timeout 45000ms exceeded
  Target API URL: https://dev-ux-linux-ezabgbfbfxh3gggs.southindia-01.azurewebsites.net/api/Group/GetScreenDetailsForLayout
--------------------------------------------------------------------------------
[Failed Hit #436] Hit ID: 958 | Status: 500 | Time: 45248ms | Error: Timeout 45000ms exceeded
  Target API URL: https://dev-ux-linux-ezabgbfbfxh3gggs.southindia-01.azurewebsites.net/api/Group/GetScreenDetailsForLayout
--------------------------------------------------------------------------------
[Failed Hit #437] Hit ID: 959 | Status: 500 | Time: 45248ms | Error: Timeout 45000ms exceeded
  Target API URL: https://dev-ux-linux-ezabgbfbfxh3gggs.southindia-01.azurewebsites.net/api/Group/GetScreenDetailsForLayout
--------------------------------------------------------------------------------
[Failed Hit #438] Hit ID: 960 | Status: 500 | Time: 45247ms | Error: Timeout 45000ms exceeded
  Target API URL: https://dev-ux-linux-ezabgbfbfxh3gggs.southindia-01.azurewebsites.net/api/Group/GetScreenDetailsForLayout
--------------------------------------------------------------------------------
[Failed Hit #439] Hit ID: 961 | Status: 500 | Time: 45247ms | Error: Timeout 45000ms exceeded
  Target API URL: https://dev-ux-linux-ezabgbfbfxh3gggs.southindia-01.azurewebsites.net/api/Group/GetScreenDetailsForLayout
--------------------------------------------------------------------------------
[Failed Hit #440] Hit ID: 962 | Status: 500 | Time: 45246ms | Error: Timeout 45000ms exceeded
  Target API URL: https://dev-ux-linux-ezabgbfbfxh3gggs.southindia-01.azurewebsites.net/api/Group/GetScreenDetailsForLayout
--------------------------------------------------------------------------------
[Failed Hit #441] Hit ID: 963 | Status: 500 | Time: 45247ms | Error: Timeout 45000ms exceeded
  Target API URL: https://dev-ux-linux-ezabgbfbfxh3gggs.southindia-01.azurewebsites.net/api/Group/GetScreenDetailsForLayout
--------------------------------------------------------------------------------
[Failed Hit #442] Hit ID: 964 | Status: 500 | Time: 45246ms | Error: Timeout 45000ms exceeded
  Target API URL: https://dev-ux-linux-ezabgbfbfxh3gggs.southindia-01.azurewebsites.net/api/Group/GetScreenDetailsForLayout
--------------------------------------------------------------------------------
[Failed Hit #443] Hit ID: 965 | Status: 500 | Time: 45246ms | Error: Timeout 45000ms exceeded
  Target API URL: https://dev-ux-linux-ezabgbfbfxh3gggs.southindia-01.azurewebsites.net/api/Group/GetScreenDetailsForLayout
--------------------------------------------------------------------------------
[Failed Hit #444] Hit ID: 966 | Status: 500 | Time: 45246ms | Error: Timeout 45000ms exceeded
  Target API URL: https://dev-ux-linux-ezabgbfbfxh3gggs.southindia-01.azurewebsites.net/api/Group/GetScreenDetailsForLayout
--------------------------------------------------------------------------------
[Failed Hit #445] Hit ID: 967 | Status: 500 | Time: 45245ms | Error: Timeout 45000ms exceeded
  Target API URL: https://dev-ux-linux-ezabgbfbfxh3gggs.southindia-01.azurewebsites.net/api/Group/GetScreenDetailsForLayout
--------------------------------------------------------------------------------
[Failed Hit #446] Hit ID: 968 | Status: 500 | Time: 45246ms | Error: Timeout 45000ms exceeded
  Target API URL: https://dev-ux-linux-ezabgbfbfxh3gggs.southindia-01.azurewebsites.net/api/Group/GetScreenDetailsForLayout
--------------------------------------------------------------------------------
[Failed Hit #447] Hit ID: 969 | Status: 500 | Time: 45245ms | Error: Timeout 45000ms exceeded
  Target API URL: https://dev-ux-linux-ezabgbfbfxh3gggs.southindia-01.azurewebsites.net/api/Group/GetScreenDetailsForLayout
--------------------------------------------------------------------------------
[Failed Hit #448] Hit ID: 970 | Status: 500 | Time: 45245ms | Error: Timeout 45000ms exceeded
  Target API URL: https://dev-ux-linux-ezabgbfbfxh3gggs.southindia-01.azurewebsites.net/api/Group/GetScreenDetailsForLayout
--------------------------------------------------------------------------------
[Failed Hit #449] Hit ID: 971 | Status: 500 | Time: 45244ms | Error: Timeout 45000ms exceeded
  Target API URL: https://dev-ux-linux-ezabgbfbfxh3gggs.southindia-01.azurewebsites.net/api/Group/GetScreenDetailsForLayout
--------------------------------------------------------------------------------
[Failed Hit #450] Hit ID: 972 | Status: 500 | Time: 45244ms | Error: Timeout 45000ms exceeded
  Target API URL: https://dev-ux-linux-ezabgbfbfxh3gggs.southindia-01.azurewebsites.net/api/Group/GetScreenDetailsForLayout
--------------------------------------------------------------------------------
[Failed Hit #451] Hit ID: 973 | Status: 500 | Time: 45243ms | Error: Timeout 45000ms exceeded
  Target API URL: https://dev-ux-linux-ezabgbfbfxh3gggs.southindia-01.azurewebsites.net/api/Group/GetScreenDetailsForLayout
--------------------------------------------------------------------------------
[Failed Hit #452] Hit ID: 974 | Status: 500 | Time: 45243ms | Error: Timeout 45000ms exceeded
  Target API URL: https://dev-ux-linux-ezabgbfbfxh3gggs.southindia-01.azurewebsites.net/api/Group/GetScreenDetailsForLayout
--------------------------------------------------------------------------------
[Failed Hit #453] Hit ID: 975 | Status: 500 | Time: 45243ms | Error: Timeout 45000ms exceeded
  Target API URL: https://dev-ux-linux-ezabgbfbfxh3gggs.southindia-01.azurewebsites.net/api/Group/GetScreenDetailsForLayout
--------------------------------------------------------------------------------
[Failed Hit #454] Hit ID: 976 | Status: 500 | Time: 45242ms | Error: Timeout 45000ms exceeded
  Target API URL: https://dev-ux-linux-ezabgbfbfxh3gggs.southindia-01.azurewebsites.net/api/Group/GetScreenDetailsForLayout
--------------------------------------------------------------------------------
[Failed Hit #455] Hit ID: 977 | Status: 500 | Time: 45242ms | Error: Timeout 45000ms exceeded
  Target API URL: https://dev-ux-linux-ezabgbfbfxh3gggs.southindia-01.azurewebsites.net/api/Group/GetScreenDetailsForLayout
--------------------------------------------------------------------------------
[Failed Hit #456] Hit ID: 978 | Status: 500 | Time: 45241ms | Error: Timeout 45000ms exceeded
  Target API URL: https://dev-ux-linux-ezabgbfbfxh3gggs.southindia-01.azurewebsites.net/api/Group/GetScreenDetailsForLayout
--------------------------------------------------------------------------------
[Failed Hit #457] Hit ID: 979 | Status: 500 | Time: 45241ms | Error: Timeout 45000ms exceeded
  Target API URL: https://dev-ux-linux-ezabgbfbfxh3gggs.southindia-01.azurewebsites.net/api/Group/GetScreenDetailsForLayout
--------------------------------------------------------------------------------
[Failed Hit #458] Hit ID: 980 | Status: 500 | Time: 45241ms | Error: Timeout 45000ms exceeded
  Target API URL: https://dev-ux-linux-ezabgbfbfxh3gggs.southindia-01.azurewebsites.net/api/Group/GetScreenDetailsForLayout
--------------------------------------------------------------------------------
[Failed Hit #459] Hit ID: 981 | Status: 500 | Time: 45241ms | Error: Timeout 45000ms exceeded
  Target API URL: https://dev-ux-linux-ezabgbfbfxh3gggs.southindia-01.azurewebsites.net/api/Group/GetScreenDetailsForLayout
--------------------------------------------------------------------------------
[Failed Hit #460] Hit ID: 982 | Status: 500 | Time: 45240ms | Error: Timeout 45000ms exceeded
  Target API URL: https://dev-ux-linux-ezabgbfbfxh3gggs.southindia-01.azurewebsites.net/api/Group/GetScreenDetailsForLayout
--------------------------------------------------------------------------------
[Failed Hit #461] Hit ID: 983 | Status: 500 | Time: 45240ms | Error: Timeout 45000ms exceeded
  Target API URL: https://dev-ux-linux-ezabgbfbfxh3gggs.southindia-01.azurewebsites.net/api/Group/GetScreenDetailsForLayout
--------------------------------------------------------------------------------
[Failed Hit #462] Hit ID: 984 | Status: 500 | Time: 45240ms | Error: Timeout 45000ms exceeded
  Target API URL: https://dev-ux-linux-ezabgbfbfxh3gggs.southindia-01.azurewebsites.net/api/Group/GetScreenDetailsForLayout
--------------------------------------------------------------------------------
[Failed Hit #463] Hit ID: 985 | Status: 500 | Time: 45240ms | Error: Timeout 45000ms exceeded
  Target API URL: https://dev-ux-linux-ezabgbfbfxh3gggs.southindia-01.azurewebsites.net/api/Group/GetScreenDetailsForLayout
--------------------------------------------------------------------------------
[Failed Hit #464] Hit ID: 986 | Status: 500 | Time: 45240ms | Error: Timeout 45000ms exceeded
  Target API URL: https://dev-ux-linux-ezabgbfbfxh3gggs.southindia-01.azurewebsites.net/api/Group/GetScreenDetailsForLayout
--------------------------------------------------------------------------------
[Failed Hit #465] Hit ID: 987 | Status: 500 | Time: 45239ms | Error: Timeout 45000ms exceeded
  Target API URL: https://dev-ux-linux-ezabgbfbfxh3gggs.southindia-01.azurewebsites.net/api/Group/GetScreenDetailsForLayout
--------------------------------------------------------------------------------
[Failed Hit #466] Hit ID: 988 | Status: 500 | Time: 45239ms | Error: Timeout 45000ms exceeded
  Target API URL: https://dev-ux-linux-ezabgbfbfxh3gggs.southindia-01.azurewebsites.net/api/Group/GetScreenDetailsForLayout
--------------------------------------------------------------------------------
[Failed Hit #467] Hit ID: 989 | Status: 500 | Time: 45238ms | Error: Timeout 45000ms exceeded
  Target API URL: https://dev-ux-linux-ezabgbfbfxh3gggs.southindia-01.azurewebsites.net/api/Group/GetScreenDetailsForLayout
--------------------------------------------------------------------------------
[Failed Hit #468] Hit ID: 990 | Status: 500 | Time: 45238ms | Error: Timeout 45000ms exceeded
  Target API URL: https://dev-ux-linux-ezabgbfbfxh3gggs.southindia-01.azurewebsites.net/api/Group/GetScreenDetailsForLayout
--------------------------------------------------------------------------------
[Failed Hit #469] Hit ID: 991 | Status: 500 | Time: 45238ms | Error: Timeout 45000ms exceeded
  Target API URL: https://dev-ux-linux-ezabgbfbfxh3gggs.southindia-01.azurewebsites.net/api/Group/GetScreenDetailsForLayout
--------------------------------------------------------------------------------
[Failed Hit #470] Hit ID: 992 | Status: 500 | Time: 45238ms | Error: Timeout 45000ms exceeded
  Target API URL: https://dev-ux-linux-ezabgbfbfxh3gggs.southindia-01.azurewebsites.net/api/Group/GetScreenDetailsForLayout
--------------------------------------------------------------------------------
[Failed Hit #471] Hit ID: 993 | Status: 500 | Time: 45238ms | Error: Timeout 45000ms exceeded
  Target API URL: https://dev-ux-linux-ezabgbfbfxh3gggs.southindia-01.azurewebsites.net/api/Group/GetScreenDetailsForLayout
--------------------------------------------------------------------------------
[Failed Hit #472] Hit ID: 994 | Status: 500 | Time: 45237ms | Error: Timeout 45000ms exceeded
  Target API URL: https://dev-ux-linux-ezabgbfbfxh3gggs.southindia-01.azurewebsites.net/api/Group/GetScreenDetailsForLayout
--------------------------------------------------------------------------------
[Failed Hit #473] Hit ID: 995 | Status: 500 | Time: 45237ms | Error: Timeout 45000ms exceeded
  Target API URL: https://dev-ux-linux-ezabgbfbfxh3gggs.southindia-01.azurewebsites.net/api/Group/GetScreenDetailsForLayout
--------------------------------------------------------------------------------
[Failed Hit #474] Hit ID: 996 | Status: 500 | Time: 45236ms | Error: Timeout 45000ms exceeded
  Target API URL: https://dev-ux-linux-ezabgbfbfxh3gggs.southindia-01.azurewebsites.net/api/Group/GetScreenDetailsForLayout
--------------------------------------------------------------------------------
[Failed Hit #475] Hit ID: 997 | Status: 500 | Time: 45236ms | Error: Timeout 45000ms exceeded
  Target API URL: https://dev-ux-linux-ezabgbfbfxh3gggs.southindia-01.azurewebsites.net/api/Group/GetScreenDetailsForLayout
--------------------------------------------------------------------------------
[Failed Hit #476] Hit ID: 998 | Status: 500 | Time: 45236ms | Error: Timeout 45000ms exceeded
  Target API URL: https://dev-ux-linux-ezabgbfbfxh3gggs.southindia-01.azurewebsites.net/api/Group/GetScreenDetailsForLayout
--------------------------------------------------------------------------------
[Failed Hit #477] Hit ID: 999 | Status: 500 | Time: 45238ms | Error: Timeout 45000ms exceeded
  Target API URL: https://dev-ux-linux-ezabgbfbfxh3gggs.southindia-01.azurewebsites.net/api/Group/GetScreenDetailsForLayout
--------------------------------------------------------------------------------
[Failed Hit #478] Hit ID: 1000 | Status: 500 | Time: 45238ms | Error: Timeout 45000ms exceeded
  Target API URL: https://dev-ux-linux-ezabgbfbfxh3gggs.southindia-01.azurewebsites.net/api/Group/GetScreenDetailsForLayout
--------------------------------------------------------------------------------
[Failed Hit #479] Hit ID: 1 | Status: 500 | Time: 45560ms | Error: Timeout 45000ms exceeded
  Target API URL: https://dev-ux-linux-ezabgbfbfxh3gggs.southindia-01.azurewebsites.net/api/Enterprise/GetAllEnterpriseDataV2
--------------------------------------------------------------------------------
[Failed Hit #480] Hit ID: 2 | Status: 500 | Time: 45559ms | Error: Timeout 45000ms exceeded
  Target API URL: https://dev-ux-linux-ezabgbfbfxh3gggs.southindia-01.azurewebsites.net/api/Enterprise/GetAllEnterpriseDataV2
--------------------------------------------------------------------------------
[Failed Hit #481] Hit ID: 3 | Status: 500 | Time: 45557ms | Error: Timeout 45000ms exceeded
  Target API URL: https://dev-ux-linux-ezabgbfbfxh3gggs.southindia-01.azurewebsites.net/api/Enterprise/GetAllEnterpriseDataV2
--------------------------------------------------------------------------------
[Failed Hit #482] Hit ID: 4 | Status: 500 | Time: 45556ms | Error: Timeout 45000ms exceeded
  Target API URL: https://dev-ux-linux-ezabgbfbfxh3gggs.southindia-01.azurewebsites.net/api/Enterprise/GetAllEnterpriseDataV2
--------------------------------------------------------------------------------
[Failed Hit #483] Hit ID: 5 | Status: 500 | Time: 45555ms | Error: Timeout 45000ms exceeded
  Target API URL: https://dev-ux-linux-ezabgbfbfxh3gggs.southindia-01.azurewebsites.net/api/Enterprise/GetAllEnterpriseDataV2
--------------------------------------------------------------------------------
[Failed Hit #484] Hit ID: 6 | Status: 500 | Time: 45556ms | Error: Timeout 45000ms exceeded
  Target API URL: https://dev-ux-linux-ezabgbfbfxh3gggs.southindia-01.azurewebsites.net/api/Enterprise/GetAllEnterpriseDataV2
--------------------------------------------------------------------------------
[Failed Hit #485] Hit ID: 7 | Status: 500 | Time: 45555ms | Error: Timeout 45000ms exceeded
  Target API URL: https://dev-ux-linux-ezabgbfbfxh3gggs.southindia-01.azurewebsites.net/api/Enterprise/GetAllEnterpriseDataV2
--------------------------------------------------------------------------------
[Failed Hit #486] Hit ID: 8 | Status: 500 | Time: 45554ms | Error: Timeout 45000ms exceeded
  Target API URL: https://dev-ux-linux-ezabgbfbfxh3gggs.southindia-01.azurewebsites.net/api/Enterprise/GetAllEnterpriseDataV2
--------------------------------------------------------------------------------
[Failed Hit #487] Hit ID: 9 | Status: 500 | Time: 45553ms | Error: Timeout 45000ms exceeded
  Target API URL: https://dev-ux-linux-ezabgbfbfxh3gggs.southindia-01.azurewebsites.net/api/Enterprise/GetAllEnterpriseDataV2
--------------------------------------------------------------------------------
[Failed Hit #488] Hit ID: 10 | Status: 500 | Time: 45552ms | Error: Timeout 45000ms exceeded
  Target API URL: https://dev-ux-linux-ezabgbfbfxh3gggs.southindia-01.azurewebsites.net/api/Enterprise/GetAllEnterpriseDataV2
--------------------------------------------------------------------------------
[Failed Hit #489] Hit ID: 11 | Status: 500 | Time: 45552ms | Error: Timeout 45000ms exceeded
  Target API URL: https://dev-ux-linux-ezabgbfbfxh3gggs.southindia-01.azurewebsites.net/api/Enterprise/GetAllEnterpriseDataV2
--------------------------------------------------------------------------------
[Failed Hit #490] Hit ID: 12 | Status: 500 | Time: 45552ms | Error: Timeout 45000ms exceeded
  Target API URL: https://dev-ux-linux-ezabgbfbfxh3gggs.southindia-01.azurewebsites.net/api/Enterprise/GetAllEnterpriseDataV2
--------------------------------------------------------------------------------
[Failed Hit #491] Hit ID: 13 | Status: 500 | Time: 45551ms | Error: Timeout 45000ms exceeded
  Target API URL: https://dev-ux-linux-ezabgbfbfxh3gggs.southindia-01.azurewebsites.net/api/Enterprise/GetAllEnterpriseDataV2
--------------------------------------------------------------------------------
[Failed Hit #492] Hit ID: 14 | Status: 500 | Time: 45551ms | Error: Timeout 45000ms exceeded
  Target API URL: https://dev-ux-linux-ezabgbfbfxh3gggs.southindia-01.azurewebsites.net/api/Enterprise/GetAllEnterpriseDataV2
--------------------------------------------------------------------------------
[Failed Hit #493] Hit ID: 15 | Status: 500 | Time: 45551ms | Error: Timeout 45000ms exceeded
  Target API URL: https://dev-ux-linux-ezabgbfbfxh3gggs.southindia-01.azurewebsites.net/api/Enterprise/GetAllEnterpriseDataV2
--------------------------------------------------------------------------------
[Failed Hit #494] Hit ID: 16 | Status: 500 | Time: 45538ms | Error: Timeout 45000ms exceeded
  Target API URL: https://dev-ux-linux-ezabgbfbfxh3gggs.southindia-01.azurewebsites.net/api/Enterprise/GetAllEnterpriseDataV2
--------------------------------------------------------------------------------
[Failed Hit #495] Hit ID: 17 | Status: 500 | Time: 45537ms | Error: Timeout 45000ms exceeded
  Target API URL: https://dev-ux-linux-ezabgbfbfxh3gggs.southindia-01.azurewebsites.net/api/Enterprise/GetAllEnterpriseDataV2
--------------------------------------------------------------------------------
[Failed Hit #496] Hit ID: 18 | Status: 500 | Time: 45537ms | Error: Timeout 45000ms exceeded
  Target API URL: https://dev-ux-linux-ezabgbfbfxh3gggs.southindia-01.azurewebsites.net/api/Enterprise/GetAllEnterpriseDataV2
--------------------------------------------------------------------------------
[Failed Hit #497] Hit ID: 19 | Status: 500 | Time: 45537ms | Error: Timeout 45000ms exceeded
  Target API URL: https://dev-ux-linux-ezabgbfbfxh3gggs.southindia-01.azurewebsites.net/api/Enterprise/GetAllEnterpriseDataV2
--------------------------------------------------------------------------------
[Failed Hit #498] Hit ID: 20 | Status: 500 | Time: 45537ms | Error: Timeout 45000ms exceeded
  Target API URL: https://dev-ux-linux-ezabgbfbfxh3gggs.southindia-01.azurewebsites.net/api/Enterprise/GetAllEnterpriseDataV2
--------------------------------------------------------------------------------
[Failed Hit #499] Hit ID: 22 | Status: 500 | Time: 45536ms | Error: Timeout 45000ms exceeded
  Target API URL: https://dev-ux-linux-ezabgbfbfxh3gggs.southindia-01.azurewebsites.net/api/Enterprise/GetAllEnterpriseDataV2
--------------------------------------------------------------------------------
[Failed Hit #500] Hit ID: 23 | Status: 500 | Time: 45536ms | Error: Timeout 45000ms exceeded
  Target API URL: https://dev-ux-linux-ezabgbfbfxh3gggs.southindia-01.azurewebsites.net/api/Enterprise/GetAllEnterpriseDataV2
--------------------------------------------------------------------------------
[Failed Hit #501] Hit ID: 24 | Status: 500 | Time: 45535ms | Error: Timeout 45000ms exceeded
  Target API URL: https://dev-ux-linux-ezabgbfbfxh3gggs.southindia-01.azurewebsites.net/api/Enterprise/GetAllEnterpriseDataV2
--------------------------------------------------------------------------------
[Failed Hit #502] Hit ID: 25 | Status: 500 | Time: 45535ms | Error: Timeout 45000ms exceeded
  Target API URL: https://dev-ux-linux-ezabgbfbfxh3gggs.southindia-01.azurewebsites.net/api/Enterprise/GetAllEnterpriseDataV2
--------------------------------------------------------------------------------
[Failed Hit #503] Hit ID: 26 | Status: 500 | Time: 45535ms | Error: Timeout 45000ms exceeded
  Target API URL: https://dev-ux-linux-ezabgbfbfxh3gggs.southindia-01.azurewebsites.net/api/Enterprise/GetAllEnterpriseDataV2
--------------------------------------------------------------------------------
[Failed Hit #504] Hit ID: 27 | Status: 500 | Time: 45535ms | Error: Timeout 45000ms exceeded
  Target API URL: https://dev-ux-linux-ezabgbfbfxh3gggs.southindia-01.azurewebsites.net/api/Enterprise/GetAllEnterpriseDataV2
--------------------------------------------------------------------------------
[Failed Hit #505] Hit ID: 29 | Status: 500 | Time: 45534ms | Error: Timeout 45000ms exceeded
  Target API URL: https://dev-ux-linux-ezabgbfbfxh3gggs.southindia-01.azurewebsites.net/api/Enterprise/GetAllEnterpriseDataV2
--------------------------------------------------------------------------------
[Failed Hit #506] Hit ID: 30 | Status: 500 | Time: 45534ms | Error: Timeout 45000ms exceeded
  Target API URL: https://dev-ux-linux-ezabgbfbfxh3gggs.southindia-01.azurewebsites.net/api/Enterprise/GetAllEnterpriseDataV2
--------------------------------------------------------------------------------
[Failed Hit #507] Hit ID: 31 | Status: 500 | Time: 45533ms | Error: Timeout 45000ms exceeded
  Target API URL: https://dev-ux-linux-ezabgbfbfxh3gggs.southindia-01.azurewebsites.net/api/Enterprise/GetAllEnterpriseDataV2
--------------------------------------------------------------------------------
[Failed Hit #508] Hit ID: 32 | Status: 500 | Time: 45534ms | Error: Timeout 45000ms exceeded
  Target API URL: https://dev-ux-linux-ezabgbfbfxh3gggs.southindia-01.azurewebsites.net/api/Enterprise/GetAllEnterpriseDataV2
--------------------------------------------------------------------------------
[Failed Hit #509] Hit ID: 33 | Status: 500 | Time: 45533ms | Error: Timeout 45000ms exceeded
  Target API URL: https://dev-ux-linux-ezabgbfbfxh3gggs.southindia-01.azurewebsites.net/api/Enterprise/GetAllEnterpriseDataV2
--------------------------------------------------------------------------------
[Failed Hit #510] Hit ID: 34 | Status: 500 | Time: 45533ms | Error: Timeout 45000ms exceeded
  Target API URL: https://dev-ux-linux-ezabgbfbfxh3gggs.southindia-01.azurewebsites.net/api/Enterprise/GetAllEnterpriseDataV2
--------------------------------------------------------------------------------
[Failed Hit #511] Hit ID: 35 | Status: 500 | Time: 45532ms | Error: Timeout 45000ms exceeded
  Target API URL: https://dev-ux-linux-ezabgbfbfxh3gggs.southindia-01.azurewebsites.net/api/Enterprise/GetAllEnterpriseDataV2
--------------------------------------------------------------------------------
[Failed Hit #512] Hit ID: 36 | Status: 500 | Time: 45534ms | Error: Timeout 45000ms exceeded
  Target API URL: https://dev-ux-linux-ezabgbfbfxh3gggs.southindia-01.azurewebsites.net/api/Enterprise/GetAllEnterpriseDataV2
--------------------------------------------------------------------------------
[Failed Hit #513] Hit ID: 37 | Status: 500 | Time: 45533ms | Error: Timeout 45000ms exceeded
  Target API URL: https://dev-ux-linux-ezabgbfbfxh3gggs.southindia-01.azurewebsites.net/api/Enterprise/GetAllEnterpriseDataV2
--------------------------------------------------------------------------------
[Failed Hit #514] Hit ID: 38 | Status: 500 | Time: 45533ms | Error: Timeout 45000ms exceeded
  Target API URL: https://dev-ux-linux-ezabgbfbfxh3gggs.southindia-01.azurewebsites.net/api/Enterprise/GetAllEnterpriseDataV2
--------------------------------------------------------------------------------
[Failed Hit #515] Hit ID: 39 | Status: 500 | Time: 45532ms | Error: Timeout 45000ms exceeded
  Target API URL: https://dev-ux-linux-ezabgbfbfxh3gggs.southindia-01.azurewebsites.net/api/Enterprise/GetAllEnterpriseDataV2
--------------------------------------------------------------------------------
[Failed Hit #516] Hit ID: 40 | Status: 500 | Time: 45532ms | Error: Timeout 45000ms exceeded
  Target API URL: https://dev-ux-linux-ezabgbfbfxh3gggs.southindia-01.azurewebsites.net/api/Enterprise/GetAllEnterpriseDataV2
--------------------------------------------------------------------------------
[Failed Hit #517] Hit ID: 41 | Status: 500 | Time: 45532ms | Error: Timeout 45000ms exceeded
  Target API URL: https://dev-ux-linux-ezabgbfbfxh3gggs.southindia-01.azurewebsites.net/api/Enterprise/GetAllEnterpriseDataV2
--------------------------------------------------------------------------------
[Failed Hit #518] Hit ID: 42 | Status: 500 | Time: 45531ms | Error: Timeout 45000ms exceeded
  Target API URL: https://dev-ux-linux-ezabgbfbfxh3gggs.southindia-01.azurewebsites.net/api/Enterprise/GetAllEnterpriseDataV2
--------------------------------------------------------------------------------
[Failed Hit #519] Hit ID: 43 | Status: 500 | Time: 45531ms | Error: Timeout 45000ms exceeded
  Target API URL: https://dev-ux-linux-ezabgbfbfxh3gggs.southindia-01.azurewebsites.net/api/Enterprise/GetAllEnterpriseDataV2
--------------------------------------------------------------------------------
[Failed Hit #520] Hit ID: 44 | Status: 500 | Time: 45530ms | Error: Timeout 45000ms exceeded
  Target API URL: https://dev-ux-linux-ezabgbfbfxh3gggs.southindia-01.azurewebsites.net/api/Enterprise/GetAllEnterpriseDataV2
--------------------------------------------------------------------------------
[Failed Hit #521] Hit ID: 45 | Status: 500 | Time: 45530ms | Error: Timeout 45000ms exceeded
  Target API URL: https://dev-ux-linux-ezabgbfbfxh3gggs.southindia-01.azurewebsites.net/api/Enterprise/GetAllEnterpriseDataV2
--------------------------------------------------------------------------------
[Failed Hit #522] Hit ID: 46 | Status: 500 | Time: 45530ms | Error: Timeout 45000ms exceeded
  Target API URL: https://dev-ux-linux-ezabgbfbfxh3gggs.southindia-01.azurewebsites.net/api/Enterprise/GetAllEnterpriseDataV2
--------------------------------------------------------------------------------
[Failed Hit #523] Hit ID: 47 | Status: 500 | Time: 45529ms | Error: Timeout 45000ms exceeded
  Target API URL: https://dev-ux-linux-ezabgbfbfxh3gggs.southindia-01.azurewebsites.net/api/Enterprise/GetAllEnterpriseDataV2
--------------------------------------------------------------------------------
[Failed Hit #524] Hit ID: 49 | Status: 500 | Time: 45529ms | Error: Timeout 45000ms exceeded
  Target API URL: https://dev-ux-linux-ezabgbfbfxh3gggs.southindia-01.azurewebsites.net/api/Enterprise/GetAllEnterpriseDataV2
--------------------------------------------------------------------------------
[Failed Hit #525] Hit ID: 50 | Status: 500 | Time: 45529ms | Error: Timeout 45000ms exceeded
  Target API URL: https://dev-ux-linux-ezabgbfbfxh3gggs.southindia-01.azurewebsites.net/api/Enterprise/GetAllEnterpriseDataV2
--------------------------------------------------------------------------------
[Failed Hit #526] Hit ID: 51 | Status: 500 | Time: 45528ms | Error: Timeout 45000ms exceeded
  Target API URL: https://dev-ux-linux-ezabgbfbfxh3gggs.southindia-01.azurewebsites.net/api/Enterprise/GetAllEnterpriseDataV2
--------------------------------------------------------------------------------
[Failed Hit #527] Hit ID: 52 | Status: 500 | Time: 45527ms | Error: Timeout 45000ms exceeded
  Target API URL: https://dev-ux-linux-ezabgbfbfxh3gggs.southindia-01.azurewebsites.net/api/Enterprise/GetAllEnterpriseDataV2
--------------------------------------------------------------------------------
[Failed Hit #528] Hit ID: 53 | Status: 500 | Time: 45527ms | Error: Timeout 45000ms exceeded
  Target API URL: https://dev-ux-linux-ezabgbfbfxh3gggs.southindia-01.azurewebsites.net/api/Enterprise/GetAllEnterpriseDataV2
--------------------------------------------------------------------------------
[Failed Hit #529] Hit ID: 54 | Status: 500 | Time: 45526ms | Error: Timeout 45000ms exceeded
  Target API URL: https://dev-ux-linux-ezabgbfbfxh3gggs.southindia-01.azurewebsites.net/api/Enterprise/GetAllEnterpriseDataV2
--------------------------------------------------------------------------------
[Failed Hit #530] Hit ID: 55 | Status: 500 | Time: 45525ms | Error: Timeout 45000ms exceeded
  Target API URL: https://dev-ux-linux-ezabgbfbfxh3gggs.southindia-01.azurewebsites.net/api/Enterprise/GetAllEnterpriseDataV2
--------------------------------------------------------------------------------
[Failed Hit #531] Hit ID: 56 | Status: 500 | Time: 45546ms | Error: Timeout 45000ms exceeded
  Target API URL: https://dev-ux-linux-ezabgbfbfxh3gggs.southindia-01.azurewebsites.net/api/Enterprise/GetAllEnterpriseDataV2
--------------------------------------------------------------------------------
[Failed Hit #532] Hit ID: 57 | Status: 500 | Time: 45544ms | Error: Timeout 45000ms exceeded
  Target API URL: https://dev-ux-linux-ezabgbfbfxh3gggs.southindia-01.azurewebsites.net/api/Enterprise/GetAllEnterpriseDataV2
--------------------------------------------------------------------------------
[Failed Hit #533] Hit ID: 58 | Status: 500 | Time: 45544ms | Error: Timeout 45000ms exceeded
  Target API URL: https://dev-ux-linux-ezabgbfbfxh3gggs.southindia-01.azurewebsites.net/api/Enterprise/GetAllEnterpriseDataV2
--------------------------------------------------------------------------------
[Failed Hit #534] Hit ID: 59 | Status: 500 | Time: 45543ms | Error: Timeout 45000ms exceeded
  Target API URL: https://dev-ux-linux-ezabgbfbfxh3gggs.southindia-01.azurewebsites.net/api/Enterprise/GetAllEnterpriseDataV2
--------------------------------------------------------------------------------
[Failed Hit #535] Hit ID: 60 | Status: 500 | Time: 45543ms | Error: Timeout 45000ms exceeded
  Target API URL: https://dev-ux-linux-ezabgbfbfxh3gggs.southindia-01.azurewebsites.net/api/Enterprise/GetAllEnterpriseDataV2
--------------------------------------------------------------------------------
[Failed Hit #536] Hit ID: 61 | Status: 500 | Time: 45542ms | Error: Timeout 45000ms exceeded
  Target API URL: https://dev-ux-linux-ezabgbfbfxh3gggs.southindia-01.azurewebsites.net/api/Enterprise/GetAllEnterpriseDataV2
--------------------------------------------------------------------------------
[Failed Hit #537] Hit ID: 62 | Status: 500 | Time: 45542ms | Error: Timeout 45000ms exceeded
  Target API URL: https://dev-ux-linux-ezabgbfbfxh3gggs.southindia-01.azurewebsites.net/api/Enterprise/GetAllEnterpriseDataV2
--------------------------------------------------------------------------------
[Failed Hit #538] Hit ID: 63 | Status: 500 | Time: 45541ms | Error: Timeout 45000ms exceeded
  Target API URL: https://dev-ux-linux-ezabgbfbfxh3gggs.southindia-01.azurewebsites.net/api/Enterprise/GetAllEnterpriseDataV2
--------------------------------------------------------------------------------
[Failed Hit #539] Hit ID: 64 | Status: 500 | Time: 45542ms | Error: Timeout 45000ms exceeded
  Target API URL: https://dev-ux-linux-ezabgbfbfxh3gggs.southindia-01.azurewebsites.net/api/Enterprise/GetAllEnterpriseDataV2
--------------------------------------------------------------------------------
[Failed Hit #540] Hit ID: 65 | Status: 500 | Time: 45541ms | Error: Timeout 45000ms exceeded
  Target API URL: https://dev-ux-linux-ezabgbfbfxh3gggs.southindia-01.azurewebsites.net/api/Enterprise/GetAllEnterpriseDataV2
--------------------------------------------------------------------------------
[Failed Hit #541] Hit ID: 66 | Status: 500 | Time: 45541ms | Error: Timeout 45000ms exceeded
  Target API URL: https://dev-ux-linux-ezabgbfbfxh3gggs.southindia-01.azurewebsites.net/api/Enterprise/GetAllEnterpriseDataV2
--------------------------------------------------------------------------------
[Failed Hit #542] Hit ID: 67 | Status: 500 | Time: 45540ms | Error: Timeout 45000ms exceeded
  Target API URL: https://dev-ux-linux-ezabgbfbfxh3gggs.southindia-01.azurewebsites.net/api/Enterprise/GetAllEnterpriseDataV2
--------------------------------------------------------------------------------
[Failed Hit #543] Hit ID: 68 | Status: 500 | Time: 45541ms | Error: Timeout 45000ms exceeded
  Target API URL: https://dev-ux-linux-ezabgbfbfxh3gggs.southindia-01.azurewebsites.net/api/Enterprise/GetAllEnterpriseDataV2
--------------------------------------------------------------------------------
[Failed Hit #544] Hit ID: 69 | Status: 500 | Time: 45540ms | Error: Timeout 45000ms exceeded
  Target API URL: https://dev-ux-linux-ezabgbfbfxh3gggs.southindia-01.azurewebsites.net/api/Enterprise/GetAllEnterpriseDataV2
--------------------------------------------------------------------------------
[Failed Hit #545] Hit ID: 70 | Status: 500 | Time: 45540ms | Error: Timeout 45000ms exceeded
  Target API URL: https://dev-ux-linux-ezabgbfbfxh3gggs.southindia-01.azurewebsites.net/api/Enterprise/GetAllEnterpriseDataV2
--------------------------------------------------------------------------------
[Failed Hit #546] Hit ID: 71 | Status: 500 | Time: 45539ms | Error: Timeout 45000ms exceeded
  Target API URL: https://dev-ux-linux-ezabgbfbfxh3gggs.southindia-01.azurewebsites.net/api/Enterprise/GetAllEnterpriseDataV2
--------------------------------------------------------------------------------
[Failed Hit #547] Hit ID: 72 | Status: 500 | Time: 45538ms | Error: Timeout 45000ms exceeded
  Target API URL: https://dev-ux-linux-ezabgbfbfxh3gggs.southindia-01.azurewebsites.net/api/Enterprise/GetAllEnterpriseDataV2
--------------------------------------------------------------------------------
[Failed Hit #548] Hit ID: 73 | Status: 500 | Time: 45538ms | Error: Timeout 45000ms exceeded
  Target API URL: https://dev-ux-linux-ezabgbfbfxh3gggs.southindia-01.azurewebsites.net/api/Enterprise/GetAllEnterpriseDataV2
--------------------------------------------------------------------------------
[Failed Hit #549] Hit ID: 74 | Status: 500 | Time: 45538ms | Error: Timeout 45000ms exceeded
  Target API URL: https://dev-ux-linux-ezabgbfbfxh3gggs.southindia-01.azurewebsites.net/api/Enterprise/GetAllEnterpriseDataV2
--------------------------------------------------------------------------------
[Failed Hit #550] Hit ID: 75 | Status: 500 | Time: 45538ms | Error: Timeout 45000ms exceeded
  Target API URL: https://dev-ux-linux-ezabgbfbfxh3gggs.southindia-01.azurewebsites.net/api/Enterprise/GetAllEnterpriseDataV2
--------------------------------------------------------------------------------
[Failed Hit #551] Hit ID: 76 | Status: 500 | Time: 45537ms | Error: Timeout 45000ms exceeded
  Target API URL: https://dev-ux-linux-ezabgbfbfxh3gggs.southindia-01.azurewebsites.net/api/Enterprise/GetAllEnterpriseDataV2
--------------------------------------------------------------------------------
[Failed Hit #552] Hit ID: 77 | Status: 500 | Time: 45536ms | Error: Timeout 45000ms exceeded
  Target API URL: https://dev-ux-linux-ezabgbfbfxh3gggs.southindia-01.azurewebsites.net/api/Enterprise/GetAllEnterpriseDataV2
--------------------------------------------------------------------------------
[Failed Hit #553] Hit ID: 78 | Status: 500 | Time: 45536ms | Error: Timeout 45000ms exceeded
  Target API URL: https://dev-ux-linux-ezabgbfbfxh3gggs.southindia-01.azurewebsites.net/api/Enterprise/GetAllEnterpriseDataV2
--------------------------------------------------------------------------------
[Failed Hit #554] Hit ID: 79 | Status: 500 | Time: 45535ms | Error: Timeout 45000ms exceeded
  Target API URL: https://dev-ux-linux-ezabgbfbfxh3gggs.southindia-01.azurewebsites.net/api/Enterprise/GetAllEnterpriseDataV2
--------------------------------------------------------------------------------
[Failed Hit #555] Hit ID: 80 | Status: 500 | Time: 45535ms | Error: Timeout 45000ms exceeded
  Target API URL: https://dev-ux-linux-ezabgbfbfxh3gggs.southindia-01.azurewebsites.net/api/Enterprise/GetAllEnterpriseDataV2
--------------------------------------------------------------------------------
[Failed Hit #556] Hit ID: 81 | Status: 500 | Time: 45535ms | Error: Timeout 45000ms exceeded
  Target API URL: https://dev-ux-linux-ezabgbfbfxh3gggs.southindia-01.azurewebsites.net/api/Enterprise/GetAllEnterpriseDataV2
--------------------------------------------------------------------------------
[Failed Hit #557] Hit ID: 82 | Status: 500 | Time: 45534ms | Error: Timeout 45000ms exceeded
  Target API URL: https://dev-ux-linux-ezabgbfbfxh3gggs.southindia-01.azurewebsites.net/api/Enterprise/GetAllEnterpriseDataV2
--------------------------------------------------------------------------------
[Failed Hit #558] Hit ID: 83 | Status: 500 | Time: 45533ms | Error: Timeout 45000ms exceeded
  Target API URL: https://dev-ux-linux-ezabgbfbfxh3gggs.southindia-01.azurewebsites.net/api/Enterprise/GetAllEnterpriseDataV2
--------------------------------------------------------------------------------
[Failed Hit #559] Hit ID: 84 | Status: 500 | Time: 45533ms | Error: Timeout 45000ms exceeded
  Target API URL: https://dev-ux-linux-ezabgbfbfxh3gggs.southindia-01.azurewebsites.net/api/Enterprise/GetAllEnterpriseDataV2
--------------------------------------------------------------------------------
[Failed Hit #560] Hit ID: 85 | Status: 500 | Time: 45532ms | Error: Timeout 45000ms exceeded
  Target API URL: https://dev-ux-linux-ezabgbfbfxh3gggs.southindia-01.azurewebsites.net/api/Enterprise/GetAllEnterpriseDataV2
--------------------------------------------------------------------------------
[Failed Hit #561] Hit ID: 86 | Status: 500 | Time: 45532ms | Error: Timeout 45000ms exceeded
  Target API URL: https://dev-ux-linux-ezabgbfbfxh3gggs.southindia-01.azurewebsites.net/api/Enterprise/GetAllEnterpriseDataV2
--------------------------------------------------------------------------------
[Failed Hit #562] Hit ID: 87 | Status: 500 | Time: 45531ms | Error: Timeout 45000ms exceeded
  Target API URL: https://dev-ux-linux-ezabgbfbfxh3gggs.southindia-01.azurewebsites.net/api/Enterprise/GetAllEnterpriseDataV2
--------------------------------------------------------------------------------
[Failed Hit #563] Hit ID: 88 | Status: 500 | Time: 45532ms | Error: Timeout 45000ms exceeded
  Target API URL: https://dev-ux-linux-ezabgbfbfxh3gggs.southindia-01.azurewebsites.net/api/Enterprise/GetAllEnterpriseDataV2
--------------------------------------------------------------------------------
[Failed Hit #564] Hit ID: 89 | Status: 500 | Time: 45531ms | Error: Timeout 45000ms exceeded
  Target API URL: https://dev-ux-linux-ezabgbfbfxh3gggs.southindia-01.azurewebsites.net/api/Enterprise/GetAllEnterpriseDataV2
--------------------------------------------------------------------------------
[Failed Hit #565] Hit ID: 91 | Status: 500 | Time: 45530ms | Error: Timeout 45000ms exceeded
  Target API URL: https://dev-ux-linux-ezabgbfbfxh3gggs.southindia-01.azurewebsites.net/api/Enterprise/GetAllEnterpriseDataV2
--------------------------------------------------------------------------------
[Failed Hit #566] Hit ID: 92 | Status: 500 | Time: 45529ms | Error: Timeout 45000ms exceeded
  Target API URL: https://dev-ux-linux-ezabgbfbfxh3gggs.southindia-01.azurewebsites.net/api/Enterprise/GetAllEnterpriseDataV2
--------------------------------------------------------------------------------
[Failed Hit #567] Hit ID: 93 | Status: 500 | Time: 45529ms | Error: Timeout 45000ms exceeded
  Target API URL: https://dev-ux-linux-ezabgbfbfxh3gggs.southindia-01.azurewebsites.net/api/Enterprise/GetAllEnterpriseDataV2
--------------------------------------------------------------------------------
[Failed Hit #568] Hit ID: 94 | Status: 500 | Time: 45528ms | Error: Timeout 45000ms exceeded
  Target API URL: https://dev-ux-linux-ezabgbfbfxh3gggs.southindia-01.azurewebsites.net/api/Enterprise/GetAllEnterpriseDataV2
--------------------------------------------------------------------------------
[Failed Hit #569] Hit ID: 95 | Status: 500 | Time: 45529ms | Error: Timeout 45000ms exceeded
  Target API URL: https://dev-ux-linux-ezabgbfbfxh3gggs.southindia-01.azurewebsites.net/api/Enterprise/GetAllEnterpriseDataV2
--------------------------------------------------------------------------------
[Failed Hit #570] Hit ID: 96 | Status: 500 | Time: 45528ms | Error: Timeout 45000ms exceeded
  Target API URL: https://dev-ux-linux-ezabgbfbfxh3gggs.southindia-01.azurewebsites.net/api/Enterprise/GetAllEnterpriseDataV2
--------------------------------------------------------------------------------
[Failed Hit #571] Hit ID: 97 | Status: 500 | Time: 45525ms | Error: Timeout 45000ms exceeded
  Target API URL: https://dev-ux-linux-ezabgbfbfxh3gggs.southindia-01.azurewebsites.net/api/Enterprise/GetAllEnterpriseDataV2
--------------------------------------------------------------------------------
[Failed Hit #572] Hit ID: 98 | Status: 500 | Time: 45525ms | Error: Timeout 45000ms exceeded
  Target API URL: https://dev-ux-linux-ezabgbfbfxh3gggs.southindia-01.azurewebsites.net/api/Enterprise/GetAllEnterpriseDataV2
--------------------------------------------------------------------------------
[Failed Hit #573] Hit ID: 99 | Status: 500 | Time: 45526ms | Error: Timeout 45000ms exceeded
  Target API URL: https://dev-ux-linux-ezabgbfbfxh3gggs.southindia-01.azurewebsites.net/api/Enterprise/GetAllEnterpriseDataV2
--------------------------------------------------------------------------------
[Failed Hit #574] Hit ID: 100 | Status: 500 | Time: 45525ms | Error: Timeout 45000ms exceeded
  Target API URL: https://dev-ux-linux-ezabgbfbfxh3gggs.southindia-01.azurewebsites.net/api/Enterprise/GetAllEnterpriseDataV2
--------------------------------------------------------------------------------
[Failed Hit #575] Hit ID: 102 | Status: 500 | Time: 45524ms | Error: Timeout 45000ms exceeded
  Target API URL: https://dev-ux-linux-ezabgbfbfxh3gggs.southindia-01.azurewebsites.net/api/Enterprise/GetAllEnterpriseDataV2
--------------------------------------------------------------------------------
[Failed Hit #576] Hit ID: 103 | Status: 500 | Time: 45524ms | Error: Timeout 45000ms exceeded
  Target API URL: https://dev-ux-linux-ezabgbfbfxh3gggs.southindia-01.azurewebsites.net/api/Enterprise/GetAllEnterpriseDataV2
--------------------------------------------------------------------------------
[Failed Hit #577] Hit ID: 105 | Status: 500 | Time: 45523ms | Error: Timeout 45000ms exceeded
  Target API URL: https://dev-ux-linux-ezabgbfbfxh3gggs.southindia-01.azurewebsites.net/api/Enterprise/GetAllEnterpriseDataV2
--------------------------------------------------------------------------------
[Failed Hit #578] Hit ID: 106 | Status: 500 | Time: 45522ms | Error: Timeout 45000ms exceeded
  Target API URL: https://dev-ux-linux-ezabgbfbfxh3gggs.southindia-01.azurewebsites.net/api/Enterprise/GetAllEnterpriseDataV2
--------------------------------------------------------------------------------
[Failed Hit #579] Hit ID: 107 | Status: 500 | Time: 45522ms | Error: Timeout 45000ms exceeded
  Target API URL: https://dev-ux-linux-ezabgbfbfxh3gggs.southindia-01.azurewebsites.net/api/Enterprise/GetAllEnterpriseDataV2
--------------------------------------------------------------------------------
[Failed Hit #580] Hit ID: 110 | Status: 500 | Time: 45520ms | Error: Timeout 45000ms exceeded
  Target API URL: https://dev-ux-linux-ezabgbfbfxh3gggs.southindia-01.azurewebsites.net/api/Enterprise/GetAllEnterpriseDataV2
--------------------------------------------------------------------------------
[Failed Hit #581] Hit ID: 111 | Status: 500 | Time: 45521ms | Error: Timeout 45000ms exceeded
  Target API URL: https://dev-ux-linux-ezabgbfbfxh3gggs.southindia-01.azurewebsites.net/api/Enterprise/GetAllEnterpriseDataV2
--------------------------------------------------------------------------------
[Failed Hit #582] Hit ID: 114 | Status: 500 | Time: 45520ms | Error: Timeout 45000ms exceeded
  Target API URL: https://dev-ux-linux-ezabgbfbfxh3gggs.southindia-01.azurewebsites.net/api/Enterprise/GetAllEnterpriseDataV2
--------------------------------------------------------------------------------
[Failed Hit #583] Hit ID: 116 | Status: 500 | Time: 45519ms | Error: Timeout 45000ms exceeded
  Target API URL: https://dev-ux-linux-ezabgbfbfxh3gggs.southindia-01.azurewebsites.net/api/Enterprise/GetAllEnterpriseDataV2
--------------------------------------------------------------------------------
[Failed Hit #584] Hit ID: 117 | Status: 500 | Time: 45518ms | Error: Timeout 45000ms exceeded
  Target API URL: https://dev-ux-linux-ezabgbfbfxh3gggs.southindia-01.azurewebsites.net/api/Enterprise/GetAllEnterpriseDataV2
--------------------------------------------------------------------------------
[Failed Hit #585] Hit ID: 119 | Status: 500 | Time: 45517ms | Error: Timeout 45000ms exceeded
  Target API URL: https://dev-ux-linux-ezabgbfbfxh3gggs.southindia-01.azurewebsites.net/api/Enterprise/GetAllEnterpriseDataV2
--------------------------------------------------------------------------------
[Failed Hit #586] Hit ID: 120 | Status: 500 | Time: 45517ms | Error: Timeout 45000ms exceeded
  Target API URL: https://dev-ux-linux-ezabgbfbfxh3gggs.southindia-01.azurewebsites.net/api/Enterprise/GetAllEnterpriseDataV2
--------------------------------------------------------------------------------
[Failed Hit #587] Hit ID: 121 | Status: 500 | Time: 45516ms | Error: Timeout 45000ms exceeded
  Target API URL: https://dev-ux-linux-ezabgbfbfxh3gggs.southindia-01.azurewebsites.net/api/Enterprise/GetAllEnterpriseDataV2
--------------------------------------------------------------------------------
[Failed Hit #588] Hit ID: 126 | Status: 500 | Time: 45514ms | Error: Timeout 45000ms exceeded
  Target API URL: https://dev-ux-linux-ezabgbfbfxh3gggs.southindia-01.azurewebsites.net/api/Enterprise/GetAllEnterpriseDataV2
--------------------------------------------------------------------------------
[Failed Hit #589] Hit ID: 128 | Status: 500 | Time: 45514ms | Error: Timeout 45000ms exceeded
  Target API URL: https://dev-ux-linux-ezabgbfbfxh3gggs.southindia-01.azurewebsites.net/api/Enterprise/GetAllEnterpriseDataV2
--------------------------------------------------------------------------------
[Failed Hit #590] Hit ID: 135 | Status: 500 | Time: 45511ms | Error: Timeout 45000ms exceeded
  Target API URL: https://dev-ux-linux-ezabgbfbfxh3gggs.southindia-01.azurewebsites.net/api/Enterprise/GetAllEnterpriseDataV2
--------------------------------------------------------------------------------
[Failed Hit #591] Hit ID: 327 | Status: 500 | Time: 45412ms | Error: Timeout 45000ms exceeded
  Target API URL: https://dev-ux-linux-ezabgbfbfxh3gggs.southindia-01.azurewebsites.net/api/Enterprise/GetAllEnterpriseDataV2
--------------------------------------------------------------------------------
[Failed Hit #592] Hit ID: 501 | Status: 500 | Time: 45355ms | Error: Timeout 45000ms exceeded
  Target API URL: https://dev-ux-linux-ezabgbfbfxh3gggs.southindia-01.azurewebsites.net/api/Enterprise/GetAllEnterpriseDataV2
--------------------------------------------------------------------------------
[Failed Hit #593] Hit ID: 515 | Status: 500 | Time: 45348ms | Error: Timeout 45000ms exceeded
  Target API URL: https://dev-ux-linux-ezabgbfbfxh3gggs.southindia-01.azurewebsites.net/api/Enterprise/GetAllEnterpriseDataV2
--------------------------------------------------------------------------------
[Failed Hit #594] Hit ID: 518 | Status: 500 | Time: 45347ms | Error: Timeout 45000ms exceeded
  Target API URL: https://dev-ux-linux-ezabgbfbfxh3gggs.southindia-01.azurewebsites.net/api/Enterprise/GetAllEnterpriseDataV2
--------------------------------------------------------------------------------
[Failed Hit #595] Hit ID: 526 | Status: 500 | Time: 45343ms | Error: Timeout 45000ms exceeded
  Target API URL: https://dev-ux-linux-ezabgbfbfxh3gggs.southindia-01.azurewebsites.net/api/Enterprise/GetAllEnterpriseDataV2
--------------------------------------------------------------------------------
[Failed Hit #596] Hit ID: 531 | Status: 500 | Time: 45342ms | Error: Timeout 45000ms exceeded
  Target API URL: https://dev-ux-linux-ezabgbfbfxh3gggs.southindia-01.azurewebsites.net/api/Enterprise/GetAllEnterpriseDataV2
--------------------------------------------------------------------------------
[Failed Hit #597] Hit ID: 540 | Status: 500 | Time: 45336ms | Error: Timeout 45000ms exceeded
  Target API URL: https://dev-ux-linux-ezabgbfbfxh3gggs.southindia-01.azurewebsites.net/api/Enterprise/GetAllEnterpriseDataV2
--------------------------------------------------------------------------------
[Failed Hit #598] Hit ID: 544 | Status: 500 | Time: 45334ms | Error: Timeout 45000ms exceeded
  Target API URL: https://dev-ux-linux-ezabgbfbfxh3gggs.southindia-01.azurewebsites.net/api/Enterprise/GetAllEnterpriseDataV2
--------------------------------------------------------------------------------
[Failed Hit #599] Hit ID: 546 | Status: 500 | Time: 45333ms | Error: Timeout 45000ms exceeded
  Target API URL: https://dev-ux-linux-ezabgbfbfxh3gggs.southindia-01.azurewebsites.net/api/Enterprise/GetAllEnterpriseDataV2
--------------------------------------------------------------------------------
[Failed Hit #600] Hit ID: 547 | Status: 500 | Time: 45333ms | Error: Timeout 45000ms exceeded
  Target API URL: https://dev-ux-linux-ezabgbfbfxh3gggs.southindia-01.azurewebsites.net/api/Enterprise/GetAllEnterpriseDataV2
--------------------------------------------------------------------------------
[Failed Hit #601] Hit ID: 548 | Status: 500 | Time: 45333ms | Error: Timeout 45000ms exceeded
  Target API URL: https://dev-ux-linux-ezabgbfbfxh3gggs.southindia-01.azurewebsites.net/api/Enterprise/GetAllEnterpriseDataV2
--------------------------------------------------------------------------------
[Failed Hit #602] Hit ID: 549 | Status: 500 | Time: 45332ms | Error: Timeout 45000ms exceeded
  Target API URL: https://dev-ux-linux-ezabgbfbfxh3gggs.southindia-01.azurewebsites.net/api/Enterprise/GetAllEnterpriseDataV2
--------------------------------------------------------------------------------
[Failed Hit #603] Hit ID: 550 | Status: 500 | Time: 45333ms | Error: Timeout 45000ms exceeded
  Target API URL: https://dev-ux-linux-ezabgbfbfxh3gggs.southindia-01.azurewebsites.net/api/Enterprise/GetAllEnterpriseDataV2
--------------------------------------------------------------------------------
[Failed Hit #604] Hit ID: 552 | Status: 500 | Time: 45332ms | Error: Timeout 45000ms exceeded
  Target API URL: https://dev-ux-linux-ezabgbfbfxh3gggs.southindia-01.azurewebsites.net/api/Enterprise/GetAllEnterpriseDataV2
--------------------------------------------------------------------------------
[Failed Hit #605] Hit ID: 553 | Status: 500 | Time: 45331ms | Error: Timeout 45000ms exceeded
  Target API URL: https://dev-ux-linux-ezabgbfbfxh3gggs.southindia-01.azurewebsites.net/api/Enterprise/GetAllEnterpriseDataV2
--------------------------------------------------------------------------------
[Failed Hit #606] Hit ID: 555 | Status: 500 | Time: 45330ms | Error: Timeout 45000ms exceeded
  Target API URL: https://dev-ux-linux-ezabgbfbfxh3gggs.southindia-01.azurewebsites.net/api/Enterprise/GetAllEnterpriseDataV2
--------------------------------------------------------------------------------
[Failed Hit #607] Hit ID: 556 | Status: 500 | Time: 45330ms | Error: Timeout 45000ms exceeded
  Target API URL: https://dev-ux-linux-ezabgbfbfxh3gggs.southindia-01.azurewebsites.net/api/Enterprise/GetAllEnterpriseDataV2
--------------------------------------------------------------------------------
[Failed Hit #608] Hit ID: 557 | Status: 500 | Time: 45329ms | Error: Timeout 45000ms exceeded
  Target API URL: https://dev-ux-linux-ezabgbfbfxh3gggs.southindia-01.azurewebsites.net/api/Enterprise/GetAllEnterpriseDataV2
--------------------------------------------------------------------------------
[Failed Hit #609] Hit ID: 558 | Status: 500 | Time: 45329ms | Error: Timeout 45000ms exceeded
  Target API URL: https://dev-ux-linux-ezabgbfbfxh3gggs.southindia-01.azurewebsites.net/api/Enterprise/GetAllEnterpriseDataV2
--------------------------------------------------------------------------------
[Failed Hit #610] Hit ID: 559 | Status: 500 | Time: 45328ms | Error: Timeout 45000ms exceeded
  Target API URL: https://dev-ux-linux-ezabgbfbfxh3gggs.southindia-01.azurewebsites.net/api/Enterprise/GetAllEnterpriseDataV2
--------------------------------------------------------------------------------
[Failed Hit #611] Hit ID: 560 | Status: 500 | Time: 45329ms | Error: Timeout 45000ms exceeded
  Target API URL: https://dev-ux-linux-ezabgbfbfxh3gggs.southindia-01.azurewebsites.net/api/Enterprise/GetAllEnterpriseDataV2
--------------------------------------------------------------------------------
[Failed Hit #612] Hit ID: 561 | Status: 500 | Time: 45328ms | Error: Timeout 45000ms exceeded
  Target API URL: https://dev-ux-linux-ezabgbfbfxh3gggs.southindia-01.azurewebsites.net/api/Enterprise/GetAllEnterpriseDataV2
--------------------------------------------------------------------------------
[Failed Hit #613] Hit ID: 562 | Status: 500 | Time: 45327ms | Error: Timeout 45000ms exceeded
  Target API URL: https://dev-ux-linux-ezabgbfbfxh3gggs.southindia-01.azurewebsites.net/api/Enterprise/GetAllEnterpriseDataV2
--------------------------------------------------------------------------------
[Failed Hit #614] Hit ID: 564 | Status: 500 | Time: 45326ms | Error: Timeout 45000ms exceeded
  Target API URL: https://dev-ux-linux-ezabgbfbfxh3gggs.southindia-01.azurewebsites.net/api/Enterprise/GetAllEnterpriseDataV2
--------------------------------------------------------------------------------
[Failed Hit #615] Hit ID: 565 | Status: 500 | Time: 45326ms | Error: Timeout 45000ms exceeded
  Target API URL: https://dev-ux-linux-ezabgbfbfxh3gggs.southindia-01.azurewebsites.net/api/Enterprise/GetAllEnterpriseDataV2
--------------------------------------------------------------------------------
[Failed Hit #616] Hit ID: 566 | Status: 500 | Time: 45325ms | Error: Timeout 45000ms exceeded
  Target API URL: https://dev-ux-linux-ezabgbfbfxh3gggs.southindia-01.azurewebsites.net/api/Enterprise/GetAllEnterpriseDataV2
--------------------------------------------------------------------------------
[Failed Hit #617] Hit ID: 567 | Status: 500 | Time: 45325ms | Error: Timeout 45000ms exceeded
  Target API URL: https://dev-ux-linux-ezabgbfbfxh3gggs.southindia-01.azurewebsites.net/api/Enterprise/GetAllEnterpriseDataV2
--------------------------------------------------------------------------------
[Failed Hit #618] Hit ID: 568 | Status: 500 | Time: 45325ms | Error: Timeout 45000ms exceeded
  Target API URL: https://dev-ux-linux-ezabgbfbfxh3gggs.southindia-01.azurewebsites.net/api/Enterprise/GetAllEnterpriseDataV2
--------------------------------------------------------------------------------
[Failed Hit #619] Hit ID: 569 | Status: 500 | Time: 45325ms | Error: Timeout 45000ms exceeded
  Target API URL: https://dev-ux-linux-ezabgbfbfxh3gggs.southindia-01.azurewebsites.net/api/Enterprise/GetAllEnterpriseDataV2
--------------------------------------------------------------------------------
[Failed Hit #620] Hit ID: 570 | Status: 500 | Time: 45325ms | Error: Timeout 45000ms exceeded
  Target API URL: https://dev-ux-linux-ezabgbfbfxh3gggs.southindia-01.azurewebsites.net/api/Enterprise/GetAllEnterpriseDataV2
--------------------------------------------------------------------------------
[Failed Hit #621] Hit ID: 571 | Status: 500 | Time: 45324ms | Error: Timeout 45000ms exceeded
  Target API URL: https://dev-ux-linux-ezabgbfbfxh3gggs.southindia-01.azurewebsites.net/api/Enterprise/GetAllEnterpriseDataV2
--------------------------------------------------------------------------------
[Failed Hit #622] Hit ID: 572 | Status: 500 | Time: 45324ms | Error: Timeout 45000ms exceeded
  Target API URL: https://dev-ux-linux-ezabgbfbfxh3gggs.southindia-01.azurewebsites.net/api/Enterprise/GetAllEnterpriseDataV2
--------------------------------------------------------------------------------
[Failed Hit #623] Hit ID: 573 | Status: 500 | Time: 45323ms | Error: Timeout 45000ms exceeded
  Target API URL: https://dev-ux-linux-ezabgbfbfxh3gggs.southindia-01.azurewebsites.net/api/Enterprise/GetAllEnterpriseDataV2
--------------------------------------------------------------------------------
[Failed Hit #624] Hit ID: 574 | Status: 500 | Time: 45323ms | Error: Timeout 45000ms exceeded
  Target API URL: https://dev-ux-linux-ezabgbfbfxh3gggs.southindia-01.azurewebsites.net/api/Enterprise/GetAllEnterpriseDataV2
--------------------------------------------------------------------------------
[Failed Hit #625] Hit ID: 575 | Status: 500 | Time: 45321ms | Error: Timeout 45000ms exceeded
  Target API URL: https://dev-ux-linux-ezabgbfbfxh3gggs.southindia-01.azurewebsites.net/api/Enterprise/GetAllEnterpriseDataV2
--------------------------------------------------------------------------------
[Failed Hit #626] Hit ID: 576 | Status: 500 | Time: 45320ms | Error: Timeout 45000ms exceeded
  Target API URL: https://dev-ux-linux-ezabgbfbfxh3gggs.southindia-01.azurewebsites.net/api/Enterprise/GetAllEnterpriseDataV2
--------------------------------------------------------------------------------
[Failed Hit #627] Hit ID: 577 | Status: 500 | Time: 45321ms | Error: Timeout 45000ms exceeded
  Target API URL: https://dev-ux-linux-ezabgbfbfxh3gggs.southindia-01.azurewebsites.net/api/Enterprise/GetAllEnterpriseDataV2
--------------------------------------------------------------------------------
[Failed Hit #628] Hit ID: 578 | Status: 500 | Time: 45320ms | Error: Timeout 45000ms exceeded
  Target API URL: https://dev-ux-linux-ezabgbfbfxh3gggs.southindia-01.azurewebsites.net/api/Enterprise/GetAllEnterpriseDataV2
--------------------------------------------------------------------------------
[Failed Hit #629] Hit ID: 579 | Status: 500 | Time: 45320ms | Error: Timeout 45000ms exceeded
  Target API URL: https://dev-ux-linux-ezabgbfbfxh3gggs.southindia-01.azurewebsites.net/api/Enterprise/GetAllEnterpriseDataV2
--------------------------------------------------------------------------------
[Failed Hit #630] Hit ID: 580 | Status: 500 | Time: 45319ms | Error: Timeout 45000ms exceeded
  Target API URL: https://dev-ux-linux-ezabgbfbfxh3gggs.southindia-01.azurewebsites.net/api/Enterprise/GetAllEnterpriseDataV2
--------------------------------------------------------------------------------
[Failed Hit #631] Hit ID: 581 | Status: 500 | Time: 45319ms | Error: Timeout 45000ms exceeded
  Target API URL: https://dev-ux-linux-ezabgbfbfxh3gggs.southindia-01.azurewebsites.net/api/Enterprise/GetAllEnterpriseDataV2
--------------------------------------------------------------------------------
[Failed Hit #632] Hit ID: 582 | Status: 500 | Time: 45318ms | Error: Timeout 45000ms exceeded
  Target API URL: https://dev-ux-linux-ezabgbfbfxh3gggs.southindia-01.azurewebsites.net/api/Enterprise/GetAllEnterpriseDataV2
--------------------------------------------------------------------------------
[Failed Hit #633] Hit ID: 583 | Status: 500 | Time: 45318ms | Error: Timeout 45000ms exceeded
  Target API URL: https://dev-ux-linux-ezabgbfbfxh3gggs.southindia-01.azurewebsites.net/api/Enterprise/GetAllEnterpriseDataV2
--------------------------------------------------------------------------------
[Failed Hit #634] Hit ID: 584 | Status: 500 | Time: 45318ms | Error: Timeout 45000ms exceeded
  Target API URL: https://dev-ux-linux-ezabgbfbfxh3gggs.southindia-01.azurewebsites.net/api/Enterprise/GetAllEnterpriseDataV2
--------------------------------------------------------------------------------
[Failed Hit #635] Hit ID: 585 | Status: 500 | Time: 45318ms | Error: Timeout 45000ms exceeded
  Target API URL: https://dev-ux-linux-ezabgbfbfxh3gggs.southindia-01.azurewebsites.net/api/Enterprise/GetAllEnterpriseDataV2
--------------------------------------------------------------------------------
[Failed Hit #636] Hit ID: 586 | Status: 500 | Time: 45318ms | Error: Timeout 45000ms exceeded
  Target API URL: https://dev-ux-linux-ezabgbfbfxh3gggs.southindia-01.azurewebsites.net/api/Enterprise/GetAllEnterpriseDataV2
--------------------------------------------------------------------------------
[Failed Hit #637] Hit ID: 587 | Status: 500 | Time: 45317ms | Error: Timeout 45000ms exceeded
  Target API URL: https://dev-ux-linux-ezabgbfbfxh3gggs.southindia-01.azurewebsites.net/api/Enterprise/GetAllEnterpriseDataV2
--------------------------------------------------------------------------------
[Failed Hit #638] Hit ID: 588 | Status: 500 | Time: 45317ms | Error: Timeout 45000ms exceeded
  Target API URL: https://dev-ux-linux-ezabgbfbfxh3gggs.southindia-01.azurewebsites.net/api/Enterprise/GetAllEnterpriseDataV2
--------------------------------------------------------------------------------
[Failed Hit #639] Hit ID: 589 | Status: 500 | Time: 45316ms | Error: Timeout 45000ms exceeded
  Target API URL: https://dev-ux-linux-ezabgbfbfxh3gggs.southindia-01.azurewebsites.net/api/Enterprise/GetAllEnterpriseDataV2
--------------------------------------------------------------------------------
[Failed Hit #640] Hit ID: 590 | Status: 500 | Time: 45316ms | Error: Timeout 45000ms exceeded
  Target API URL: https://dev-ux-linux-ezabgbfbfxh3gggs.southindia-01.azurewebsites.net/api/Enterprise/GetAllEnterpriseDataV2
--------------------------------------------------------------------------------
[Failed Hit #641] Hit ID: 591 | Status: 500 | Time: 45316ms | Error: Timeout 45000ms exceeded
  Target API URL: https://dev-ux-linux-ezabgbfbfxh3gggs.southindia-01.azurewebsites.net/api/Enterprise/GetAllEnterpriseDataV2
--------------------------------------------------------------------------------
[Failed Hit #642] Hit ID: 592 | Status: 500 | Time: 45316ms | Error: Timeout 45000ms exceeded
  Target API URL: https://dev-ux-linux-ezabgbfbfxh3gggs.southindia-01.azurewebsites.net/api/Enterprise/GetAllEnterpriseDataV2
--------------------------------------------------------------------------------
[Failed Hit #643] Hit ID: 593 | Status: 500 | Time: 45315ms | Error: Timeout 45000ms exceeded
  Target API URL: https://dev-ux-linux-ezabgbfbfxh3gggs.southindia-01.azurewebsites.net/api/Enterprise/GetAllEnterpriseDataV2
--------------------------------------------------------------------------------
[Failed Hit #644] Hit ID: 594 | Status: 500 | Time: 45315ms | Error: Timeout 45000ms exceeded
  Target API URL: https://dev-ux-linux-ezabgbfbfxh3gggs.southindia-01.azurewebsites.net/api/Enterprise/GetAllEnterpriseDataV2
--------------------------------------------------------------------------------
[Failed Hit #645] Hit ID: 595 | Status: 500 | Time: 45314ms | Error: Timeout 45000ms exceeded
  Target API URL: https://dev-ux-linux-ezabgbfbfxh3gggs.southindia-01.azurewebsites.net/api/Enterprise/GetAllEnterpriseDataV2
--------------------------------------------------------------------------------
[Failed Hit #646] Hit ID: 596 | Status: 500 | Time: 45314ms | Error: Timeout 45000ms exceeded
  Target API URL: https://dev-ux-linux-ezabgbfbfxh3gggs.southindia-01.azurewebsites.net/api/Enterprise/GetAllEnterpriseDataV2
--------------------------------------------------------------------------------
[Failed Hit #647] Hit ID: 597 | Status: 500 | Time: 45313ms | Error: Timeout 45000ms exceeded
  Target API URL: https://dev-ux-linux-ezabgbfbfxh3gggs.southindia-01.azurewebsites.net/api/Enterprise/GetAllEnterpriseDataV2
--------------------------------------------------------------------------------
[Failed Hit #648] Hit ID: 598 | Status: 500 | Time: 45314ms | Error: Timeout 45000ms exceeded
  Target API URL: https://dev-ux-linux-ezabgbfbfxh3gggs.southindia-01.azurewebsites.net/api/Enterprise/GetAllEnterpriseDataV2
--------------------------------------------------------------------------------
[Failed Hit #649] Hit ID: 599 | Status: 500 | Time: 45313ms | Error: Timeout 45000ms exceeded
  Target API URL: https://dev-ux-linux-ezabgbfbfxh3gggs.southindia-01.azurewebsites.net/api/Enterprise/GetAllEnterpriseDataV2
--------------------------------------------------------------------------------
[Failed Hit #650] Hit ID: 600 | Status: 500 | Time: 45313ms | Error: Timeout 45000ms exceeded
  Target API URL: https://dev-ux-linux-ezabgbfbfxh3gggs.southindia-01.azurewebsites.net/api/Enterprise/GetAllEnterpriseDataV2
--------------------------------------------------------------------------------
[Failed Hit #651] Hit ID: 601 | Status: 500 | Time: 45313ms | Error: Timeout 45000ms exceeded
  Target API URL: https://dev-ux-linux-ezabgbfbfxh3gggs.southindia-01.azurewebsites.net/api/Enterprise/GetAllEnterpriseDataV2
--------------------------------------------------------------------------------
[Failed Hit #652] Hit ID: 602 | Status: 500 | Time: 45312ms | Error: Timeout 45000ms exceeded
  Target API URL: https://dev-ux-linux-ezabgbfbfxh3gggs.southindia-01.azurewebsites.net/api/Enterprise/GetAllEnterpriseDataV2
--------------------------------------------------------------------------------
[Failed Hit #653] Hit ID: 603 | Status: 500 | Time: 45312ms | Error: Timeout 45000ms exceeded
  Target API URL: https://dev-ux-linux-ezabgbfbfxh3gggs.southindia-01.azurewebsites.net/api/Enterprise/GetAllEnterpriseDataV2
--------------------------------------------------------------------------------
[Failed Hit #654] Hit ID: 604 | Status: 500 | Time: 45311ms | Error: Timeout 45000ms exceeded
  Target API URL: https://dev-ux-linux-ezabgbfbfxh3gggs.southindia-01.azurewebsites.net/api/Enterprise/GetAllEnterpriseDataV2
--------------------------------------------------------------------------------
[Failed Hit #655] Hit ID: 605 | Status: 500 | Time: 45312ms | Error: Timeout 45000ms exceeded
  Target API URL: https://dev-ux-linux-ezabgbfbfxh3gggs.southindia-01.azurewebsites.net/api/Enterprise/GetAllEnterpriseDataV2
--------------------------------------------------------------------------------
[Failed Hit #656] Hit ID: 606 | Status: 500 | Time: 45311ms | Error: Timeout 45000ms exceeded
  Target API URL: https://dev-ux-linux-ezabgbfbfxh3gggs.southindia-01.azurewebsites.net/api/Enterprise/GetAllEnterpriseDataV2
--------------------------------------------------------------------------------
[Failed Hit #657] Hit ID: 607 | Status: 500 | Time: 45312ms | Error: Timeout 45000ms exceeded
  Target API URL: https://dev-ux-linux-ezabgbfbfxh3gggs.southindia-01.azurewebsites.net/api/Enterprise/GetAllEnterpriseDataV2
--------------------------------------------------------------------------------
[Failed Hit #658] Hit ID: 608 | Status: 500 | Time: 45311ms | Error: Timeout 45000ms exceeded
  Target API URL: https://dev-ux-linux-ezabgbfbfxh3gggs.southindia-01.azurewebsites.net/api/Enterprise/GetAllEnterpriseDataV2
--------------------------------------------------------------------------------
[Failed Hit #659] Hit ID: 609 | Status: 500 | Time: 45311ms | Error: Timeout 45000ms exceeded
  Target API URL: https://dev-ux-linux-ezabgbfbfxh3gggs.southindia-01.azurewebsites.net/api/Enterprise/GetAllEnterpriseDataV2
--------------------------------------------------------------------------------
[Failed Hit #660] Hit ID: 610 | Status: 500 | Time: 45310ms | Error: Timeout 45000ms exceeded
  Target API URL: https://dev-ux-linux-ezabgbfbfxh3gggs.southindia-01.azurewebsites.net/api/Enterprise/GetAllEnterpriseDataV2
--------------------------------------------------------------------------------
[Failed Hit #661] Hit ID: 611 | Status: 500 | Time: 45310ms | Error: Timeout 45000ms exceeded
  Target API URL: https://dev-ux-linux-ezabgbfbfxh3gggs.southindia-01.azurewebsites.net/api/Enterprise/GetAllEnterpriseDataV2
--------------------------------------------------------------------------------
[Failed Hit #662] Hit ID: 612 | Status: 500 | Time: 45311ms | Error: Timeout 45000ms exceeded
  Target API URL: https://dev-ux-linux-ezabgbfbfxh3gggs.southindia-01.azurewebsites.net/api/Enterprise/GetAllEnterpriseDataV2
--------------------------------------------------------------------------------
[Failed Hit #663] Hit ID: 613 | Status: 500 | Time: 45310ms | Error: Timeout 45000ms exceeded
  Target API URL: https://dev-ux-linux-ezabgbfbfxh3gggs.southindia-01.azurewebsites.net/api/Enterprise/GetAllEnterpriseDataV2
--------------------------------------------------------------------------------
[Failed Hit #664] Hit ID: 614 | Status: 500 | Time: 45310ms | Error: Timeout 45000ms exceeded
  Target API URL: https://dev-ux-linux-ezabgbfbfxh3gggs.southindia-01.azurewebsites.net/api/Enterprise/GetAllEnterpriseDataV2
--------------------------------------------------------------------------------
[Failed Hit #665] Hit ID: 615 | Status: 500 | Time: 45308ms | Error: Timeout 45000ms exceeded
  Target API URL: https://dev-ux-linux-ezabgbfbfxh3gggs.southindia-01.azurewebsites.net/api/Enterprise/GetAllEnterpriseDataV2
--------------------------------------------------------------------------------
[Failed Hit #666] Hit ID: 616 | Status: 500 | Time: 45308ms | Error: Timeout 45000ms exceeded
  Target API URL: https://dev-ux-linux-ezabgbfbfxh3gggs.southindia-01.azurewebsites.net/api/Enterprise/GetAllEnterpriseDataV2
--------------------------------------------------------------------------------
[Failed Hit #667] Hit ID: 617 | Status: 500 | Time: 45307ms | Error: Timeout 45000ms exceeded
  Target API URL: https://dev-ux-linux-ezabgbfbfxh3gggs.southindia-01.azurewebsites.net/api/Enterprise/GetAllEnterpriseDataV2
--------------------------------------------------------------------------------
[Failed Hit #668] Hit ID: 618 | Status: 500 | Time: 45308ms | Error: Timeout 45000ms exceeded
  Target API URL: https://dev-ux-linux-ezabgbfbfxh3gggs.southindia-01.azurewebsites.net/api/Enterprise/GetAllEnterpriseDataV2
--------------------------------------------------------------------------------
[Failed Hit #669] Hit ID: 619 | Status: 500 | Time: 45307ms | Error: Timeout 45000ms exceeded
  Target API URL: https://dev-ux-linux-ezabgbfbfxh3gggs.southindia-01.azurewebsites.net/api/Enterprise/GetAllEnterpriseDataV2
--------------------------------------------------------------------------------
[Failed Hit #670] Hit ID: 620 | Status: 500 | Time: 45307ms | Error: Timeout 45000ms exceeded
  Target API URL: https://dev-ux-linux-ezabgbfbfxh3gggs.southindia-01.azurewebsites.net/api/Enterprise/GetAllEnterpriseDataV2
--------------------------------------------------------------------------------
[Failed Hit #671] Hit ID: 621 | Status: 500 | Time: 45306ms | Error: Timeout 45000ms exceeded
  Target API URL: https://dev-ux-linux-ezabgbfbfxh3gggs.southindia-01.azurewebsites.net/api/Enterprise/GetAllEnterpriseDataV2
--------------------------------------------------------------------------------
[Failed Hit #672] Hit ID: 622 | Status: 500 | Time: 45306ms | Error: Timeout 45000ms exceeded
  Target API URL: https://dev-ux-linux-ezabgbfbfxh3gggs.southindia-01.azurewebsites.net/api/Enterprise/GetAllEnterpriseDataV2
--------------------------------------------------------------------------------
[Failed Hit #673] Hit ID: 623 | Status: 500 | Time: 45305ms | Error: Timeout 45000ms exceeded
  Target API URL: https://dev-ux-linux-ezabgbfbfxh3gggs.southindia-01.azurewebsites.net/api/Enterprise/GetAllEnterpriseDataV2
--------------------------------------------------------------------------------
[Failed Hit #674] Hit ID: 624 | Status: 500 | Time: 45305ms | Error: Timeout 45000ms exceeded
  Target API URL: https://dev-ux-linux-ezabgbfbfxh3gggs.southindia-01.azurewebsites.net/api/Enterprise/GetAllEnterpriseDataV2
--------------------------------------------------------------------------------
[Failed Hit #675] Hit ID: 625 | Status: 500 | Time: 45304ms | Error: Timeout 45000ms exceeded
  Target API URL: https://dev-ux-linux-ezabgbfbfxh3gggs.southindia-01.azurewebsites.net/api/Enterprise/GetAllEnterpriseDataV2
--------------------------------------------------------------------------------
[Failed Hit #676] Hit ID: 626 | Status: 500 | Time: 45305ms | Error: Timeout 45000ms exceeded
  Target API URL: https://dev-ux-linux-ezabgbfbfxh3gggs.southindia-01.azurewebsites.net/api/Enterprise/GetAllEnterpriseDataV2
--------------------------------------------------------------------------------
[Failed Hit #677] Hit ID: 627 | Status: 500 | Time: 45304ms | Error: Timeout 45000ms exceeded
  Target API URL: https://dev-ux-linux-ezabgbfbfxh3gggs.southindia-01.azurewebsites.net/api/Enterprise/GetAllEnterpriseDataV2
--------------------------------------------------------------------------------
[Failed Hit #678] Hit ID: 628 | Status: 500 | Time: 45304ms | Error: Timeout 45000ms exceeded
  Target API URL: https://dev-ux-linux-ezabgbfbfxh3gggs.southindia-01.azurewebsites.net/api/Enterprise/GetAllEnterpriseDataV2
--------------------------------------------------------------------------------
[Failed Hit #679] Hit ID: 629 | Status: 500 | Time: 45303ms | Error: Timeout 45000ms exceeded
  Target API URL: https://dev-ux-linux-ezabgbfbfxh3gggs.southindia-01.azurewebsites.net/api/Enterprise/GetAllEnterpriseDataV2
--------------------------------------------------------------------------------
[Failed Hit #680] Hit ID: 630 | Status: 500 | Time: 45303ms | Error: Timeout 45000ms exceeded
  Target API URL: https://dev-ux-linux-ezabgbfbfxh3gggs.southindia-01.azurewebsites.net/api/Enterprise/GetAllEnterpriseDataV2
--------------------------------------------------------------------------------
[Failed Hit #681] Hit ID: 631 | Status: 500 | Time: 45302ms | Error: Timeout 45000ms exceeded
  Target API URL: https://dev-ux-linux-ezabgbfbfxh3gggs.southindia-01.azurewebsites.net/api/Enterprise/GetAllEnterpriseDataV2
--------------------------------------------------------------------------------
[Failed Hit #682] Hit ID: 632 | Status: 500 | Time: 45302ms | Error: Timeout 45000ms exceeded
  Target API URL: https://dev-ux-linux-ezabgbfbfxh3gggs.southindia-01.azurewebsites.net/api/Enterprise/GetAllEnterpriseDataV2
--------------------------------------------------------------------------------
[Failed Hit #683] Hit ID: 633 | Status: 500 | Time: 45301ms | Error: Timeout 45000ms exceeded
  Target API URL: https://dev-ux-linux-ezabgbfbfxh3gggs.southindia-01.azurewebsites.net/api/Enterprise/GetAllEnterpriseDataV2
--------------------------------------------------------------------------------
[Failed Hit #684] Hit ID: 634 | Status: 500 | Time: 45302ms | Error: Timeout 45000ms exceeded
  Target API URL: https://dev-ux-linux-ezabgbfbfxh3gggs.southindia-01.azurewebsites.net/api/Enterprise/GetAllEnterpriseDataV2
--------------------------------------------------------------------------------
[Failed Hit #685] Hit ID: 635 | Status: 500 | Time: 45302ms | Error: Timeout 45000ms exceeded
  Target API URL: https://dev-ux-linux-ezabgbfbfxh3gggs.southindia-01.azurewebsites.net/api/Enterprise/GetAllEnterpriseDataV2
--------------------------------------------------------------------------------
[Failed Hit #686] Hit ID: 636 | Status: 500 | Time: 45301ms | Error: Timeout 45000ms exceeded
  Target API URL: https://dev-ux-linux-ezabgbfbfxh3gggs.southindia-01.azurewebsites.net/api/Enterprise/GetAllEnterpriseDataV2
--------------------------------------------------------------------------------
[Failed Hit #687] Hit ID: 637 | Status: 500 | Time: 45301ms | Error: Timeout 45000ms exceeded
  Target API URL: https://dev-ux-linux-ezabgbfbfxh3gggs.southindia-01.azurewebsites.net/api/Enterprise/GetAllEnterpriseDataV2
--------------------------------------------------------------------------------
[Failed Hit #688] Hit ID: 638 | Status: 500 | Time: 45300ms | Error: Timeout 45000ms exceeded
  Target API URL: https://dev-ux-linux-ezabgbfbfxh3gggs.southindia-01.azurewebsites.net/api/Enterprise/GetAllEnterpriseDataV2
--------------------------------------------------------------------------------
[Failed Hit #689] Hit ID: 639 | Status: 500 | Time: 45300ms | Error: Timeout 45000ms exceeded
  Target API URL: https://dev-ux-linux-ezabgbfbfxh3gggs.southindia-01.azurewebsites.net/api/Enterprise/GetAllEnterpriseDataV2
--------------------------------------------------------------------------------
[Failed Hit #690] Hit ID: 640 | Status: 500 | Time: 45299ms | Error: Timeout 45000ms exceeded
  Target API URL: https://dev-ux-linux-ezabgbfbfxh3gggs.southindia-01.azurewebsites.net/api/Enterprise/GetAllEnterpriseDataV2
--------------------------------------------------------------------------------
[Failed Hit #691] Hit ID: 641 | Status: 500 | Time: 45300ms | Error: Timeout 45000ms exceeded
  Target API URL: https://dev-ux-linux-ezabgbfbfxh3gggs.southindia-01.azurewebsites.net/api/Enterprise/GetAllEnterpriseDataV2
--------------------------------------------------------------------------------
[Failed Hit #692] Hit ID: 642 | Status: 500 | Time: 45299ms | Error: Timeout 45000ms exceeded
  Target API URL: https://dev-ux-linux-ezabgbfbfxh3gggs.southindia-01.azurewebsites.net/api/Enterprise/GetAllEnterpriseDataV2
--------------------------------------------------------------------------------
[Failed Hit #693] Hit ID: 643 | Status: 500 | Time: 45299ms | Error: Timeout 45000ms exceeded
  Target API URL: https://dev-ux-linux-ezabgbfbfxh3gggs.southindia-01.azurewebsites.net/api/Enterprise/GetAllEnterpriseDataV2
--------------------------------------------------------------------------------
[Failed Hit #694] Hit ID: 644 | Status: 500 | Time: 45298ms | Error: Timeout 45000ms exceeded
  Target API URL: https://dev-ux-linux-ezabgbfbfxh3gggs.southindia-01.azurewebsites.net/api/Enterprise/GetAllEnterpriseDataV2
--------------------------------------------------------------------------------
[Failed Hit #695] Hit ID: 645 | Status: 500 | Time: 45298ms | Error: Timeout 45000ms exceeded
  Target API URL: https://dev-ux-linux-ezabgbfbfxh3gggs.southindia-01.azurewebsites.net/api/Enterprise/GetAllEnterpriseDataV2
--------------------------------------------------------------------------------
[Failed Hit #696] Hit ID: 646 | Status: 500 | Time: 45297ms | Error: Timeout 45000ms exceeded
  Target API URL: https://dev-ux-linux-ezabgbfbfxh3gggs.southindia-01.azurewebsites.net/api/Enterprise/GetAllEnterpriseDataV2
--------------------------------------------------------------------------------
[Failed Hit #697] Hit ID: 647 | Status: 500 | Time: 45297ms | Error: Timeout 45000ms exceeded
  Target API URL: https://dev-ux-linux-ezabgbfbfxh3gggs.southindia-01.azurewebsites.net/api/Enterprise/GetAllEnterpriseDataV2
--------------------------------------------------------------------------------
[Failed Hit #698] Hit ID: 648 | Status: 500 | Time: 45297ms | Error: Timeout 45000ms exceeded
  Target API URL: https://dev-ux-linux-ezabgbfbfxh3gggs.southindia-01.azurewebsites.net/api/Enterprise/GetAllEnterpriseDataV2
--------------------------------------------------------------------------------
[Failed Hit #699] Hit ID: 649 | Status: 500 | Time: 45297ms | Error: Timeout 45000ms exceeded
  Target API URL: https://dev-ux-linux-ezabgbfbfxh3gggs.southindia-01.azurewebsites.net/api/Enterprise/GetAllEnterpriseDataV2
--------------------------------------------------------------------------------
[Failed Hit #700] Hit ID: 650 | Status: 500 | Time: 45298ms | Error: Timeout 45000ms exceeded
  Target API URL: https://dev-ux-linux-ezabgbfbfxh3gggs.southindia-01.azurewebsites.net/api/Enterprise/GetAllEnterpriseDataV2
--------------------------------------------------------------------------------
[Failed Hit #701] Hit ID: 651 | Status: 500 | Time: 45297ms | Error: Timeout 45000ms exceeded
  Target API URL: https://dev-ux-linux-ezabgbfbfxh3gggs.southindia-01.azurewebsites.net/api/Enterprise/GetAllEnterpriseDataV2
--------------------------------------------------------------------------------
[Failed Hit #702] Hit ID: 652 | Status: 500 | Time: 45297ms | Error: Timeout 45000ms exceeded
  Target API URL: https://dev-ux-linux-ezabgbfbfxh3gggs.southindia-01.azurewebsites.net/api/Enterprise/GetAllEnterpriseDataV2
--------------------------------------------------------------------------------
[Failed Hit #703] Hit ID: 653 | Status: 500 | Time: 45296ms | Error: Timeout 45000ms exceeded
  Target API URL: https://dev-ux-linux-ezabgbfbfxh3gggs.southindia-01.azurewebsites.net/api/Enterprise/GetAllEnterpriseDataV2
--------------------------------------------------------------------------------
[Failed Hit #704] Hit ID: 654 | Status: 500 | Time: 45296ms | Error: Timeout 45000ms exceeded
  Target API URL: https://dev-ux-linux-ezabgbfbfxh3gggs.southindia-01.azurewebsites.net/api/Enterprise/GetAllEnterpriseDataV2
--------------------------------------------------------------------------------
[Failed Hit #705] Hit ID: 655 | Status: 500 | Time: 45294ms | Error: Timeout 45000ms exceeded
  Target API URL: https://dev-ux-linux-ezabgbfbfxh3gggs.southindia-01.azurewebsites.net/api/Enterprise/GetAllEnterpriseDataV2
--------------------------------------------------------------------------------
[Failed Hit #706] Hit ID: 656 | Status: 500 | Time: 45294ms | Error: Timeout 45000ms exceeded
  Target API URL: https://dev-ux-linux-ezabgbfbfxh3gggs.southindia-01.azurewebsites.net/api/Enterprise/GetAllEnterpriseDataV2
--------------------------------------------------------------------------------
[Failed Hit #707] Hit ID: 657 | Status: 500 | Time: 45294ms | Error: Timeout 45000ms exceeded
  Target API URL: https://dev-ux-linux-ezabgbfbfxh3gggs.southindia-01.azurewebsites.net/api/Enterprise/GetAllEnterpriseDataV2
--------------------------------------------------------------------------------
[Failed Hit #708] Hit ID: 658 | Status: 500 | Time: 45293ms | Error: Timeout 45000ms exceeded
  Target API URL: https://dev-ux-linux-ezabgbfbfxh3gggs.southindia-01.azurewebsites.net/api/Enterprise/GetAllEnterpriseDataV2
--------------------------------------------------------------------------------
[Failed Hit #709] Hit ID: 659 | Status: 500 | Time: 45293ms | Error: Timeout 45000ms exceeded
  Target API URL: https://dev-ux-linux-ezabgbfbfxh3gggs.southindia-01.azurewebsites.net/api/Enterprise/GetAllEnterpriseDataV2
--------------------------------------------------------------------------------
[Failed Hit #710] Hit ID: 660 | Status: 500 | Time: 45292ms | Error: Timeout 45000ms exceeded
  Target API URL: https://dev-ux-linux-ezabgbfbfxh3gggs.southindia-01.azurewebsites.net/api/Enterprise/GetAllEnterpriseDataV2
--------------------------------------------------------------------------------
[Failed Hit #711] Hit ID: 661 | Status: 500 | Time: 45292ms | Error: Timeout 45000ms exceeded
  Target API URL: https://dev-ux-linux-ezabgbfbfxh3gggs.southindia-01.azurewebsites.net/api/Enterprise/GetAllEnterpriseDataV2
--------------------------------------------------------------------------------
[Failed Hit #712] Hit ID: 662 | Status: 500 | Time: 45291ms | Error: Timeout 45000ms exceeded
  Target API URL: https://dev-ux-linux-ezabgbfbfxh3gggs.southindia-01.azurewebsites.net/api/Enterprise/GetAllEnterpriseDataV2
--------------------------------------------------------------------------------
[Failed Hit #713] Hit ID: 663 | Status: 500 | Time: 45292ms | Error: Timeout 45000ms exceeded
  Target API URL: https://dev-ux-linux-ezabgbfbfxh3gggs.southindia-01.azurewebsites.net/api/Enterprise/GetAllEnterpriseDataV2
--------------------------------------------------------------------------------
[Failed Hit #714] Hit ID: 664 | Status: 500 | Time: 45292ms | Error: Timeout 45000ms exceeded
  Target API URL: https://dev-ux-linux-ezabgbfbfxh3gggs.southindia-01.azurewebsites.net/api/Enterprise/GetAllEnterpriseDataV2
--------------------------------------------------------------------------------
[Failed Hit #715] Hit ID: 665 | Status: 500 | Time: 45291ms | Error: Timeout 45000ms exceeded
  Target API URL: https://dev-ux-linux-ezabgbfbfxh3gggs.southindia-01.azurewebsites.net/api/Enterprise/GetAllEnterpriseDataV2
--------------------------------------------------------------------------------
[Failed Hit #716] Hit ID: 666 | Status: 500 | Time: 45291ms | Error: Timeout 45000ms exceeded
  Target API URL: https://dev-ux-linux-ezabgbfbfxh3gggs.southindia-01.azurewebsites.net/api/Enterprise/GetAllEnterpriseDataV2
--------------------------------------------------------------------------------
[Failed Hit #717] Hit ID: 667 | Status: 500 | Time: 45290ms | Error: Timeout 45000ms exceeded
  Target API URL: https://dev-ux-linux-ezabgbfbfxh3gggs.southindia-01.azurewebsites.net/api/Enterprise/GetAllEnterpriseDataV2
--------------------------------------------------------------------------------
[Failed Hit #718] Hit ID: 668 | Status: 500 | Time: 45290ms | Error: Timeout 45000ms exceeded
  Target API URL: https://dev-ux-linux-ezabgbfbfxh3gggs.southindia-01.azurewebsites.net/api/Enterprise/GetAllEnterpriseDataV2
--------------------------------------------------------------------------------
[Failed Hit #719] Hit ID: 669 | Status: 500 | Time: 45289ms | Error: Timeout 45000ms exceeded
  Target API URL: https://dev-ux-linux-ezabgbfbfxh3gggs.southindia-01.azurewebsites.net/api/Enterprise/GetAllEnterpriseDataV2
--------------------------------------------------------------------------------
[Failed Hit #720] Hit ID: 670 | Status: 500 | Time: 45289ms | Error: Timeout 45000ms exceeded
  Target API URL: https://dev-ux-linux-ezabgbfbfxh3gggs.southindia-01.azurewebsites.net/api/Enterprise/GetAllEnterpriseDataV2
--------------------------------------------------------------------------------
[Failed Hit #721] Hit ID: 671 | Status: 500 | Time: 45289ms | Error: Timeout 45000ms exceeded
  Target API URL: https://dev-ux-linux-ezabgbfbfxh3gggs.southindia-01.azurewebsites.net/api/Enterprise/GetAllEnterpriseDataV2
--------------------------------------------------------------------------------
[Failed Hit #722] Hit ID: 672 | Status: 500 | Time: 45289ms | Error: Timeout 45000ms exceeded
  Target API URL: https://dev-ux-linux-ezabgbfbfxh3gggs.southindia-01.azurewebsites.net/api/Enterprise/GetAllEnterpriseDataV2
--------------------------------------------------------------------------------
[Failed Hit #723] Hit ID: 673 | Status: 500 | Time: 45288ms | Error: Timeout 45000ms exceeded
  Target API URL: https://dev-ux-linux-ezabgbfbfxh3gggs.southindia-01.azurewebsites.net/api/Enterprise/GetAllEnterpriseDataV2
--------------------------------------------------------------------------------
[Failed Hit #724] Hit ID: 674 | Status: 500 | Time: 45288ms | Error: Timeout 45000ms exceeded
  Target API URL: https://dev-ux-linux-ezabgbfbfxh3gggs.southindia-01.azurewebsites.net/api/Enterprise/GetAllEnterpriseDataV2
--------------------------------------------------------------------------------
[Failed Hit #725] Hit ID: 675 | Status: 500 | Time: 45287ms | Error: Timeout 45000ms exceeded
  Target API URL: https://dev-ux-linux-ezabgbfbfxh3gggs.southindia-01.azurewebsites.net/api/Enterprise/GetAllEnterpriseDataV2
--------------------------------------------------------------------------------
[Failed Hit #726] Hit ID: 676 | Status: 500 | Time: 45287ms | Error: Timeout 45000ms exceeded
  Target API URL: https://dev-ux-linux-ezabgbfbfxh3gggs.southindia-01.azurewebsites.net/api/Enterprise/GetAllEnterpriseDataV2
--------------------------------------------------------------------------------
[Failed Hit #727] Hit ID: 677 | Status: 500 | Time: 45286ms | Error: Timeout 45000ms exceeded
  Target API URL: https://dev-ux-linux-ezabgbfbfxh3gggs.southindia-01.azurewebsites.net/api/Enterprise/GetAllEnterpriseDataV2
--------------------------------------------------------------------------------
[Failed Hit #728] Hit ID: 678 | Status: 500 | Time: 45286ms | Error: Timeout 45000ms exceeded
  Target API URL: https://dev-ux-linux-ezabgbfbfxh3gggs.southindia-01.azurewebsites.net/api/Enterprise/GetAllEnterpriseDataV2
--------------------------------------------------------------------------------
[Failed Hit #729] Hit ID: 679 | Status: 500 | Time: 45287ms | Error: Timeout 45000ms exceeded
  Target API URL: https://dev-ux-linux-ezabgbfbfxh3gggs.southindia-01.azurewebsites.net/api/Enterprise/GetAllEnterpriseDataV2
--------------------------------------------------------------------------------
[Failed Hit #730] Hit ID: 680 | Status: 500 | Time: 45286ms | Error: Timeout 45000ms exceeded
  Target API URL: https://dev-ux-linux-ezabgbfbfxh3gggs.southindia-01.azurewebsites.net/api/Enterprise/GetAllEnterpriseDataV2
--------------------------------------------------------------------------------
[Failed Hit #731] Hit ID: 681 | Status: 500 | Time: 45286ms | Error: Timeout 45000ms exceeded
  Target API URL: https://dev-ux-linux-ezabgbfbfxh3gggs.southindia-01.azurewebsites.net/api/Enterprise/GetAllEnterpriseDataV2
--------------------------------------------------------------------------------
[Failed Hit #732] Hit ID: 682 | Status: 500 | Time: 45285ms | Error: Timeout 45000ms exceeded
  Target API URL: https://dev-ux-linux-ezabgbfbfxh3gggs.southindia-01.azurewebsites.net/api/Enterprise/GetAllEnterpriseDataV2
--------------------------------------------------------------------------------
[Failed Hit #733] Hit ID: 683 | Status: 500 | Time: 45285ms | Error: Timeout 45000ms exceeded
  Target API URL: https://dev-ux-linux-ezabgbfbfxh3gggs.southindia-01.azurewebsites.net/api/Enterprise/GetAllEnterpriseDataV2
--------------------------------------------------------------------------------
[Failed Hit #734] Hit ID: 684 | Status: 500 | Time: 45284ms | Error: Timeout 45000ms exceeded
  Target API URL: https://dev-ux-linux-ezabgbfbfxh3gggs.southindia-01.azurewebsites.net/api/Enterprise/GetAllEnterpriseDataV2
--------------------------------------------------------------------------------
[Failed Hit #735] Hit ID: 685 | Status: 500 | Time: 45284ms | Error: Timeout 45000ms exceeded
  Target API URL: https://dev-ux-linux-ezabgbfbfxh3gggs.southindia-01.azurewebsites.net/api/Enterprise/GetAllEnterpriseDataV2
--------------------------------------------------------------------------------
[Failed Hit #736] Hit ID: 686 | Status: 500 | Time: 45283ms | Error: Timeout 45000ms exceeded
  Target API URL: https://dev-ux-linux-ezabgbfbfxh3gggs.southindia-01.azurewebsites.net/api/Enterprise/GetAllEnterpriseDataV2
--------------------------------------------------------------------------------
[Failed Hit #737] Hit ID: 687 | Status: 500 | Time: 45284ms | Error: Timeout 45000ms exceeded
  Target API URL: https://dev-ux-linux-ezabgbfbfxh3gggs.southindia-01.azurewebsites.net/api/Enterprise/GetAllEnterpriseDataV2
--------------------------------------------------------------------------------
[Failed Hit #738] Hit ID: 688 | Status: 500 | Time: 45283ms | Error: Timeout 45000ms exceeded
  Target API URL: https://dev-ux-linux-ezabgbfbfxh3gggs.southindia-01.azurewebsites.net/api/Enterprise/GetAllEnterpriseDataV2
--------------------------------------------------------------------------------
[Failed Hit #739] Hit ID: 689 | Status: 500 | Time: 45283ms | Error: Timeout 45000ms exceeded
  Target API URL: https://dev-ux-linux-ezabgbfbfxh3gggs.southindia-01.azurewebsites.net/api/Enterprise/GetAllEnterpriseDataV2
--------------------------------------------------------------------------------
[Failed Hit #740] Hit ID: 690 | Status: 500 | Time: 45282ms | Error: Timeout 45000ms exceeded
  Target API URL: https://dev-ux-linux-ezabgbfbfxh3gggs.southindia-01.azurewebsites.net/api/Enterprise/GetAllEnterpriseDataV2
--------------------------------------------------------------------------------
[Failed Hit #741] Hit ID: 691 | Status: 500 | Time: 45316ms | Error: Timeout 45000ms exceeded
  Target API URL: https://dev-ux-linux-ezabgbfbfxh3gggs.southindia-01.azurewebsites.net/api/Enterprise/GetAllEnterpriseDataV2
--------------------------------------------------------------------------------
[Failed Hit #742] Hit ID: 692 | Status: 500 | Time: 45315ms | Error: Timeout 45000ms exceeded
  Target API URL: https://dev-ux-linux-ezabgbfbfxh3gggs.southindia-01.azurewebsites.net/api/Enterprise/GetAllEnterpriseDataV2
--------------------------------------------------------------------------------
[Failed Hit #743] Hit ID: 693 | Status: 500 | Time: 45316ms | Error: Timeout 45000ms exceeded
  Target API URL: https://dev-ux-linux-ezabgbfbfxh3gggs.southindia-01.azurewebsites.net/api/Enterprise/GetAllEnterpriseDataV2
--------------------------------------------------------------------------------
[Failed Hit #744] Hit ID: 694 | Status: 500 | Time: 45315ms | Error: Timeout 45000ms exceeded
  Target API URL: https://dev-ux-linux-ezabgbfbfxh3gggs.southindia-01.azurewebsites.net/api/Enterprise/GetAllEnterpriseDataV2
--------------------------------------------------------------------------------
[Failed Hit #745] Hit ID: 695 | Status: 500 | Time: 45313ms | Error: Timeout 45000ms exceeded
  Target API URL: https://dev-ux-linux-ezabgbfbfxh3gggs.southindia-01.azurewebsites.net/api/Enterprise/GetAllEnterpriseDataV2
--------------------------------------------------------------------------------
[Failed Hit #746] Hit ID: 696 | Status: 500 | Time: 45313ms | Error: Timeout 45000ms exceeded
  Target API URL: https://dev-ux-linux-ezabgbfbfxh3gggs.southindia-01.azurewebsites.net/api/Enterprise/GetAllEnterpriseDataV2
--------------------------------------------------------------------------------
[Failed Hit #747] Hit ID: 697 | Status: 500 | Time: 45312ms | Error: Timeout 45000ms exceeded
  Target API URL: https://dev-ux-linux-ezabgbfbfxh3gggs.southindia-01.azurewebsites.net/api/Enterprise/GetAllEnterpriseDataV2
--------------------------------------------------------------------------------
[Failed Hit #748] Hit ID: 698 | Status: 500 | Time: 45313ms | Error: Timeout 45000ms exceeded
  Target API URL: https://dev-ux-linux-ezabgbfbfxh3gggs.southindia-01.azurewebsites.net/api/Enterprise/GetAllEnterpriseDataV2
--------------------------------------------------------------------------------
[Failed Hit #749] Hit ID: 699 | Status: 500 | Time: 45313ms | Error: Timeout 45000ms exceeded
  Target API URL: https://dev-ux-linux-ezabgbfbfxh3gggs.southindia-01.azurewebsites.net/api/Enterprise/GetAllEnterpriseDataV2
--------------------------------------------------------------------------------
[Failed Hit #750] Hit ID: 700 | Status: 500 | Time: 45312ms | Error: Timeout 45000ms exceeded
  Target API URL: https://dev-ux-linux-ezabgbfbfxh3gggs.southindia-01.azurewebsites.net/api/Enterprise/GetAllEnterpriseDataV2
--------------------------------------------------------------------------------
[Failed Hit #751] Hit ID: 701 | Status: 500 | Time: 45312ms | Error: Timeout 45000ms exceeded
  Target API URL: https://dev-ux-linux-ezabgbfbfxh3gggs.southindia-01.azurewebsites.net/api/Enterprise/GetAllEnterpriseDataV2
--------------------------------------------------------------------------------
[Failed Hit #752] Hit ID: 702 | Status: 500 | Time: 45311ms | Error: Timeout 45000ms exceeded
  Target API URL: https://dev-ux-linux-ezabgbfbfxh3gggs.southindia-01.azurewebsites.net/api/Enterprise/GetAllEnterpriseDataV2
--------------------------------------------------------------------------------
[Failed Hit #753] Hit ID: 703 | Status: 500 | Time: 45311ms | Error: Timeout 45000ms exceeded
  Target API URL: https://dev-ux-linux-ezabgbfbfxh3gggs.southindia-01.azurewebsites.net/api/Enterprise/GetAllEnterpriseDataV2
--------------------------------------------------------------------------------
[Failed Hit #754] Hit ID: 704 | Status: 500 | Time: 45311ms | Error: Timeout 45000ms exceeded
  Target API URL: https://dev-ux-linux-ezabgbfbfxh3gggs.southindia-01.azurewebsites.net/api/Enterprise/GetAllEnterpriseDataV2
--------------------------------------------------------------------------------
[Failed Hit #755] Hit ID: 705 | Status: 500 | Time: 45311ms | Error: Timeout 45000ms exceeded
  Target API URL: https://dev-ux-linux-ezabgbfbfxh3gggs.southindia-01.azurewebsites.net/api/Enterprise/GetAllEnterpriseDataV2
--------------------------------------------------------------------------------
[Failed Hit #756] Hit ID: 706 | Status: 500 | Time: 45310ms | Error: Timeout 45000ms exceeded
  Target API URL: https://dev-ux-linux-ezabgbfbfxh3gggs.southindia-01.azurewebsites.net/api/Enterprise/GetAllEnterpriseDataV2
--------------------------------------------------------------------------------
[Failed Hit #757] Hit ID: 707 | Status: 500 | Time: 45310ms | Error: Timeout 45000ms exceeded
  Target API URL: https://dev-ux-linux-ezabgbfbfxh3gggs.southindia-01.azurewebsites.net/api/Enterprise/GetAllEnterpriseDataV2
--------------------------------------------------------------------------------
[Failed Hit #758] Hit ID: 708 | Status: 500 | Time: 45309ms | Error: Timeout 45000ms exceeded
  Target API URL: https://dev-ux-linux-ezabgbfbfxh3gggs.southindia-01.azurewebsites.net/api/Enterprise/GetAllEnterpriseDataV2
--------------------------------------------------------------------------------
[Failed Hit #759] Hit ID: 709 | Status: 500 | Time: 45310ms | Error: Timeout 45000ms exceeded
  Target API URL: https://dev-ux-linux-ezabgbfbfxh3gggs.southindia-01.azurewebsites.net/api/Enterprise/GetAllEnterpriseDataV2
--------------------------------------------------------------------------------
[Failed Hit #760] Hit ID: 710 | Status: 500 | Time: 45310ms | Error: Timeout 45000ms exceeded
  Target API URL: https://dev-ux-linux-ezabgbfbfxh3gggs.southindia-01.azurewebsites.net/api/Enterprise/GetAllEnterpriseDataV2
--------------------------------------------------------------------------------
[Failed Hit #761] Hit ID: 711 | Status: 500 | Time: 45309ms | Error: Timeout 45000ms exceeded
  Target API URL: https://dev-ux-linux-ezabgbfbfxh3gggs.southindia-01.azurewebsites.net/api/Enterprise/GetAllEnterpriseDataV2
--------------------------------------------------------------------------------
[Failed Hit #762] Hit ID: 712 | Status: 500 | Time: 45309ms | Error: Timeout 45000ms exceeded
  Target API URL: https://dev-ux-linux-ezabgbfbfxh3gggs.southindia-01.azurewebsites.net/api/Enterprise/GetAllEnterpriseDataV2
--------------------------------------------------------------------------------
[Failed Hit #763] Hit ID: 713 | Status: 500 | Time: 45308ms | Error: Timeout 45000ms exceeded
  Target API URL: https://dev-ux-linux-ezabgbfbfxh3gggs.southindia-01.azurewebsites.net/api/Enterprise/GetAllEnterpriseDataV2
--------------------------------------------------------------------------------
[Failed Hit #764] Hit ID: 714 | Status: 500 | Time: 45308ms | Error: Timeout 45000ms exceeded
  Target API URL: https://dev-ux-linux-ezabgbfbfxh3gggs.southindia-01.azurewebsites.net/api/Enterprise/GetAllEnterpriseDataV2
--------------------------------------------------------------------------------
[Failed Hit #765] Hit ID: 715 | Status: 500 | Time: 45308ms | Error: Timeout 45000ms exceeded
  Target API URL: https://dev-ux-linux-ezabgbfbfxh3gggs.southindia-01.azurewebsites.net/api/Enterprise/GetAllEnterpriseDataV2
--------------------------------------------------------------------------------
[Failed Hit #766] Hit ID: 716 | Status: 500 | Time: 45308ms | Error: Timeout 45000ms exceeded
  Target API URL: https://dev-ux-linux-ezabgbfbfxh3gggs.southindia-01.azurewebsites.net/api/Enterprise/GetAllEnterpriseDataV2
--------------------------------------------------------------------------------
[Failed Hit #767] Hit ID: 717 | Status: 500 | Time: 45307ms | Error: Timeout 45000ms exceeded
  Target API URL: https://dev-ux-linux-ezabgbfbfxh3gggs.southindia-01.azurewebsites.net/api/Enterprise/GetAllEnterpriseDataV2
--------------------------------------------------------------------------------
[Failed Hit #768] Hit ID: 718 | Status: 500 | Time: 45307ms | Error: Timeout 45000ms exceeded
  Target API URL: https://dev-ux-linux-ezabgbfbfxh3gggs.southindia-01.azurewebsites.net/api/Enterprise/GetAllEnterpriseDataV2
--------------------------------------------------------------------------------
[Failed Hit #769] Hit ID: 719 | Status: 500 | Time: 45307ms | Error: Timeout 45000ms exceeded
  Target API URL: https://dev-ux-linux-ezabgbfbfxh3gggs.southindia-01.azurewebsites.net/api/Enterprise/GetAllEnterpriseDataV2
--------------------------------------------------------------------------------
[Failed Hit #770] Hit ID: 720 | Status: 500 | Time: 45307ms | Error: Timeout 45000ms exceeded
  Target API URL: https://dev-ux-linux-ezabgbfbfxh3gggs.southindia-01.azurewebsites.net/api/Enterprise/GetAllEnterpriseDataV2
--------------------------------------------------------------------------------
[Failed Hit #771] Hit ID: 721 | Status: 500 | Time: 45306ms | Error: Timeout 45000ms exceeded
  Target API URL: https://dev-ux-linux-ezabgbfbfxh3gggs.southindia-01.azurewebsites.net/api/Enterprise/GetAllEnterpriseDataV2
--------------------------------------------------------------------------------
[Failed Hit #772] Hit ID: 722 | Status: 500 | Time: 45306ms | Error: Timeout 45000ms exceeded
  Target API URL: https://dev-ux-linux-ezabgbfbfxh3gggs.southindia-01.azurewebsites.net/api/Enterprise/GetAllEnterpriseDataV2
--------------------------------------------------------------------------------
[Failed Hit #773] Hit ID: 723 | Status: 500 | Time: 45305ms | Error: Timeout 45000ms exceeded
  Target API URL: https://dev-ux-linux-ezabgbfbfxh3gggs.southindia-01.azurewebsites.net/api/Enterprise/GetAllEnterpriseDataV2
--------------------------------------------------------------------------------
[Failed Hit #774] Hit ID: 724 | Status: 500 | Time: 45305ms | Error: Timeout 45000ms exceeded
  Target API URL: https://dev-ux-linux-ezabgbfbfxh3gggs.southindia-01.azurewebsites.net/api/Enterprise/GetAllEnterpriseDataV2
--------------------------------------------------------------------------------
[Failed Hit #775] Hit ID: 725 | Status: 500 | Time: 45306ms | Error: Timeout 45000ms exceeded
  Target API URL: https://dev-ux-linux-ezabgbfbfxh3gggs.southindia-01.azurewebsites.net/api/Enterprise/GetAllEnterpriseDataV2
--------------------------------------------------------------------------------
[Failed Hit #776] Hit ID: 726 | Status: 500 | Time: 45305ms | Error: Timeout 45000ms exceeded
  Target API URL: https://dev-ux-linux-ezabgbfbfxh3gggs.southindia-01.azurewebsites.net/api/Enterprise/GetAllEnterpriseDataV2
--------------------------------------------------------------------------------
[Failed Hit #777] Hit ID: 727 | Status: 500 | Time: 45305ms | Error: Timeout 45000ms exceeded
  Target API URL: https://dev-ux-linux-ezabgbfbfxh3gggs.southindia-01.azurewebsites.net/api/Enterprise/GetAllEnterpriseDataV2
--------------------------------------------------------------------------------
[Failed Hit #778] Hit ID: 728 | Status: 500 | Time: 45305ms | Error: Timeout 45000ms exceeded
  Target API URL: https://dev-ux-linux-ezabgbfbfxh3gggs.southindia-01.azurewebsites.net/api/Enterprise/GetAllEnterpriseDataV2
--------------------------------------------------------------------------------
[Failed Hit #779] Hit ID: 729 | Status: 500 | Time: 45305ms | Error: Timeout 45000ms exceeded
  Target API URL: https://dev-ux-linux-ezabgbfbfxh3gggs.southindia-01.azurewebsites.net/api/Enterprise/GetAllEnterpriseDataV2
--------------------------------------------------------------------------------
[Failed Hit #780] Hit ID: 730 | Status: 500 | Time: 45304ms | Error: Timeout 45000ms exceeded
  Target API URL: https://dev-ux-linux-ezabgbfbfxh3gggs.southindia-01.azurewebsites.net/api/Enterprise/GetAllEnterpriseDataV2
--------------------------------------------------------------------------------
[Failed Hit #781] Hit ID: 731 | Status: 500 | Time: 45304ms | Error: Timeout 45000ms exceeded
  Target API URL: https://dev-ux-linux-ezabgbfbfxh3gggs.southindia-01.azurewebsites.net/api/Enterprise/GetAllEnterpriseDataV2
--------------------------------------------------------------------------------
[Failed Hit #782] Hit ID: 732 | Status: 500 | Time: 45303ms | Error: Timeout 45000ms exceeded
  Target API URL: https://dev-ux-linux-ezabgbfbfxh3gggs.southindia-01.azurewebsites.net/api/Enterprise/GetAllEnterpriseDataV2
--------------------------------------------------------------------------------
[Failed Hit #783] Hit ID: 734 | Status: 500 | Time: 45302ms | Error: Timeout 45000ms exceeded
  Target API URL: https://dev-ux-linux-ezabgbfbfxh3gggs.southindia-01.azurewebsites.net/api/Enterprise/GetAllEnterpriseDataV2
--------------------------------------------------------------------------------
[Failed Hit #784] Hit ID: 736 | Status: 500 | Time: 45301ms | Error: Timeout 45000ms exceeded
  Target API URL: https://dev-ux-linux-ezabgbfbfxh3gggs.southindia-01.azurewebsites.net/api/Enterprise/GetAllEnterpriseDataV2
--------------------------------------------------------------------------------
[Failed Hit #785] Hit ID: 739 | Status: 500 | Time: 45300ms | Error: Timeout 45000ms exceeded
  Target API URL: https://dev-ux-linux-ezabgbfbfxh3gggs.southindia-01.azurewebsites.net/api/Enterprise/GetAllEnterpriseDataV2
--------------------------------------------------------------------------------
[Failed Hit #786] Hit ID: 740 | Status: 500 | Time: 45299ms | Error: Timeout 45000ms exceeded
  Target API URL: https://dev-ux-linux-ezabgbfbfxh3gggs.southindia-01.azurewebsites.net/api/Enterprise/GetAllEnterpriseDataV2
--------------------------------------------------------------------------------
[Failed Hit #787] Hit ID: 741 | Status: 500 | Time: 45299ms | Error: Timeout 45000ms exceeded
  Target API URL: https://dev-ux-linux-ezabgbfbfxh3gggs.southindia-01.azurewebsites.net/api/Enterprise/GetAllEnterpriseDataV2
--------------------------------------------------------------------------------
[Failed Hit #788] Hit ID: 742 | Status: 500 | Time: 45298ms | Error: Timeout 45000ms exceeded
  Target API URL: https://dev-ux-linux-ezabgbfbfxh3gggs.southindia-01.azurewebsites.net/api/Enterprise/GetAllEnterpriseDataV2
--------------------------------------------------------------------------------
[Failed Hit #789] Hit ID: 743 | Status: 500 | Time: 45299ms | Error: Timeout 45000ms exceeded
  Target API URL: https://dev-ux-linux-ezabgbfbfxh3gggs.southindia-01.azurewebsites.net/api/Enterprise/GetAllEnterpriseDataV2
--------------------------------------------------------------------------------
[Failed Hit #790] Hit ID: 744 | Status: 500 | Time: 45298ms | Error: Timeout 45000ms exceeded
  Target API URL: https://dev-ux-linux-ezabgbfbfxh3gggs.southindia-01.azurewebsites.net/api/Enterprise/GetAllEnterpriseDataV2
--------------------------------------------------------------------------------
[Failed Hit #791] Hit ID: 745 | Status: 500 | Time: 45298ms | Error: Timeout 45000ms exceeded
  Target API URL: https://dev-ux-linux-ezabgbfbfxh3gggs.southindia-01.azurewebsites.net/api/Enterprise/GetAllEnterpriseDataV2
--------------------------------------------------------------------------------
[Failed Hit #792] Hit ID: 746 | Status: 500 | Time: 45297ms | Error: Timeout 45000ms exceeded
  Target API URL: https://dev-ux-linux-ezabgbfbfxh3gggs.southindia-01.azurewebsites.net/api/Enterprise/GetAllEnterpriseDataV2
--------------------------------------------------------------------------------
[Failed Hit #793] Hit ID: 747 | Status: 500 | Time: 45297ms | Error: Timeout 45000ms exceeded
  Target API URL: https://dev-ux-linux-ezabgbfbfxh3gggs.southindia-01.azurewebsites.net/api/Enterprise/GetAllEnterpriseDataV2
--------------------------------------------------------------------------------
[Failed Hit #794] Hit ID: 748 | Status: 500 | Time: 45298ms | Error: Timeout 45000ms exceeded
  Target API URL: https://dev-ux-linux-ezabgbfbfxh3gggs.southindia-01.azurewebsites.net/api/Enterprise/GetAllEnterpriseDataV2
--------------------------------------------------------------------------------
[Failed Hit #795] Hit ID: 749 | Status: 500 | Time: 45297ms | Error: Timeout 45000ms exceeded
  Target API URL: https://dev-ux-linux-ezabgbfbfxh3gggs.southindia-01.azurewebsites.net/api/Enterprise/GetAllEnterpriseDataV2
--------------------------------------------------------------------------------
[Failed Hit #796] Hit ID: 750 | Status: 500 | Time: 45297ms | Error: Timeout 45000ms exceeded
  Target API URL: https://dev-ux-linux-ezabgbfbfxh3gggs.southindia-01.azurewebsites.net/api/Enterprise/GetAllEnterpriseDataV2
--------------------------------------------------------------------------------
[Failed Hit #797] Hit ID: 751 | Status: 500 | Time: 45296ms | Error: Timeout 45000ms exceeded
  Target API URL: https://dev-ux-linux-ezabgbfbfxh3gggs.southindia-01.azurewebsites.net/api/Enterprise/GetAllEnterpriseDataV2
--------------------------------------------------------------------------------
[Failed Hit #798] Hit ID: 752 | Status: 500 | Time: 45296ms | Error: Timeout 45000ms exceeded
  Target API URL: https://dev-ux-linux-ezabgbfbfxh3gggs.southindia-01.azurewebsites.net/api/Enterprise/GetAllEnterpriseDataV2
--------------------------------------------------------------------------------
[Failed Hit #799] Hit ID: 753 | Status: 500 | Time: 45295ms | Error: Timeout 45000ms exceeded
  Target API URL: https://dev-ux-linux-ezabgbfbfxh3gggs.southindia-01.azurewebsites.net/api/Enterprise/GetAllEnterpriseDataV2
--------------------------------------------------------------------------------
[Failed Hit #800] Hit ID: 754 | Status: 500 | Time: 45296ms | Error: Timeout 45000ms exceeded
  Target API URL: https://dev-ux-linux-ezabgbfbfxh3gggs.southindia-01.azurewebsites.net/api/Enterprise/GetAllEnterpriseDataV2
--------------------------------------------------------------------------------
[Failed Hit #801] Hit ID: 755 | Status: 500 | Time: 45295ms | Error: Timeout 45000ms exceeded
  Target API URL: https://dev-ux-linux-ezabgbfbfxh3gggs.southindia-01.azurewebsites.net/api/Enterprise/GetAllEnterpriseDataV2
--------------------------------------------------------------------------------
[Failed Hit #802] Hit ID: 756 | Status: 500 | Time: 45295ms | Error: Timeout 45000ms exceeded
  Target API URL: https://dev-ux-linux-ezabgbfbfxh3gggs.southindia-01.azurewebsites.net/api/Enterprise/GetAllEnterpriseDataV2
--------------------------------------------------------------------------------
[Failed Hit #803] Hit ID: 757 | Status: 500 | Time: 45294ms | Error: Timeout 45000ms exceeded
  Target API URL: https://dev-ux-linux-ezabgbfbfxh3gggs.southindia-01.azurewebsites.net/api/Enterprise/GetAllEnterpriseDataV2
--------------------------------------------------------------------------------
[Failed Hit #804] Hit ID: 758 | Status: 500 | Time: 45294ms | Error: Timeout 45000ms exceeded
  Target API URL: https://dev-ux-linux-ezabgbfbfxh3gggs.southindia-01.azurewebsites.net/api/Enterprise/GetAllEnterpriseDataV2
--------------------------------------------------------------------------------
[Failed Hit #805] Hit ID: 759 | Status: 500 | Time: 45294ms | Error: Timeout 45000ms exceeded
  Target API URL: https://dev-ux-linux-ezabgbfbfxh3gggs.southindia-01.azurewebsites.net/api/Enterprise/GetAllEnterpriseDataV2
--------------------------------------------------------------------------------
[Failed Hit #806] Hit ID: 760 | Status: 500 | Time: 45294ms | Error: Timeout 45000ms exceeded
  Target API URL: https://dev-ux-linux-ezabgbfbfxh3gggs.southindia-01.azurewebsites.net/api/Enterprise/GetAllEnterpriseDataV2
--------------------------------------------------------------------------------
[Failed Hit #807] Hit ID: 761 | Status: 500 | Time: 45293ms | Error: Timeout 45000ms exceeded
  Target API URL: https://dev-ux-linux-ezabgbfbfxh3gggs.southindia-01.azurewebsites.net/api/Enterprise/GetAllEnterpriseDataV2
--------------------------------------------------------------------------------
[Failed Hit #808] Hit ID: 762 | Status: 500 | Time: 45293ms | Error: Timeout 45000ms exceeded
  Target API URL: https://dev-ux-linux-ezabgbfbfxh3gggs.southindia-01.azurewebsites.net/api/Enterprise/GetAllEnterpriseDataV2
--------------------------------------------------------------------------------
[Failed Hit #809] Hit ID: 763 | Status: 500 | Time: 45293ms | Error: Timeout 45000ms exceeded
  Target API URL: https://dev-ux-linux-ezabgbfbfxh3gggs.southindia-01.azurewebsites.net/api/Enterprise/GetAllEnterpriseDataV2
--------------------------------------------------------------------------------
[Failed Hit #810] Hit ID: 764 | Status: 500 | Time: 45293ms | Error: Timeout 45000ms exceeded
  Target API URL: https://dev-ux-linux-ezabgbfbfxh3gggs.southindia-01.azurewebsites.net/api/Enterprise/GetAllEnterpriseDataV2
--------------------------------------------------------------------------------
[Failed Hit #811] Hit ID: 765 | Status: 500 | Time: 45293ms | Error: Timeout 45000ms exceeded
  Target API URL: https://dev-ux-linux-ezabgbfbfxh3gggs.southindia-01.azurewebsites.net/api/Enterprise/GetAllEnterpriseDataV2
--------------------------------------------------------------------------------
[Failed Hit #812] Hit ID: 766 | Status: 500 | Time: 45292ms | Error: Timeout 45000ms exceeded
  Target API URL: https://dev-ux-linux-ezabgbfbfxh3gggs.southindia-01.azurewebsites.net/api/Enterprise/GetAllEnterpriseDataV2
--------------------------------------------------------------------------------
[Failed Hit #813] Hit ID: 767 | Status: 500 | Time: 45292ms | Error: Timeout 45000ms exceeded
  Target API URL: https://dev-ux-linux-ezabgbfbfxh3gggs.southindia-01.azurewebsites.net/api/Enterprise/GetAllEnterpriseDataV2
--------------------------------------------------------------------------------
[Failed Hit #814] Hit ID: 768 | Status: 500 | Time: 45292ms | Error: Timeout 45000ms exceeded
  Target API URL: https://dev-ux-linux-ezabgbfbfxh3gggs.southindia-01.azurewebsites.net/api/Enterprise/GetAllEnterpriseDataV2
--------------------------------------------------------------------------------
[Failed Hit #815] Hit ID: 769 | Status: 500 | Time: 45292ms | Error: Timeout 45000ms exceeded
  Target API URL: https://dev-ux-linux-ezabgbfbfxh3gggs.southindia-01.azurewebsites.net/api/Enterprise/GetAllEnterpriseDataV2
--------------------------------------------------------------------------------
[Failed Hit #816] Hit ID: 770 | Status: 500 | Time: 45291ms | Error: Timeout 45000ms exceeded
  Target API URL: https://dev-ux-linux-ezabgbfbfxh3gggs.southindia-01.azurewebsites.net/api/Enterprise/GetAllEnterpriseDataV2
--------------------------------------------------------------------------------
[Failed Hit #817] Hit ID: 771 | Status: 500 | Time: 45291ms | Error: Timeout 45000ms exceeded
  Target API URL: https://dev-ux-linux-ezabgbfbfxh3gggs.southindia-01.azurewebsites.net/api/Enterprise/GetAllEnterpriseDataV2
--------------------------------------------------------------------------------
[Failed Hit #818] Hit ID: 772 | Status: 500 | Time: 45290ms | Error: Timeout 45000ms exceeded
  Target API URL: https://dev-ux-linux-ezabgbfbfxh3gggs.southindia-01.azurewebsites.net/api/Enterprise/GetAllEnterpriseDataV2
--------------------------------------------------------------------------------
[Failed Hit #819] Hit ID: 773 | Status: 500 | Time: 45291ms | Error: Timeout 45000ms exceeded
  Target API URL: https://dev-ux-linux-ezabgbfbfxh3gggs.southindia-01.azurewebsites.net/api/Enterprise/GetAllEnterpriseDataV2
--------------------------------------------------------------------------------
[Failed Hit #820] Hit ID: 774 | Status: 500 | Time: 45290ms | Error: Timeout 45000ms exceeded
  Target API URL: https://dev-ux-linux-ezabgbfbfxh3gggs.southindia-01.azurewebsites.net/api/Enterprise/GetAllEnterpriseDataV2
--------------------------------------------------------------------------------
[Failed Hit #821] Hit ID: 775 | Status: 500 | Time: 45288ms | Error: Timeout 45000ms exceeded
  Target API URL: https://dev-ux-linux-ezabgbfbfxh3gggs.southindia-01.azurewebsites.net/api/Enterprise/GetAllEnterpriseDataV2
--------------------------------------------------------------------------------
[Failed Hit #822] Hit ID: 776 | Status: 500 | Time: 45288ms | Error: Timeout 45000ms exceeded
  Target API URL: https://dev-ux-linux-ezabgbfbfxh3gggs.southindia-01.azurewebsites.net/api/Enterprise/GetAllEnterpriseDataV2
--------------------------------------------------------------------------------
[Failed Hit #823] Hit ID: 777 | Status: 500 | Time: 45288ms | Error: Timeout 45000ms exceeded
  Target API URL: https://dev-ux-linux-ezabgbfbfxh3gggs.southindia-01.azurewebsites.net/api/Enterprise/GetAllEnterpriseDataV2
--------------------------------------------------------------------------------
[Failed Hit #824] Hit ID: 778 | Status: 500 | Time: 45287ms | Error: Timeout 45000ms exceeded
  Target API URL: https://dev-ux-linux-ezabgbfbfxh3gggs.southindia-01.azurewebsites.net/api/Enterprise/GetAllEnterpriseDataV2
--------------------------------------------------------------------------------
[Failed Hit #825] Hit ID: 779 | Status: 500 | Time: 45288ms | Error: Timeout 45000ms exceeded
  Target API URL: https://dev-ux-linux-ezabgbfbfxh3gggs.southindia-01.azurewebsites.net/api/Enterprise/GetAllEnterpriseDataV2
--------------------------------------------------------------------------------
[Failed Hit #826] Hit ID: 780 | Status: 500 | Time: 45287ms | Error: Timeout 45000ms exceeded
  Target API URL: https://dev-ux-linux-ezabgbfbfxh3gggs.southindia-01.azurewebsites.net/api/Enterprise/GetAllEnterpriseDataV2
--------------------------------------------------------------------------------
[Failed Hit #827] Hit ID: 810 | Status: 500 | Time: 45273ms | Error: Timeout 45000ms exceeded
  Target API URL: https://dev-ux-linux-ezabgbfbfxh3gggs.southindia-01.azurewebsites.net/api/Enterprise/GetAllEnterpriseDataV2
--------------------------------------------------------------------------------
[Failed Hit #828] Hit ID: 812 | Status: 500 | Time: 45272ms | Error: Timeout 45000ms exceeded
  Target API URL: https://dev-ux-linux-ezabgbfbfxh3gggs.southindia-01.azurewebsites.net/api/Enterprise/GetAllEnterpriseDataV2
--------------------------------------------------------------------------------
[Failed Hit #829] Hit ID: 813 | Status: 500 | Time: 45271ms | Error: Timeout 45000ms exceeded
  Target API URL: https://dev-ux-linux-ezabgbfbfxh3gggs.southindia-01.azurewebsites.net/api/Enterprise/GetAllEnterpriseDataV2
--------------------------------------------------------------------------------
[Failed Hit #830] Hit ID: 814 | Status: 500 | Time: 45272ms | Error: Timeout 45000ms exceeded
  Target API URL: https://dev-ux-linux-ezabgbfbfxh3gggs.southindia-01.azurewebsites.net/api/Enterprise/GetAllEnterpriseDataV2
--------------------------------------------------------------------------------
[Failed Hit #831] Hit ID: 815 | Status: 500 | Time: 45270ms | Error: Timeout 45000ms exceeded
  Target API URL: https://dev-ux-linux-ezabgbfbfxh3gggs.southindia-01.azurewebsites.net/api/Enterprise/GetAllEnterpriseDataV2
--------------------------------------------------------------------------------
[Failed Hit #832] Hit ID: 816 | Status: 500 | Time: 45270ms | Error: Timeout 45000ms exceeded
  Target API URL: https://dev-ux-linux-ezabgbfbfxh3gggs.southindia-01.azurewebsites.net/api/Enterprise/GetAllEnterpriseDataV2
--------------------------------------------------------------------------------
[Failed Hit #833] Hit ID: 817 | Status: 500 | Time: 45269ms | Error: Timeout 45000ms exceeded
  Target API URL: https://dev-ux-linux-ezabgbfbfxh3gggs.southindia-01.azurewebsites.net/api/Enterprise/GetAllEnterpriseDataV2
--------------------------------------------------------------------------------
[Failed Hit #834] Hit ID: 818 | Status: 500 | Time: 45270ms | Error: Timeout 45000ms exceeded
  Target API URL: https://dev-ux-linux-ezabgbfbfxh3gggs.southindia-01.azurewebsites.net/api/Enterprise/GetAllEnterpriseDataV2
--------------------------------------------------------------------------------
[Failed Hit #835] Hit ID: 819 | Status: 500 | Time: 45269ms | Error: Timeout 45000ms exceeded
  Target API URL: https://dev-ux-linux-ezabgbfbfxh3gggs.southindia-01.azurewebsites.net/api/Enterprise/GetAllEnterpriseDataV2
--------------------------------------------------------------------------------
[Failed Hit #836] Hit ID: 820 | Status: 500 | Time: 45269ms | Error: Timeout 45000ms exceeded
  Target API URL: https://dev-ux-linux-ezabgbfbfxh3gggs.southindia-01.azurewebsites.net/api/Enterprise/GetAllEnterpriseDataV2
--------------------------------------------------------------------------------
[Failed Hit #837] Hit ID: 821 | Status: 500 | Time: 45268ms | Error: Timeout 45000ms exceeded
  Target API URL: https://dev-ux-linux-ezabgbfbfxh3gggs.southindia-01.azurewebsites.net/api/Enterprise/GetAllEnterpriseDataV2
--------------------------------------------------------------------------------
[Failed Hit #838] Hit ID: 822 | Status: 500 | Time: 45268ms | Error: Timeout 45000ms exceeded
  Target API URL: https://dev-ux-linux-ezabgbfbfxh3gggs.southindia-01.azurewebsites.net/api/Enterprise/GetAllEnterpriseDataV2
--------------------------------------------------------------------------------
[Failed Hit #839] Hit ID: 823 | Status: 500 | Time: 45269ms | Error: Timeout 45000ms exceeded
  Target API URL: https://dev-ux-linux-ezabgbfbfxh3gggs.southindia-01.azurewebsites.net/api/Enterprise/GetAllEnterpriseDataV2
--------------------------------------------------------------------------------
[Failed Hit #840] Hit ID: 824 | Status: 500 | Time: 45268ms | Error: Timeout 45000ms exceeded
  Target API URL: https://dev-ux-linux-ezabgbfbfxh3gggs.southindia-01.azurewebsites.net/api/Enterprise/GetAllEnterpriseDataV2
--------------------------------------------------------------------------------
[Failed Hit #841] Hit ID: 825 | Status: 500 | Time: 45268ms | Error: Timeout 45000ms exceeded
  Target API URL: https://dev-ux-linux-ezabgbfbfxh3gggs.southindia-01.azurewebsites.net/api/Enterprise/GetAllEnterpriseDataV2
--------------------------------------------------------------------------------
[Failed Hit #842] Hit ID: 826 | Status: 500 | Time: 45267ms | Error: Timeout 45000ms exceeded
  Target API URL: https://dev-ux-linux-ezabgbfbfxh3gggs.southindia-01.azurewebsites.net/api/Enterprise/GetAllEnterpriseDataV2
--------------------------------------------------------------------------------
[Failed Hit #843] Hit ID: 827 | Status: 500 | Time: 45268ms | Error: Timeout 45000ms exceeded
  Target API URL: https://dev-ux-linux-ezabgbfbfxh3gggs.southindia-01.azurewebsites.net/api/Enterprise/GetAllEnterpriseDataV2
--------------------------------------------------------------------------------
[Failed Hit #844] Hit ID: 845 | Status: 500 | Time: 45259ms | Error: Timeout 45000ms exceeded
  Target API URL: https://dev-ux-linux-ezabgbfbfxh3gggs.southindia-01.azurewebsites.net/api/Enterprise/GetAllEnterpriseDataV2
--------------------------------------------------------------------------------
[Failed Hit #845] Hit ID: 846 | Status: 500 | Time: 45258ms | Error: Timeout 45000ms exceeded
  Target API URL: https://dev-ux-linux-ezabgbfbfxh3gggs.southindia-01.azurewebsites.net/api/Enterprise/GetAllEnterpriseDataV2
--------------------------------------------------------------------------------
[Failed Hit #846] Hit ID: 847 | Status: 500 | Time: 45258ms | Error: Timeout 45000ms exceeded
  Target API URL: https://dev-ux-linux-ezabgbfbfxh3gggs.southindia-01.azurewebsites.net/api/Enterprise/GetAllEnterpriseDataV2
--------------------------------------------------------------------------------
[Failed Hit #847] Hit ID: 848 | Status: 500 | Time: 45258ms | Error: Timeout 45000ms exceeded
  Target API URL: https://dev-ux-linux-ezabgbfbfxh3gggs.southindia-01.azurewebsites.net/api/Enterprise/GetAllEnterpriseDataV2
--------------------------------------------------------------------------------
[Failed Hit #848] Hit ID: 850 | Status: 500 | Time: 45258ms | Error: Timeout 45000ms exceeded
  Target API URL: https://dev-ux-linux-ezabgbfbfxh3gggs.southindia-01.azurewebsites.net/api/Enterprise/GetAllEnterpriseDataV2
--------------------------------------------------------------------------------
[Failed Hit #849] Hit ID: 851 | Status: 500 | Time: 45257ms | Error: Timeout 45000ms exceeded
  Target API URL: https://dev-ux-linux-ezabgbfbfxh3gggs.southindia-01.azurewebsites.net/api/Enterprise/GetAllEnterpriseDataV2
--------------------------------------------------------------------------------
[Failed Hit #850] Hit ID: 855 | Status: 500 | Time: 45254ms | Error: Timeout 45000ms exceeded
  Target API URL: https://dev-ux-linux-ezabgbfbfxh3gggs.southindia-01.azurewebsites.net/api/Enterprise/GetAllEnterpriseDataV2
--------------------------------------------------------------------------------
[Failed Hit #851] Hit ID: 856 | Status: 500 | Time: 45253ms | Error: Timeout 45000ms exceeded
  Target API URL: https://dev-ux-linux-ezabgbfbfxh3gggs.southindia-01.azurewebsites.net/api/Enterprise/GetAllEnterpriseDataV2
--------------------------------------------------------------------------------
[Failed Hit #852] Hit ID: 862 | Status: 500 | Time: 45252ms | Error: Timeout 45000ms exceeded
  Target API URL: https://dev-ux-linux-ezabgbfbfxh3gggs.southindia-01.azurewebsites.net/api/Enterprise/GetAllEnterpriseDataV2
--------------------------------------------------------------------------------
[Failed Hit #853] Hit ID: 867 | Status: 500 | Time: 45249ms | Error: Timeout 45000ms exceeded
  Target API URL: https://dev-ux-linux-ezabgbfbfxh3gggs.southindia-01.azurewebsites.net/api/Enterprise/GetAllEnterpriseDataV2
--------------------------------------------------------------------------------
[Failed Hit #854] Hit ID: 873 | Status: 500 | Time: 45246ms | Error: Timeout 45000ms exceeded
  Target API URL: https://dev-ux-linux-ezabgbfbfxh3gggs.southindia-01.azurewebsites.net/api/Enterprise/GetAllEnterpriseDataV2
--------------------------------------------------------------------------------
[Failed Hit #855] Hit ID: 904 | Status: 500 | Time: 45232ms | Error: Timeout 45000ms exceeded
  Target API URL: https://dev-ux-linux-ezabgbfbfxh3gggs.southindia-01.azurewebsites.net/api/Enterprise/GetAllEnterpriseDataV2
--------------------------------------------------------------------------------
[Failed Hit #856] Hit ID: 13 | Status: 500 | Time: 46026ms | Error: Timeout 45000ms exceeded
  Target API URL: https://dev-ux-linux-ezabgbfbfxh3gggs.southindia-01.azurewebsites.net/api/Position/GetPositionData
--------------------------------------------------------------------------------
[Failed Hit #857] Hit ID: 29 | Status: 500 | Time: 45997ms | Error: Timeout 45000ms exceeded
  Target API URL: https://dev-ux-linux-ezabgbfbfxh3gggs.southindia-01.azurewebsites.net/api/Position/GetPositionData
--------------------------------------------------------------------------------
[Failed Hit #858] Hit ID: 35 | Status: 500 | Time: 45994ms | Error: Timeout 45000ms exceeded
  Target API URL: https://dev-ux-linux-ezabgbfbfxh3gggs.southindia-01.azurewebsites.net/api/Position/GetPositionData
--------------------------------------------------------------------------------
[Failed Hit #859] Hit ID: 37 | Status: 500 | Time: 45992ms | Error: Timeout 45000ms exceeded
  Target API URL: https://dev-ux-linux-ezabgbfbfxh3gggs.southindia-01.azurewebsites.net/api/Position/GetPositionData
--------------------------------------------------------------------------------
[Failed Hit #860] Hit ID: 42 | Status: 500 | Time: 45987ms | Error: Timeout 45000ms exceeded
  Target API URL: https://dev-ux-linux-ezabgbfbfxh3gggs.southindia-01.azurewebsites.net/api/Position/GetPositionData
--------------------------------------------------------------------------------
[Failed Hit #861] Hit ID: 46 | Status: 500 | Time: 45982ms | Error: Timeout 45000ms exceeded
  Target API URL: https://dev-ux-linux-ezabgbfbfxh3gggs.southindia-01.azurewebsites.net/api/Position/GetPositionData
--------------------------------------------------------------------------------
[Failed Hit #862] Hit ID: 48 | Status: 500 | Time: 45979ms | Error: Timeout 45000ms exceeded
  Target API URL: https://dev-ux-linux-ezabgbfbfxh3gggs.southindia-01.azurewebsites.net/api/Position/GetPositionData
--------------------------------------------------------------------------------
[Failed Hit #863] Hit ID: 51 | Status: 500 | Time: 45976ms | Error: Timeout 45000ms exceeded
  Target API URL: https://dev-ux-linux-ezabgbfbfxh3gggs.southindia-01.azurewebsites.net/api/Position/GetPositionData
--------------------------------------------------------------------------------
[Failed Hit #864] Hit ID: 52 | Status: 500 | Time: 45975ms | Error: Timeout 45000ms exceeded
  Target API URL: https://dev-ux-linux-ezabgbfbfxh3gggs.southindia-01.azurewebsites.net/api/Position/GetPositionData
--------------------------------------------------------------------------------
[Failed Hit #865] Hit ID: 54 | Status: 500 | Time: 45973ms | Error: Timeout 45000ms exceeded
  Target API URL: https://dev-ux-linux-ezabgbfbfxh3gggs.southindia-01.azurewebsites.net/api/Position/GetPositionData
--------------------------------------------------------------------------------
[Failed Hit #866] Hit ID: 55 | Status: 500 | Time: 45972ms | Error: Timeout 45000ms exceeded
  Target API URL: https://dev-ux-linux-ezabgbfbfxh3gggs.southindia-01.azurewebsites.net/api/Position/GetPositionData
--------------------------------------------------------------------------------
[Failed Hit #867] Hit ID: 56 | Status: 500 | Time: 45971ms | Error: Timeout 45000ms exceeded
  Target API URL: https://dev-ux-linux-ezabgbfbfxh3gggs.southindia-01.azurewebsites.net/api/Position/GetPositionData
--------------------------------------------------------------------------------
[Failed Hit #868] Hit ID: 57 | Status: 500 | Time: 45970ms | Error: Timeout 45000ms exceeded
  Target API URL: https://dev-ux-linux-ezabgbfbfxh3gggs.southindia-01.azurewebsites.net/api/Position/GetPositionData
--------------------------------------------------------------------------------
[Failed Hit #869] Hit ID: 58 | Status: 500 | Time: 45969ms | Error: Timeout 45000ms exceeded
  Target API URL: https://dev-ux-linux-ezabgbfbfxh3gggs.southindia-01.azurewebsites.net/api/Position/GetPositionData
--------------------------------------------------------------------------------
[Failed Hit #870] Hit ID: 60 | Status: 500 | Time: 46000ms | Error: Timeout 45000ms exceeded
  Target API URL: https://dev-ux-linux-ezabgbfbfxh3gggs.southindia-01.azurewebsites.net/api/Position/GetPositionData
--------------------------------------------------------------------------------
[Failed Hit #871] Hit ID: 61 | Status: 500 | Time: 45999ms | Error: Timeout 45000ms exceeded
  Target API URL: https://dev-ux-linux-ezabgbfbfxh3gggs.southindia-01.azurewebsites.net/api/Position/GetPositionData
--------------------------------------------------------------------------------
[Failed Hit #872] Hit ID: 63 | Status: 500 | Time: 45996ms | Error: Timeout 45000ms exceeded
  Target API URL: https://dev-ux-linux-ezabgbfbfxh3gggs.southindia-01.azurewebsites.net/api/Position/GetPositionData
--------------------------------------------------------------------------------
[Failed Hit #873] Hit ID: 64 | Status: 500 | Time: 45994ms | Error: Timeout 45000ms exceeded
  Target API URL: https://dev-ux-linux-ezabgbfbfxh3gggs.southindia-01.azurewebsites.net/api/Position/GetPositionData
--------------------------------------------------------------------------------
[Failed Hit #874] Hit ID: 65 | Status: 500 | Time: 45992ms | Error: Timeout 45000ms exceeded
  Target API URL: https://dev-ux-linux-ezabgbfbfxh3gggs.southindia-01.azurewebsites.net/api/Position/GetPositionData
--------------------------------------------------------------------------------
[Failed Hit #875] Hit ID: 66 | Status: 500 | Time: 45991ms | Error: Timeout 45000ms exceeded
  Target API URL: https://dev-ux-linux-ezabgbfbfxh3gggs.southindia-01.azurewebsites.net/api/Position/GetPositionData
--------------------------------------------------------------------------------
[Failed Hit #876] Hit ID: 67 | Status: 500 | Time: 45990ms | Error: Timeout 45000ms exceeded
  Target API URL: https://dev-ux-linux-ezabgbfbfxh3gggs.southindia-01.azurewebsites.net/api/Position/GetPositionData
--------------------------------------------------------------------------------
[Failed Hit #877] Hit ID: 68 | Status: 500 | Time: 45990ms | Error: Timeout 45000ms exceeded
  Target API URL: https://dev-ux-linux-ezabgbfbfxh3gggs.southindia-01.azurewebsites.net/api/Position/GetPositionData
--------------------------------------------------------------------------------
[Failed Hit #878] Hit ID: 69 | Status: 500 | Time: 45989ms | Error: Timeout 45000ms exceeded
  Target API URL: https://dev-ux-linux-ezabgbfbfxh3gggs.southindia-01.azurewebsites.net/api/Position/GetPositionData
--------------------------------------------------------------------------------
[Failed Hit #879] Hit ID: 70 | Status: 500 | Time: 45988ms | Error: Timeout 45000ms exceeded
  Target API URL: https://dev-ux-linux-ezabgbfbfxh3gggs.southindia-01.azurewebsites.net/api/Position/GetPositionData
--------------------------------------------------------------------------------
[Failed Hit #880] Hit ID: 72 | Status: 500 | Time: 45986ms | Error: Timeout 45000ms exceeded
  Target API URL: https://dev-ux-linux-ezabgbfbfxh3gggs.southindia-01.azurewebsites.net/api/Position/GetPositionData
--------------------------------------------------------------------------------
[Failed Hit #881] Hit ID: 73 | Status: 500 | Time: 45985ms | Error: Timeout 45000ms exceeded
  Target API URL: https://dev-ux-linux-ezabgbfbfxh3gggs.southindia-01.azurewebsites.net/api/Position/GetPositionData
--------------------------------------------------------------------------------
[Failed Hit #882] Hit ID: 74 | Status: 500 | Time: 45984ms | Error: Timeout 45000ms exceeded
  Target API URL: https://dev-ux-linux-ezabgbfbfxh3gggs.southindia-01.azurewebsites.net/api/Position/GetPositionData
--------------------------------------------------------------------------------
[Failed Hit #883] Hit ID: 75 | Status: 500 | Time: 45983ms | Error: Timeout 45000ms exceeded
  Target API URL: https://dev-ux-linux-ezabgbfbfxh3gggs.southindia-01.azurewebsites.net/api/Position/GetPositionData
--------------------------------------------------------------------------------
[Failed Hit #884] Hit ID: 76 | Status: 500 | Time: 45983ms | Error: Timeout 45000ms exceeded
  Target API URL: https://dev-ux-linux-ezabgbfbfxh3gggs.southindia-01.azurewebsites.net/api/Position/GetPositionData
--------------------------------------------------------------------------------
[Failed Hit #885] Hit ID: 77 | Status: 500 | Time: 45983ms | Error: Timeout 45000ms exceeded
  Target API URL: https://dev-ux-linux-ezabgbfbfxh3gggs.southindia-01.azurewebsites.net/api/Position/GetPositionData
--------------------------------------------------------------------------------
[Failed Hit #886] Hit ID: 78 | Status: 500 | Time: 45982ms | Error: Timeout 45000ms exceeded
  Target API URL: https://dev-ux-linux-ezabgbfbfxh3gggs.southindia-01.azurewebsites.net/api/Position/GetPositionData
--------------------------------------------------------------------------------
[Failed Hit #887] Hit ID: 79 | Status: 500 | Time: 45981ms | Error: Timeout 45000ms exceeded
  Target API URL: https://dev-ux-linux-ezabgbfbfxh3gggs.southindia-01.azurewebsites.net/api/Position/GetPositionData
--------------------------------------------------------------------------------
[Failed Hit #888] Hit ID: 80 | Status: 500 | Time: 45980ms | Error: Timeout 45000ms exceeded
  Target API URL: https://dev-ux-linux-ezabgbfbfxh3gggs.southindia-01.azurewebsites.net/api/Position/GetPositionData
--------------------------------------------------------------------------------
[Failed Hit #889] Hit ID: 81 | Status: 500 | Time: 45979ms | Error: Timeout 45000ms exceeded
  Target API URL: https://dev-ux-linux-ezabgbfbfxh3gggs.southindia-01.azurewebsites.net/api/Position/GetPositionData
--------------------------------------------------------------------------------
[Failed Hit #890] Hit ID: 82 | Status: 500 | Time: 45978ms | Error: Timeout 45000ms exceeded
  Target API URL: https://dev-ux-linux-ezabgbfbfxh3gggs.southindia-01.azurewebsites.net/api/Position/GetPositionData
--------------------------------------------------------------------------------
[Failed Hit #891] Hit ID: 83 | Status: 500 | Time: 45977ms | Error: Timeout 45000ms exceeded
  Target API URL: https://dev-ux-linux-ezabgbfbfxh3gggs.southindia-01.azurewebsites.net/api/Position/GetPositionData
--------------------------------------------------------------------------------
[Failed Hit #892] Hit ID: 84 | Status: 500 | Time: 45977ms | Error: Timeout 45000ms exceeded
  Target API URL: https://dev-ux-linux-ezabgbfbfxh3gggs.southindia-01.azurewebsites.net/api/Position/GetPositionData
--------------------------------------------------------------------------------
[Failed Hit #893] Hit ID: 85 | Status: 500 | Time: 45976ms | Error: Timeout 45000ms exceeded
  Target API URL: https://dev-ux-linux-ezabgbfbfxh3gggs.southindia-01.azurewebsites.net/api/Position/GetPositionData
--------------------------------------------------------------------------------
[Failed Hit #894] Hit ID: 86 | Status: 500 | Time: 45975ms | Error: Timeout 45000ms exceeded
  Target API URL: https://dev-ux-linux-ezabgbfbfxh3gggs.southindia-01.azurewebsites.net/api/Position/GetPositionData
--------------------------------------------------------------------------------
[Failed Hit #895] Hit ID: 87 | Status: 500 | Time: 45974ms | Error: Timeout 45000ms exceeded
  Target API URL: https://dev-ux-linux-ezabgbfbfxh3gggs.southindia-01.azurewebsites.net/api/Position/GetPositionData
--------------------------------------------------------------------------------
[Failed Hit #896] Hit ID: 88 | Status: 500 | Time: 45973ms | Error: Timeout 45000ms exceeded
  Target API URL: https://dev-ux-linux-ezabgbfbfxh3gggs.southindia-01.azurewebsites.net/api/Position/GetPositionData
--------------------------------------------------------------------------------
[Failed Hit #897] Hit ID: 89 | Status: 500 | Time: 45972ms | Error: Timeout 45000ms exceeded
  Target API URL: https://dev-ux-linux-ezabgbfbfxh3gggs.southindia-01.azurewebsites.net/api/Position/GetPositionData
--------------------------------------------------------------------------------
[Failed Hit #898] Hit ID: 90 | Status: 500 | Time: 45971ms | Error: Timeout 45000ms exceeded
  Target API URL: https://dev-ux-linux-ezabgbfbfxh3gggs.southindia-01.azurewebsites.net/api/Position/GetPositionData
--------------------------------------------------------------------------------
[Failed Hit #899] Hit ID: 91 | Status: 500 | Time: 45970ms | Error: Timeout 45000ms exceeded
  Target API URL: https://dev-ux-linux-ezabgbfbfxh3gggs.southindia-01.azurewebsites.net/api/Position/GetPositionData
--------------------------------------------------------------------------------
[Failed Hit #900] Hit ID: 94 | Status: 500 | Time: 45967ms | Error: Timeout 45000ms exceeded
  Target API URL: https://dev-ux-linux-ezabgbfbfxh3gggs.southindia-01.azurewebsites.net/api/Position/GetPositionData
--------------------------------------------------------------------------------
[Failed Hit #901] Hit ID: 97 | Status: 500 | Time: 45966ms | Error: Timeout 45000ms exceeded
  Target API URL: https://dev-ux-linux-ezabgbfbfxh3gggs.southindia-01.azurewebsites.net/api/Position/GetPositionData
--------------------------------------------------------------------------------
[Failed Hit #902] Hit ID: 99 | Status: 500 | Time: 45964ms | Error: Timeout 45000ms exceeded
  Target API URL: https://dev-ux-linux-ezabgbfbfxh3gggs.southindia-01.azurewebsites.net/api/Position/GetPositionData
--------------------------------------------------------------------------------
[Failed Hit #903] Hit ID: 100 | Status: 500 | Time: 45963ms | Error: Timeout 45000ms exceeded
  Target API URL: https://dev-ux-linux-ezabgbfbfxh3gggs.southindia-01.azurewebsites.net/api/Position/GetPositionData
--------------------------------------------------------------------------------
[Failed Hit #904] Hit ID: 101 | Status: 500 | Time: 45962ms | Error: Timeout 45000ms exceeded
  Target API URL: https://dev-ux-linux-ezabgbfbfxh3gggs.southindia-01.azurewebsites.net/api/Position/GetPositionData
--------------------------------------------------------------------------------
[Failed Hit #905] Hit ID: 102 | Status: 500 | Time: 45962ms | Error: Timeout 45000ms exceeded
  Target API URL: https://dev-ux-linux-ezabgbfbfxh3gggs.southindia-01.azurewebsites.net/api/Position/GetPositionData
--------------------------------------------------------------------------------
[Failed Hit #906] Hit ID: 103 | Status: 500 | Time: 45961ms | Error: Timeout 45000ms exceeded
  Target API URL: https://dev-ux-linux-ezabgbfbfxh3gggs.southindia-01.azurewebsites.net/api/Position/GetPositionData
--------------------------------------------------------------------------------
[Failed Hit #907] Hit ID: 104 | Status: 500 | Time: 45959ms | Error: Timeout 45000ms exceeded
  Target API URL: https://dev-ux-linux-ezabgbfbfxh3gggs.southindia-01.azurewebsites.net/api/Position/GetPositionData
--------------------------------------------------------------------------------
[Failed Hit #908] Hit ID: 105 | Status: 500 | Time: 45958ms | Error: Timeout 45000ms exceeded
  Target API URL: https://dev-ux-linux-ezabgbfbfxh3gggs.southindia-01.azurewebsites.net/api/Position/GetPositionData
--------------------------------------------------------------------------------
[Failed Hit #909] Hit ID: 106 | Status: 500 | Time: 45958ms | Error: Timeout 45000ms exceeded
  Target API URL: https://dev-ux-linux-ezabgbfbfxh3gggs.southindia-01.azurewebsites.net/api/Position/GetPositionData
--------------------------------------------------------------------------------
[Failed Hit #910] Hit ID: 107 | Status: 500 | Time: 45957ms | Error: Timeout 45000ms exceeded
  Target API URL: https://dev-ux-linux-ezabgbfbfxh3gggs.southindia-01.azurewebsites.net/api/Position/GetPositionData
--------------------------------------------------------------------------------
[Failed Hit #911] Hit ID: 108 | Status: 500 | Time: 45956ms | Error: Timeout 45000ms exceeded
  Target API URL: https://dev-ux-linux-ezabgbfbfxh3gggs.southindia-01.azurewebsites.net/api/Position/GetPositionData
--------------------------------------------------------------------------------
[Failed Hit #912] Hit ID: 109 | Status: 500 | Time: 45955ms | Error: Timeout 45000ms exceeded
  Target API URL: https://dev-ux-linux-ezabgbfbfxh3gggs.southindia-01.azurewebsites.net/api/Position/GetPositionData
--------------------------------------------------------------------------------
[Failed Hit #913] Hit ID: 110 | Status: 500 | Time: 45955ms | Error: Timeout 45000ms exceeded
  Target API URL: https://dev-ux-linux-ezabgbfbfxh3gggs.southindia-01.azurewebsites.net/api/Position/GetPositionData
--------------------------------------------------------------------------------
[Failed Hit #914] Hit ID: 111 | Status: 500 | Time: 45954ms | Error: Timeout 45000ms exceeded
  Target API URL: https://dev-ux-linux-ezabgbfbfxh3gggs.southindia-01.azurewebsites.net/api/Position/GetPositionData
--------------------------------------------------------------------------------
[Failed Hit #915] Hit ID: 112 | Status: 500 | Time: 45953ms | Error: Timeout 45000ms exceeded
  Target API URL: https://dev-ux-linux-ezabgbfbfxh3gggs.southindia-01.azurewebsites.net/api/Position/GetPositionData
--------------------------------------------------------------------------------
[Failed Hit #916] Hit ID: 113 | Status: 500 | Time: 45953ms | Error: Timeout 45000ms exceeded
  Target API URL: https://dev-ux-linux-ezabgbfbfxh3gggs.southindia-01.azurewebsites.net/api/Position/GetPositionData
--------------------------------------------------------------------------------
[Failed Hit #917] Hit ID: 114 | Status: 500 | Time: 45952ms | Error: Timeout 45000ms exceeded
  Target API URL: https://dev-ux-linux-ezabgbfbfxh3gggs.southindia-01.azurewebsites.net/api/Position/GetPositionData
--------------------------------------------------------------------------------
[Failed Hit #918] Hit ID: 115 | Status: 500 | Time: 45951ms | Error: Timeout 45000ms exceeded
  Target API URL: https://dev-ux-linux-ezabgbfbfxh3gggs.southindia-01.azurewebsites.net/api/Position/GetPositionData
--------------------------------------------------------------------------------
[Failed Hit #919] Hit ID: 116 | Status: 500 | Time: 45951ms | Error: Timeout 45000ms exceeded
  Target API URL: https://dev-ux-linux-ezabgbfbfxh3gggs.southindia-01.azurewebsites.net/api/Position/GetPositionData
--------------------------------------------------------------------------------
[Failed Hit #920] Hit ID: 117 | Status: 500 | Time: 45950ms | Error: Timeout 45000ms exceeded
  Target API URL: https://dev-ux-linux-ezabgbfbfxh3gggs.southindia-01.azurewebsites.net/api/Position/GetPositionData
--------------------------------------------------------------------------------
[Failed Hit #921] Hit ID: 118 | Status: 500 | Time: 45949ms | Error: Timeout 45000ms exceeded
  Target API URL: https://dev-ux-linux-ezabgbfbfxh3gggs.southindia-01.azurewebsites.net/api/Position/GetPositionData
--------------------------------------------------------------------------------
[Failed Hit #922] Hit ID: 120 | Status: 500 | Time: 45947ms | Error: Timeout 45000ms exceeded
  Target API URL: https://dev-ux-linux-ezabgbfbfxh3gggs.southindia-01.azurewebsites.net/api/Position/GetPositionData
--------------------------------------------------------------------------------
[Failed Hit #923] Hit ID: 121 | Status: 500 | Time: 45947ms | Error: Timeout 45000ms exceeded
  Target API URL: https://dev-ux-linux-ezabgbfbfxh3gggs.southindia-01.azurewebsites.net/api/Position/GetPositionData
--------------------------------------------------------------------------------
[Failed Hit #924] Hit ID: 122 | Status: 500 | Time: 45946ms | Error: Timeout 45000ms exceeded
  Target API URL: https://dev-ux-linux-ezabgbfbfxh3gggs.southindia-01.azurewebsites.net/api/Position/GetPositionData
--------------------------------------------------------------------------------
[Failed Hit #925] Hit ID: 124 | Status: 500 | Time: 45943ms | Error: Timeout 45000ms exceeded
  Target API URL: https://dev-ux-linux-ezabgbfbfxh3gggs.southindia-01.azurewebsites.net/api/Position/GetPositionData
--------------------------------------------------------------------------------
[Failed Hit #926] Hit ID: 125 | Status: 500 | Time: 45942ms | Error: Timeout 45000ms exceeded
  Target API URL: https://dev-ux-linux-ezabgbfbfxh3gggs.southindia-01.azurewebsites.net/api/Position/GetPositionData
--------------------------------------------------------------------------------
[Failed Hit #927] Hit ID: 129 | Status: 500 | Time: 45939ms | Error: Timeout 45000ms exceeded
  Target API URL: https://dev-ux-linux-ezabgbfbfxh3gggs.southindia-01.azurewebsites.net/api/Position/GetPositionData
--------------------------------------------------------------------------------
[Failed Hit #928] Hit ID: 131 | Status: 500 | Time: 45937ms | Error: Timeout 45000ms exceeded
  Target API URL: https://dev-ux-linux-ezabgbfbfxh3gggs.southindia-01.azurewebsites.net/api/Position/GetPositionData
--------------------------------------------------------------------------------
[Failed Hit #929] Hit ID: 132 | Status: 500 | Time: 45936ms | Error: Timeout 45000ms exceeded
  Target API URL: https://dev-ux-linux-ezabgbfbfxh3gggs.southindia-01.azurewebsites.net/api/Position/GetPositionData
--------------------------------------------------------------------------------
[Failed Hit #930] Hit ID: 133 | Status: 500 | Time: 45935ms | Error: Timeout 45000ms exceeded
  Target API URL: https://dev-ux-linux-ezabgbfbfxh3gggs.southindia-01.azurewebsites.net/api/Position/GetPositionData
--------------------------------------------------------------------------------
[Failed Hit #931] Hit ID: 134 | Status: 500 | Time: 45936ms | Error: Timeout 45000ms exceeded
  Target API URL: https://dev-ux-linux-ezabgbfbfxh3gggs.southindia-01.azurewebsites.net/api/Position/GetPositionData
--------------------------------------------------------------------------------
[Failed Hit #932] Hit ID: 136 | Status: 500 | Time: 45934ms | Error: Timeout 45000ms exceeded
  Target API URL: https://dev-ux-linux-ezabgbfbfxh3gggs.southindia-01.azurewebsites.net/api/Position/GetPositionData
--------------------------------------------------------------------------------
[Failed Hit #933] Hit ID: 137 | Status: 500 | Time: 45933ms | Error: Timeout 45000ms exceeded
  Target API URL: https://dev-ux-linux-ezabgbfbfxh3gggs.southindia-01.azurewebsites.net/api/Position/GetPositionData
--------------------------------------------------------------------------------
[Failed Hit #934] Hit ID: 138 | Status: 500 | Time: 45932ms | Error: Timeout 45000ms exceeded
  Target API URL: https://dev-ux-linux-ezabgbfbfxh3gggs.southindia-01.azurewebsites.net/api/Position/GetPositionData
--------------------------------------------------------------------------------
[Failed Hit #935] Hit ID: 139 | Status: 500 | Time: 45931ms | Error: Timeout 45000ms exceeded
  Target API URL: https://dev-ux-linux-ezabgbfbfxh3gggs.southindia-01.azurewebsites.net/api/Position/GetPositionData
--------------------------------------------------------------------------------
[Failed Hit #936] Hit ID: 140 | Status: 500 | Time: 45930ms | Error: Timeout 45000ms exceeded
  Target API URL: https://dev-ux-linux-ezabgbfbfxh3gggs.southindia-01.azurewebsites.net/api/Position/GetPositionData
--------------------------------------------------------------------------------
[Failed Hit #937] Hit ID: 141 | Status: 500 | Time: 45930ms | Error: Timeout 45000ms exceeded
  Target API URL: https://dev-ux-linux-ezabgbfbfxh3gggs.southindia-01.azurewebsites.net/api/Position/GetPositionData
--------------------------------------------------------------------------------
[Failed Hit #938] Hit ID: 142 | Status: 500 | Time: 45929ms | Error: Timeout 45000ms exceeded
  Target API URL: https://dev-ux-linux-ezabgbfbfxh3gggs.southindia-01.azurewebsites.net/api/Position/GetPositionData
--------------------------------------------------------------------------------
[Failed Hit #939] Hit ID: 143 | Status: 500 | Time: 45928ms | Error: Timeout 45000ms exceeded
  Target API URL: https://dev-ux-linux-ezabgbfbfxh3gggs.southindia-01.azurewebsites.net/api/Position/GetPositionData
--------------------------------------------------------------------------------
[Failed Hit #940] Hit ID: 144 | Status: 500 | Time: 45927ms | Error: Timeout 45000ms exceeded
  Target API URL: https://dev-ux-linux-ezabgbfbfxh3gggs.southindia-01.azurewebsites.net/api/Position/GetPositionData
--------------------------------------------------------------------------------
[Failed Hit #941] Hit ID: 145 | Status: 500 | Time: 45926ms | Error: Timeout 45000ms exceeded
  Target API URL: https://dev-ux-linux-ezabgbfbfxh3gggs.southindia-01.azurewebsites.net/api/Position/GetPositionData
--------------------------------------------------------------------------------
[Failed Hit #942] Hit ID: 146 | Status: 500 | Time: 45925ms | Error: Timeout 45000ms exceeded
  Target API URL: https://dev-ux-linux-ezabgbfbfxh3gggs.southindia-01.azurewebsites.net/api/Position/GetPositionData
--------------------------------------------------------------------------------
[Failed Hit #943] Hit ID: 147 | Status: 500 | Time: 45924ms | Error: Timeout 45000ms exceeded
  Target API URL: https://dev-ux-linux-ezabgbfbfxh3gggs.southindia-01.azurewebsites.net/api/Position/GetPositionData
--------------------------------------------------------------------------------
[Failed Hit #944] Hit ID: 148 | Status: 500 | Time: 45924ms | Error: Timeout 45000ms exceeded
  Target API URL: https://dev-ux-linux-ezabgbfbfxh3gggs.southindia-01.azurewebsites.net/api/Position/GetPositionData
--------------------------------------------------------------------------------
[Failed Hit #945] Hit ID: 149 | Status: 500 | Time: 45923ms | Error: Timeout 45000ms exceeded
  Target API URL: https://dev-ux-linux-ezabgbfbfxh3gggs.southindia-01.azurewebsites.net/api/Position/GetPositionData
--------------------------------------------------------------------------------
[Failed Hit #946] Hit ID: 150 | Status: 500 | Time: 45923ms | Error: Timeout 45000ms exceeded
  Target API URL: https://dev-ux-linux-ezabgbfbfxh3gggs.southindia-01.azurewebsites.net/api/Position/GetPositionData
--------------------------------------------------------------------------------
[Failed Hit #947] Hit ID: 151 | Status: 500 | Time: 45922ms | Error: Timeout 45000ms exceeded
  Target API URL: https://dev-ux-linux-ezabgbfbfxh3gggs.southindia-01.azurewebsites.net/api/Position/GetPositionData
--------------------------------------------------------------------------------
[Failed Hit #948] Hit ID: 152 | Status: 500 | Time: 45921ms | Error: Timeout 45000ms exceeded
  Target API URL: https://dev-ux-linux-ezabgbfbfxh3gggs.southindia-01.azurewebsites.net/api/Position/GetPositionData
--------------------------------------------------------------------------------
[Failed Hit #949] Hit ID: 153 | Status: 500 | Time: 45920ms | Error: Timeout 45000ms exceeded
  Target API URL: https://dev-ux-linux-ezabgbfbfxh3gggs.southindia-01.azurewebsites.net/api/Position/GetPositionData
--------------------------------------------------------------------------------
[Failed Hit #950] Hit ID: 154 | Status: 500 | Time: 45919ms | Error: Timeout 45000ms exceeded
  Target API URL: https://dev-ux-linux-ezabgbfbfxh3gggs.southindia-01.azurewebsites.net/api/Position/GetPositionData
--------------------------------------------------------------------------------
[Failed Hit #951] Hit ID: 155 | Status: 500 | Time: 45918ms | Error: Timeout 45000ms exceeded
  Target API URL: https://dev-ux-linux-ezabgbfbfxh3gggs.southindia-01.azurewebsites.net/api/Position/GetPositionData
--------------------------------------------------------------------------------
[Failed Hit #952] Hit ID: 156 | Status: 500 | Time: 45917ms | Error: Timeout 45000ms exceeded
  Target API URL: https://dev-ux-linux-ezabgbfbfxh3gggs.southindia-01.azurewebsites.net/api/Position/GetPositionData
--------------------------------------------------------------------------------
[Failed Hit #953] Hit ID: 157 | Status: 500 | Time: 45916ms | Error: Timeout 45000ms exceeded
  Target API URL: https://dev-ux-linux-ezabgbfbfxh3gggs.southindia-01.azurewebsites.net/api/Position/GetPositionData
--------------------------------------------------------------------------------
[Failed Hit #954] Hit ID: 158 | Status: 500 | Time: 45916ms | Error: Timeout 45000ms exceeded
  Target API URL: https://dev-ux-linux-ezabgbfbfxh3gggs.southindia-01.azurewebsites.net/api/Position/GetPositionData
--------------------------------------------------------------------------------
[Failed Hit #955] Hit ID: 159 | Status: 500 | Time: 45915ms | Error: Timeout 45000ms exceeded
  Target API URL: https://dev-ux-linux-ezabgbfbfxh3gggs.southindia-01.azurewebsites.net/api/Position/GetPositionData
--------------------------------------------------------------------------------
[Failed Hit #956] Hit ID: 160 | Status: 500 | Time: 45914ms | Error: Timeout 45000ms exceeded
  Target API URL: https://dev-ux-linux-ezabgbfbfxh3gggs.southindia-01.azurewebsites.net/api/Position/GetPositionData
--------------------------------------------------------------------------------
[Failed Hit #957] Hit ID: 161 | Status: 500 | Time: 45914ms | Error: Timeout 45000ms exceeded
  Target API URL: https://dev-ux-linux-ezabgbfbfxh3gggs.southindia-01.azurewebsites.net/api/Position/GetPositionData
--------------------------------------------------------------------------------
[Failed Hit #958] Hit ID: 162 | Status: 500 | Time: 45913ms | Error: Timeout 45000ms exceeded
  Target API URL: https://dev-ux-linux-ezabgbfbfxh3gggs.southindia-01.azurewebsites.net/api/Position/GetPositionData
--------------------------------------------------------------------------------
[Failed Hit #959] Hit ID: 163 | Status: 500 | Time: 45911ms | Error: Timeout 45000ms exceeded
  Target API URL: https://dev-ux-linux-ezabgbfbfxh3gggs.southindia-01.azurewebsites.net/api/Position/GetPositionData
--------------------------------------------------------------------------------
[Failed Hit #960] Hit ID: 164 | Status: 500 | Time: 45910ms | Error: Timeout 45000ms exceeded
  Target API URL: https://dev-ux-linux-ezabgbfbfxh3gggs.southindia-01.azurewebsites.net/api/Position/GetPositionData
--------------------------------------------------------------------------------
[Failed Hit #961] Hit ID: 165 | Status: 500 | Time: 45909ms | Error: Timeout 45000ms exceeded
  Target API URL: https://dev-ux-linux-ezabgbfbfxh3gggs.southindia-01.azurewebsites.net/api/Position/GetPositionData
--------------------------------------------------------------------------------
[Failed Hit #962] Hit ID: 166 | Status: 500 | Time: 45909ms | Error: Timeout 45000ms exceeded
  Target API URL: https://dev-ux-linux-ezabgbfbfxh3gggs.southindia-01.azurewebsites.net/api/Position/GetPositionData
--------------------------------------------------------------------------------
[Failed Hit #963] Hit ID: 167 | Status: 500 | Time: 45908ms | Error: Timeout 45000ms exceeded
  Target API URL: https://dev-ux-linux-ezabgbfbfxh3gggs.southindia-01.azurewebsites.net/api/Position/GetPositionData
--------------------------------------------------------------------------------
[Failed Hit #964] Hit ID: 168 | Status: 500 | Time: 45907ms | Error: Timeout 45000ms exceeded
  Target API URL: https://dev-ux-linux-ezabgbfbfxh3gggs.southindia-01.azurewebsites.net/api/Position/GetPositionData
--------------------------------------------------------------------------------
[Failed Hit #965] Hit ID: 169 | Status: 500 | Time: 45907ms | Error: Timeout 45000ms exceeded
  Target API URL: https://dev-ux-linux-ezabgbfbfxh3gggs.southindia-01.azurewebsites.net/api/Position/GetPositionData
--------------------------------------------------------------------------------
[Failed Hit #966] Hit ID: 170 | Status: 500 | Time: 45906ms | Error: Timeout 45000ms exceeded
  Target API URL: https://dev-ux-linux-ezabgbfbfxh3gggs.southindia-01.azurewebsites.net/api/Position/GetPositionData
--------------------------------------------------------------------------------
[Failed Hit #967] Hit ID: 172 | Status: 500 | Time: 45904ms | Error: Timeout 45000ms exceeded
  Target API URL: https://dev-ux-linux-ezabgbfbfxh3gggs.southindia-01.azurewebsites.net/api/Position/GetPositionData
--------------------------------------------------------------------------------
[Failed Hit #968] Hit ID: 173 | Status: 500 | Time: 45903ms | Error: Timeout 45000ms exceeded
  Target API URL: https://dev-ux-linux-ezabgbfbfxh3gggs.southindia-01.azurewebsites.net/api/Position/GetPositionData
--------------------------------------------------------------------------------
[Failed Hit #969] Hit ID: 174 | Status: 500 | Time: 45902ms | Error: Timeout 45000ms exceeded
  Target API URL: https://dev-ux-linux-ezabgbfbfxh3gggs.southindia-01.azurewebsites.net/api/Position/GetPositionData
--------------------------------------------------------------------------------
[Failed Hit #970] Hit ID: 175 | Status: 500 | Time: 45903ms | Error: Timeout 45000ms exceeded
  Target API URL: https://dev-ux-linux-ezabgbfbfxh3gggs.southindia-01.azurewebsites.net/api/Position/GetPositionData
--------------------------------------------------------------------------------
[Failed Hit #971] Hit ID: 176 | Status: 500 | Time: 45902ms | Error: Timeout 45000ms exceeded
  Target API URL: https://dev-ux-linux-ezabgbfbfxh3gggs.southindia-01.azurewebsites.net/api/Position/GetPositionData
--------------------------------------------------------------------------------
[Failed Hit #972] Hit ID: 177 | Status: 500 | Time: 45901ms | Error: Timeout 45000ms exceeded
  Target API URL: https://dev-ux-linux-ezabgbfbfxh3gggs.southindia-01.azurewebsites.net/api/Position/GetPositionData
--------------------------------------------------------------------------------
[Failed Hit #973] Hit ID: 178 | Status: 500 | Time: 45900ms | Error: Timeout 45000ms exceeded
  Target API URL: https://dev-ux-linux-ezabgbfbfxh3gggs.southindia-01.azurewebsites.net/api/Position/GetPositionData
--------------------------------------------------------------------------------
[Failed Hit #974] Hit ID: 179 | Status: 500 | Time: 45899ms | Error: Timeout 45000ms exceeded
  Target API URL: https://dev-ux-linux-ezabgbfbfxh3gggs.southindia-01.azurewebsites.net/api/Position/GetPositionData
--------------------------------------------------------------------------------
[Failed Hit #975] Hit ID: 180 | Status: 500 | Time: 45898ms | Error: Timeout 45000ms exceeded
  Target API URL: https://dev-ux-linux-ezabgbfbfxh3gggs.southindia-01.azurewebsites.net/api/Position/GetPositionData
--------------------------------------------------------------------------------
[Failed Hit #976] Hit ID: 181 | Status: 500 | Time: 45898ms | Error: Timeout 45000ms exceeded
  Target API URL: https://dev-ux-linux-ezabgbfbfxh3gggs.southindia-01.azurewebsites.net/api/Position/GetPositionData
--------------------------------------------------------------------------------
[Failed Hit #977] Hit ID: 182 | Status: 500 | Time: 45898ms | Error: Timeout 45000ms exceeded
  Target API URL: https://dev-ux-linux-ezabgbfbfxh3gggs.southindia-01.azurewebsites.net/api/Position/GetPositionData
--------------------------------------------------------------------------------
[Failed Hit #978] Hit ID: 183 | Status: 500 | Time: 45896ms | Error: Timeout 45000ms exceeded
  Target API URL: https://dev-ux-linux-ezabgbfbfxh3gggs.southindia-01.azurewebsites.net/api/Position/GetPositionData
--------------------------------------------------------------------------------
[Failed Hit #979] Hit ID: 184 | Status: 500 | Time: 45895ms | Error: Timeout 45000ms exceeded
  Target API URL: https://dev-ux-linux-ezabgbfbfxh3gggs.southindia-01.azurewebsites.net/api/Position/GetPositionData
--------------------------------------------------------------------------------
[Failed Hit #980] Hit ID: 185 | Status: 500 | Time: 45894ms | Error: Timeout 45000ms exceeded
  Target API URL: https://dev-ux-linux-ezabgbfbfxh3gggs.southindia-01.azurewebsites.net/api/Position/GetPositionData
--------------------------------------------------------------------------------
[Failed Hit #981] Hit ID: 186 | Status: 500 | Time: 45892ms | Error: Timeout 45000ms exceeded
  Target API URL: https://dev-ux-linux-ezabgbfbfxh3gggs.southindia-01.azurewebsites.net/api/Position/GetPositionData
--------------------------------------------------------------------------------
[Failed Hit #982] Hit ID: 187 | Status: 500 | Time: 45891ms | Error: Timeout 45000ms exceeded
  Target API URL: https://dev-ux-linux-ezabgbfbfxh3gggs.southindia-01.azurewebsites.net/api/Position/GetPositionData
--------------------------------------------------------------------------------
[Failed Hit #983] Hit ID: 188 | Status: 500 | Time: 45890ms | Error: Timeout 45000ms exceeded
  Target API URL: https://dev-ux-linux-ezabgbfbfxh3gggs.southindia-01.azurewebsites.net/api/Position/GetPositionData
--------------------------------------------------------------------------------
[Failed Hit #984] Hit ID: 189 | Status: 500 | Time: 45889ms | Error: Timeout 45000ms exceeded
  Target API URL: https://dev-ux-linux-ezabgbfbfxh3gggs.southindia-01.azurewebsites.net/api/Position/GetPositionData
--------------------------------------------------------------------------------
[Failed Hit #985] Hit ID: 190 | Status: 500 | Time: 45889ms | Error: Timeout 45000ms exceeded
  Target API URL: https://dev-ux-linux-ezabgbfbfxh3gggs.southindia-01.azurewebsites.net/api/Position/GetPositionData
--------------------------------------------------------------------------------
[Failed Hit #986] Hit ID: 191 | Status: 500 | Time: 45888ms | Error: Timeout 45000ms exceeded
  Target API URL: https://dev-ux-linux-ezabgbfbfxh3gggs.southindia-01.azurewebsites.net/api/Position/GetPositionData
--------------------------------------------------------------------------------
[Failed Hit #987] Hit ID: 192 | Status: 500 | Time: 45887ms | Error: Timeout 45000ms exceeded
  Target API URL: https://dev-ux-linux-ezabgbfbfxh3gggs.southindia-01.azurewebsites.net/api/Position/GetPositionData
--------------------------------------------------------------------------------
[Failed Hit #988] Hit ID: 193 | Status: 500 | Time: 45886ms | Error: Timeout 45000ms exceeded
  Target API URL: https://dev-ux-linux-ezabgbfbfxh3gggs.southindia-01.azurewebsites.net/api/Position/GetPositionData
--------------------------------------------------------------------------------
[Failed Hit #989] Hit ID: 194 | Status: 500 | Time: 45884ms | Error: Timeout 45000ms exceeded
  Target API URL: https://dev-ux-linux-ezabgbfbfxh3gggs.southindia-01.azurewebsites.net/api/Position/GetPositionData
--------------------------------------------------------------------------------
[Failed Hit #990] Hit ID: 195 | Status: 500 | Time: 45883ms | Error: Timeout 45000ms exceeded
  Target API URL: https://dev-ux-linux-ezabgbfbfxh3gggs.southindia-01.azurewebsites.net/api/Position/GetPositionData
--------------------------------------------------------------------------------
[Failed Hit #991] Hit ID: 196 | Status: 500 | Time: 45882ms | Error: Timeout 45000ms exceeded
  Target API URL: https://dev-ux-linux-ezabgbfbfxh3gggs.southindia-01.azurewebsites.net/api/Position/GetPositionData
--------------------------------------------------------------------------------
[Failed Hit #992] Hit ID: 197 | Status: 500 | Time: 45882ms | Error: Timeout 45000ms exceeded
  Target API URL: https://dev-ux-linux-ezabgbfbfxh3gggs.southindia-01.azurewebsites.net/api/Position/GetPositionData
--------------------------------------------------------------------------------
[Failed Hit #993] Hit ID: 198 | Status: 500 | Time: 45961ms | Error: Timeout 45000ms exceeded
  Target API URL: https://dev-ux-linux-ezabgbfbfxh3gggs.southindia-01.azurewebsites.net/api/Position/GetPositionData
--------------------------------------------------------------------------------
[Failed Hit #994] Hit ID: 199 | Status: 500 | Time: 45960ms | Error: Timeout 45000ms exceeded
  Target API URL: https://dev-ux-linux-ezabgbfbfxh3gggs.southindia-01.azurewebsites.net/api/Position/GetPositionData
--------------------------------------------------------------------------------
[Failed Hit #995] Hit ID: 200 | Status: 500 | Time: 45960ms | Error: Timeout 45000ms exceeded
  Target API URL: https://dev-ux-linux-ezabgbfbfxh3gggs.southindia-01.azurewebsites.net/api/Position/GetPositionData
--------------------------------------------------------------------------------
[Failed Hit #996] Hit ID: 201 | Status: 500 | Time: 45959ms | Error: Timeout 45000ms exceeded
  Target API URL: https://dev-ux-linux-ezabgbfbfxh3gggs.southindia-01.azurewebsites.net/api/Position/GetPositionData
--------------------------------------------------------------------------------
[Failed Hit #997] Hit ID: 202 | Status: 500 | Time: 45959ms | Error: Timeout 45000ms exceeded
  Target API URL: https://dev-ux-linux-ezabgbfbfxh3gggs.southindia-01.azurewebsites.net/api/Position/GetPositionData
--------------------------------------------------------------------------------
[Failed Hit #998] Hit ID: 203 | Status: 500 | Time: 45957ms | Error: Timeout 45000ms exceeded
  Target API URL: https://dev-ux-linux-ezabgbfbfxh3gggs.southindia-01.azurewebsites.net/api/Position/GetPositionData
--------------------------------------------------------------------------------
[Failed Hit #999] Hit ID: 204 | Status: 500 | Time: 45956ms | Error: Timeout 45000ms exceeded
  Target API URL: https://dev-ux-linux-ezabgbfbfxh3gggs.southindia-01.azurewebsites.net/api/Position/GetPositionData
--------------------------------------------------------------------------------
[Failed Hit #1000] Hit ID: 205 | Status: 500 | Time: 45955ms | Error: Timeout 45000ms exceeded
  Target API URL: https://dev-ux-linux-ezabgbfbfxh3gggs.southindia-01.azurewebsites.net/api/Position/GetPositionData
--------------------------------------------------------------------------------
[Failed Hit #1001] Hit ID: 206 | Status: 500 | Time: 45954ms | Error: Timeout 45000ms exceeded
  Target API URL: https://dev-ux-linux-ezabgbfbfxh3gggs.southindia-01.azurewebsites.net/api/Position/GetPositionData
--------------------------------------------------------------------------------
[Failed Hit #1002] Hit ID: 207 | Status: 500 | Time: 45954ms | Error: Timeout 45000ms exceeded
  Target API URL: https://dev-ux-linux-ezabgbfbfxh3gggs.southindia-01.azurewebsites.net/api/Position/GetPositionData
--------------------------------------------------------------------------------
[Failed Hit #1003] Hit ID: 208 | Status: 500 | Time: 45954ms | Error: Timeout 45000ms exceeded
  Target API URL: https://dev-ux-linux-ezabgbfbfxh3gggs.southindia-01.azurewebsites.net/api/Position/GetPositionData
--------------------------------------------------------------------------------
[Failed Hit #1004] Hit ID: 209 | Status: 500 | Time: 45953ms | Error: Timeout 45000ms exceeded
  Target API URL: https://dev-ux-linux-ezabgbfbfxh3gggs.southindia-01.azurewebsites.net/api/Position/GetPositionData
--------------------------------------------------------------------------------
[Failed Hit #1005] Hit ID: 210 | Status: 500 | Time: 45952ms | Error: Timeout 45000ms exceeded
  Target API URL: https://dev-ux-linux-ezabgbfbfxh3gggs.southindia-01.azurewebsites.net/api/Position/GetPositionData
--------------------------------------------------------------------------------
[Failed Hit #1006] Hit ID: 211 | Status: 500 | Time: 45951ms | Error: Timeout 45000ms exceeded
  Target API URL: https://dev-ux-linux-ezabgbfbfxh3gggs.southindia-01.azurewebsites.net/api/Position/GetPositionData
--------------------------------------------------------------------------------
[Failed Hit #1007] Hit ID: 212 | Status: 500 | Time: 45951ms | Error: Timeout 45000ms exceeded
  Target API URL: https://dev-ux-linux-ezabgbfbfxh3gggs.southindia-01.azurewebsites.net/api/Position/GetPositionData
--------------------------------------------------------------------------------
[Failed Hit #1008] Hit ID: 213 | Status: 500 | Time: 45950ms | Error: Timeout 45000ms exceeded
  Target API URL: https://dev-ux-linux-ezabgbfbfxh3gggs.southindia-01.azurewebsites.net/api/Position/GetPositionData
--------------------------------------------------------------------------------
[Failed Hit #1009] Hit ID: 214 | Status: 500 | Time: 45949ms | Error: Timeout 45000ms exceeded
  Target API URL: https://dev-ux-linux-ezabgbfbfxh3gggs.southindia-01.azurewebsites.net/api/Position/GetPositionData
--------------------------------------------------------------------------------
[Failed Hit #1010] Hit ID: 215 | Status: 500 | Time: 45948ms | Error: Timeout 45000ms exceeded
  Target API URL: https://dev-ux-linux-ezabgbfbfxh3gggs.southindia-01.azurewebsites.net/api/Position/GetPositionData
--------------------------------------------------------------------------------
[Failed Hit #1011] Hit ID: 216 | Status: 500 | Time: 45948ms | Error: Timeout 45000ms exceeded
  Target API URL: https://dev-ux-linux-ezabgbfbfxh3gggs.southindia-01.azurewebsites.net/api/Position/GetPositionData
--------------------------------------------------------------------------------
[Failed Hit #1012] Hit ID: 217 | Status: 500 | Time: 45947ms | Error: Timeout 45000ms exceeded
  Target API URL: https://dev-ux-linux-ezabgbfbfxh3gggs.southindia-01.azurewebsites.net/api/Position/GetPositionData
--------------------------------------------------------------------------------
[Failed Hit #1013] Hit ID: 218 | Status: 500 | Time: 45946ms | Error: Timeout 45000ms exceeded
  Target API URL: https://dev-ux-linux-ezabgbfbfxh3gggs.southindia-01.azurewebsites.net/api/Position/GetPositionData
--------------------------------------------------------------------------------
[Failed Hit #1014] Hit ID: 219 | Status: 500 | Time: 45945ms | Error: Timeout 45000ms exceeded
  Target API URL: https://dev-ux-linux-ezabgbfbfxh3gggs.southindia-01.azurewebsites.net/api/Position/GetPositionData
--------------------------------------------------------------------------------
[Failed Hit #1015] Hit ID: 220 | Status: 500 | Time: 45944ms | Error: Timeout 45000ms exceeded
  Target API URL: https://dev-ux-linux-ezabgbfbfxh3gggs.southindia-01.azurewebsites.net/api/Position/GetPositionData
--------------------------------------------------------------------------------
[Failed Hit #1016] Hit ID: 221 | Status: 500 | Time: 45943ms | Error: Timeout 45000ms exceeded
  Target API URL: https://dev-ux-linux-ezabgbfbfxh3gggs.southindia-01.azurewebsites.net/api/Position/GetPositionData
--------------------------------------------------------------------------------
[Failed Hit #1017] Hit ID: 222 | Status: 500 | Time: 45943ms | Error: Timeout 45000ms exceeded
  Target API URL: https://dev-ux-linux-ezabgbfbfxh3gggs.southindia-01.azurewebsites.net/api/Position/GetPositionData
--------------------------------------------------------------------------------
[Failed Hit #1018] Hit ID: 223 | Status: 500 | Time: 45941ms | Error: Timeout 45000ms exceeded
  Target API URL: https://dev-ux-linux-ezabgbfbfxh3gggs.southindia-01.azurewebsites.net/api/Position/GetPositionData
--------------------------------------------------------------------------------
[Failed Hit #1019] Hit ID: 224 | Status: 500 | Time: 45940ms | Error: Timeout 45000ms exceeded
  Target API URL: https://dev-ux-linux-ezabgbfbfxh3gggs.southindia-01.azurewebsites.net/api/Position/GetPositionData
--------------------------------------------------------------------------------
[Failed Hit #1020] Hit ID: 225 | Status: 500 | Time: 45940ms | Error: Timeout 45000ms exceeded
  Target API URL: https://dev-ux-linux-ezabgbfbfxh3gggs.southindia-01.azurewebsites.net/api/Position/GetPositionData
--------------------------------------------------------------------------------
[Failed Hit #1021] Hit ID: 226 | Status: 500 | Time: 45939ms | Error: Timeout 45000ms exceeded
  Target API URL: https://dev-ux-linux-ezabgbfbfxh3gggs.southindia-01.azurewebsites.net/api/Position/GetPositionData
--------------------------------------------------------------------------------
[Failed Hit #1022] Hit ID: 227 | Status: 500 | Time: 45938ms | Error: Timeout 45000ms exceeded
  Target API URL: https://dev-ux-linux-ezabgbfbfxh3gggs.southindia-01.azurewebsites.net/api/Position/GetPositionData
--------------------------------------------------------------------------------
[Failed Hit #1023] Hit ID: 228 | Status: 500 | Time: 45937ms | Error: Timeout 45000ms exceeded
  Target API URL: https://dev-ux-linux-ezabgbfbfxh3gggs.southindia-01.azurewebsites.net/api/Position/GetPositionData
--------------------------------------------------------------------------------
[Failed Hit #1024] Hit ID: 229 | Status: 500 | Time: 45936ms | Error: Timeout 45000ms exceeded
  Target API URL: https://dev-ux-linux-ezabgbfbfxh3gggs.southindia-01.azurewebsites.net/api/Position/GetPositionData
--------------------------------------------------------------------------------
[Failed Hit #1025] Hit ID: 230 | Status: 500 | Time: 45935ms | Error: Timeout 45000ms exceeded
  Target API URL: https://dev-ux-linux-ezabgbfbfxh3gggs.southindia-01.azurewebsites.net/api/Position/GetPositionData
--------------------------------------------------------------------------------
[Failed Hit #1026] Hit ID: 231 | Status: 500 | Time: 45934ms | Error: Timeout 45000ms exceeded
  Target API URL: https://dev-ux-linux-ezabgbfbfxh3gggs.southindia-01.azurewebsites.net/api/Position/GetPositionData
--------------------------------------------------------------------------------
[Failed Hit #1027] Hit ID: 232 | Status: 500 | Time: 45933ms | Error: Timeout 45000ms exceeded
  Target API URL: https://dev-ux-linux-ezabgbfbfxh3gggs.southindia-01.azurewebsites.net/api/Position/GetPositionData
--------------------------------------------------------------------------------
[Failed Hit #1028] Hit ID: 233 | Status: 500 | Time: 45933ms | Error: Timeout 45000ms exceeded
  Target API URL: https://dev-ux-linux-ezabgbfbfxh3gggs.southindia-01.azurewebsites.net/api/Position/GetPositionData
--------------------------------------------------------------------------------
[Failed Hit #1029] Hit ID: 234 | Status: 500 | Time: 45933ms | Error: Timeout 45000ms exceeded
  Target API URL: https://dev-ux-linux-ezabgbfbfxh3gggs.southindia-01.azurewebsites.net/api/Position/GetPositionData
--------------------------------------------------------------------------------
[Failed Hit #1030] Hit ID: 235 | Status: 500 | Time: 45932ms | Error: Timeout 45000ms exceeded
  Target API URL: https://dev-ux-linux-ezabgbfbfxh3gggs.southindia-01.azurewebsites.net/api/Position/GetPositionData
--------------------------------------------------------------------------------
[Failed Hit #1031] Hit ID: 236 | Status: 500 | Time: 45931ms | Error: Timeout 45000ms exceeded
  Target API URL: https://dev-ux-linux-ezabgbfbfxh3gggs.southindia-01.azurewebsites.net/api/Position/GetPositionData
--------------------------------------------------------------------------------
[Failed Hit #1032] Hit ID: 237 | Status: 500 | Time: 45930ms | Error: Timeout 45000ms exceeded
  Target API URL: https://dev-ux-linux-ezabgbfbfxh3gggs.southindia-01.azurewebsites.net/api/Position/GetPositionData
--------------------------------------------------------------------------------
[Failed Hit #1033] Hit ID: 238 | Status: 500 | Time: 45929ms | Error: Timeout 45000ms exceeded
  Target API URL: https://dev-ux-linux-ezabgbfbfxh3gggs.southindia-01.azurewebsites.net/api/Position/GetPositionData
--------------------------------------------------------------------------------
[Failed Hit #1034] Hit ID: 239 | Status: 500 | Time: 45929ms | Error: Timeout 45000ms exceeded
  Target API URL: https://dev-ux-linux-ezabgbfbfxh3gggs.southindia-01.azurewebsites.net/api/Position/GetPositionData
--------------------------------------------------------------------------------
[Failed Hit #1035] Hit ID: 240 | Status: 500 | Time: 45928ms | Error: Timeout 45000ms exceeded
  Target API URL: https://dev-ux-linux-ezabgbfbfxh3gggs.southindia-01.azurewebsites.net/api/Position/GetPositionData
--------------------------------------------------------------------------------
[Failed Hit #1036] Hit ID: 241 | Status: 500 | Time: 45927ms | Error: Timeout 45000ms exceeded
  Target API URL: https://dev-ux-linux-ezabgbfbfxh3gggs.southindia-01.azurewebsites.net/api/Position/GetPositionData
--------------------------------------------------------------------------------
[Failed Hit #1037] Hit ID: 242 | Status: 500 | Time: 45926ms | Error: Timeout 45000ms exceeded
  Target API URL: https://dev-ux-linux-ezabgbfbfxh3gggs.southindia-01.azurewebsites.net/api/Position/GetPositionData
--------------------------------------------------------------------------------
[Failed Hit #1038] Hit ID: 243 | Status: 500 | Time: 45925ms | Error: Timeout 45000ms exceeded
  Target API URL: https://dev-ux-linux-ezabgbfbfxh3gggs.southindia-01.azurewebsites.net/api/Position/GetPositionData
--------------------------------------------------------------------------------
[Failed Hit #1039] Hit ID: 244 | Status: 500 | Time: 45924ms | Error: Timeout 45000ms exceeded
  Target API URL: https://dev-ux-linux-ezabgbfbfxh3gggs.southindia-01.azurewebsites.net/api/Position/GetPositionData
--------------------------------------------------------------------------------
[Failed Hit #1040] Hit ID: 245 | Status: 500 | Time: 45923ms | Error: Timeout 45000ms exceeded
  Target API URL: https://dev-ux-linux-ezabgbfbfxh3gggs.southindia-01.azurewebsites.net/api/Position/GetPositionData
--------------------------------------------------------------------------------
[Failed Hit #1041] Hit ID: 246 | Status: 500 | Time: 45923ms | Error: Timeout 45000ms exceeded
  Target API URL: https://dev-ux-linux-ezabgbfbfxh3gggs.southindia-01.azurewebsites.net/api/Position/GetPositionData
--------------------------------------------------------------------------------
[Failed Hit #1042] Hit ID: 247 | Status: 500 | Time: 45922ms | Error: Timeout 45000ms exceeded
  Target API URL: https://dev-ux-linux-ezabgbfbfxh3gggs.southindia-01.azurewebsites.net/api/Position/GetPositionData
--------------------------------------------------------------------------------
[Failed Hit #1043] Hit ID: 248 | Status: 500 | Time: 45921ms | Error: Timeout 45000ms exceeded
  Target API URL: https://dev-ux-linux-ezabgbfbfxh3gggs.southindia-01.azurewebsites.net/api/Position/GetPositionData
--------------------------------------------------------------------------------
[Failed Hit #1044] Hit ID: 249 | Status: 500 | Time: 45919ms | Error: Timeout 45000ms exceeded
  Target API URL: https://dev-ux-linux-ezabgbfbfxh3gggs.southindia-01.azurewebsites.net/api/Position/GetPositionData
--------------------------------------------------------------------------------
[Failed Hit #1045] Hit ID: 250 | Status: 500 | Time: 45918ms | Error: Timeout 45000ms exceeded
  Target API URL: https://dev-ux-linux-ezabgbfbfxh3gggs.southindia-01.azurewebsites.net/api/Position/GetPositionData
--------------------------------------------------------------------------------
[Failed Hit #1046] Hit ID: 251 | Status: 500 | Time: 45917ms | Error: Timeout 45000ms exceeded
  Target API URL: https://dev-ux-linux-ezabgbfbfxh3gggs.southindia-01.azurewebsites.net/api/Position/GetPositionData
--------------------------------------------------------------------------------
[Failed Hit #1047] Hit ID: 252 | Status: 500 | Time: 45917ms | Error: Timeout 45000ms exceeded
  Target API URL: https://dev-ux-linux-ezabgbfbfxh3gggs.southindia-01.azurewebsites.net/api/Position/GetPositionData
--------------------------------------------------------------------------------
[Failed Hit #1048] Hit ID: 253 | Status: 500 | Time: 45916ms | Error: Timeout 45000ms exceeded
  Target API URL: https://dev-ux-linux-ezabgbfbfxh3gggs.southindia-01.azurewebsites.net/api/Position/GetPositionData
--------------------------------------------------------------------------------
[Failed Hit #1049] Hit ID: 254 | Status: 500 | Time: 45915ms | Error: Timeout 45000ms exceeded
  Target API URL: https://dev-ux-linux-ezabgbfbfxh3gggs.southindia-01.azurewebsites.net/api/Position/GetPositionData
--------------------------------------------------------------------------------
[Failed Hit #1050] Hit ID: 255 | Status: 500 | Time: 45914ms | Error: Timeout 45000ms exceeded
  Target API URL: https://dev-ux-linux-ezabgbfbfxh3gggs.southindia-01.azurewebsites.net/api/Position/GetPositionData
--------------------------------------------------------------------------------
[Failed Hit #1051] Hit ID: 256 | Status: 500 | Time: 45913ms | Error: Timeout 45000ms exceeded
  Target API URL: https://dev-ux-linux-ezabgbfbfxh3gggs.southindia-01.azurewebsites.net/api/Position/GetPositionData
--------------------------------------------------------------------------------
[Failed Hit #1052] Hit ID: 257 | Status: 500 | Time: 45913ms | Error: Timeout 45000ms exceeded
  Target API URL: https://dev-ux-linux-ezabgbfbfxh3gggs.southindia-01.azurewebsites.net/api/Position/GetPositionData
--------------------------------------------------------------------------------
[Failed Hit #1053] Hit ID: 258 | Status: 500 | Time: 45912ms | Error: Timeout 45000ms exceeded
  Target API URL: https://dev-ux-linux-ezabgbfbfxh3gggs.southindia-01.azurewebsites.net/api/Position/GetPositionData
--------------------------------------------------------------------------------
[Failed Hit #1054] Hit ID: 259 | Status: 500 | Time: 45911ms | Error: Timeout 45000ms exceeded
  Target API URL: https://dev-ux-linux-ezabgbfbfxh3gggs.southindia-01.azurewebsites.net/api/Position/GetPositionData
--------------------------------------------------------------------------------
[Failed Hit #1055] Hit ID: 260 | Status: 500 | Time: 45910ms | Error: Timeout 45000ms exceeded
  Target API URL: https://dev-ux-linux-ezabgbfbfxh3gggs.southindia-01.azurewebsites.net/api/Position/GetPositionData
--------------------------------------------------------------------------------
[Failed Hit #1056] Hit ID: 261 | Status: 500 | Time: 45910ms | Error: Timeout 45000ms exceeded
  Target API URL: https://dev-ux-linux-ezabgbfbfxh3gggs.southindia-01.azurewebsites.net/api/Position/GetPositionData
--------------------------------------------------------------------------------
[Failed Hit #1057] Hit ID: 262 | Status: 500 | Time: 45908ms | Error: Timeout 45000ms exceeded
  Target API URL: https://dev-ux-linux-ezabgbfbfxh3gggs.southindia-01.azurewebsites.net/api/Position/GetPositionData
--------------------------------------------------------------------------------
[Failed Hit #1058] Hit ID: 263 | Status: 500 | Time: 45907ms | Error: Timeout 45000ms exceeded
  Target API URL: https://dev-ux-linux-ezabgbfbfxh3gggs.southindia-01.azurewebsites.net/api/Position/GetPositionData
--------------------------------------------------------------------------------
[Failed Hit #1059] Hit ID: 264 | Status: 500 | Time: 45906ms | Error: Timeout 45000ms exceeded
  Target API URL: https://dev-ux-linux-ezabgbfbfxh3gggs.southindia-01.azurewebsites.net/api/Position/GetPositionData
--------------------------------------------------------------------------------
[Failed Hit #1060] Hit ID: 265 | Status: 500 | Time: 45905ms | Error: Timeout 45000ms exceeded
  Target API URL: https://dev-ux-linux-ezabgbfbfxh3gggs.southindia-01.azurewebsites.net/api/Position/GetPositionData
--------------------------------------------------------------------------------
[Failed Hit #1061] Hit ID: 266 | Status: 500 | Time: 45905ms | Error: Timeout 45000ms exceeded
  Target API URL: https://dev-ux-linux-ezabgbfbfxh3gggs.southindia-01.azurewebsites.net/api/Position/GetPositionData
--------------------------------------------------------------------------------
[Failed Hit #1062] Hit ID: 267 | Status: 500 | Time: 45904ms | Error: Timeout 45000ms exceeded
  Target API URL: https://dev-ux-linux-ezabgbfbfxh3gggs.southindia-01.azurewebsites.net/api/Position/GetPositionData
--------------------------------------------------------------------------------
[Failed Hit #1063] Hit ID: 268 | Status: 500 | Time: 45903ms | Error: Timeout 45000ms exceeded
  Target API URL: https://dev-ux-linux-ezabgbfbfxh3gggs.southindia-01.azurewebsites.net/api/Position/GetPositionData
--------------------------------------------------------------------------------
[Failed Hit #1064] Hit ID: 269 | Status: 500 | Time: 45903ms | Error: Timeout 45000ms exceeded
  Target API URL: https://dev-ux-linux-ezabgbfbfxh3gggs.southindia-01.azurewebsites.net/api/Position/GetPositionData
--------------------------------------------------------------------------------
[Failed Hit #1065] Hit ID: 270 | Status: 500 | Time: 45902ms | Error: Timeout 45000ms exceeded
  Target API URL: https://dev-ux-linux-ezabgbfbfxh3gggs.southindia-01.azurewebsites.net/api/Position/GetPositionData
--------------------------------------------------------------------------------
[Failed Hit #1066] Hit ID: 271 | Status: 500 | Time: 45902ms | Error: Timeout 45000ms exceeded
  Target API URL: https://dev-ux-linux-ezabgbfbfxh3gggs.southindia-01.azurewebsites.net/api/Position/GetPositionData
--------------------------------------------------------------------------------
[Failed Hit #1067] Hit ID: 272 | Status: 500 | Time: 45901ms | Error: Timeout 45000ms exceeded
  Target API URL: https://dev-ux-linux-ezabgbfbfxh3gggs.southindia-01.azurewebsites.net/api/Position/GetPositionData
--------------------------------------------------------------------------------
[Failed Hit #1068] Hit ID: 273 | Status: 500 | Time: 45900ms | Error: Timeout 45000ms exceeded
  Target API URL: https://dev-ux-linux-ezabgbfbfxh3gggs.southindia-01.azurewebsites.net/api/Position/GetPositionData
--------------------------------------------------------------------------------
[Failed Hit #1069] Hit ID: 274 | Status: 500 | Time: 45899ms | Error: Timeout 45000ms exceeded
  Target API URL: https://dev-ux-linux-ezabgbfbfxh3gggs.southindia-01.azurewebsites.net/api/Position/GetPositionData
--------------------------------------------------------------------------------
[Failed Hit #1070] Hit ID: 275 | Status: 500 | Time: 45898ms | Error: Timeout 45000ms exceeded
  Target API URL: https://dev-ux-linux-ezabgbfbfxh3gggs.southindia-01.azurewebsites.net/api/Position/GetPositionData
--------------------------------------------------------------------------------
[Failed Hit #1071] Hit ID: 276 | Status: 500 | Time: 45897ms | Error: Timeout 45000ms exceeded
  Target API URL: https://dev-ux-linux-ezabgbfbfxh3gggs.southindia-01.azurewebsites.net/api/Position/GetPositionData
--------------------------------------------------------------------------------
[Failed Hit #1072] Hit ID: 277 | Status: 500 | Time: 45897ms | Error: Timeout 45000ms exceeded
  Target API URL: https://dev-ux-linux-ezabgbfbfxh3gggs.southindia-01.azurewebsites.net/api/Position/GetPositionData
--------------------------------------------------------------------------------
[Failed Hit #1073] Hit ID: 278 | Status: 500 | Time: 45897ms | Error: Timeout 45000ms exceeded
  Target API URL: https://dev-ux-linux-ezabgbfbfxh3gggs.southindia-01.azurewebsites.net/api/Position/GetPositionData
--------------------------------------------------------------------------------
[Failed Hit #1074] Hit ID: 279 | Status: 500 | Time: 45896ms | Error: Timeout 45000ms exceeded
  Target API URL: https://dev-ux-linux-ezabgbfbfxh3gggs.southindia-01.azurewebsites.net/api/Position/GetPositionData
--------------------------------------------------------------------------------
[Failed Hit #1075] Hit ID: 280 | Status: 500 | Time: 45895ms | Error: Timeout 45000ms exceeded
  Target API URL: https://dev-ux-linux-ezabgbfbfxh3gggs.southindia-01.azurewebsites.net/api/Position/GetPositionData
--------------------------------------------------------------------------------
[Failed Hit #1076] Hit ID: 281 | Status: 500 | Time: 45894ms | Error: Timeout 45000ms exceeded
  Target API URL: https://dev-ux-linux-ezabgbfbfxh3gggs.southindia-01.azurewebsites.net/api/Position/GetPositionData
--------------------------------------------------------------------------------
[Failed Hit #1077] Hit ID: 282 | Status: 500 | Time: 45893ms | Error: Timeout 45000ms exceeded
  Target API URL: https://dev-ux-linux-ezabgbfbfxh3gggs.southindia-01.azurewebsites.net/api/Position/GetPositionData
--------------------------------------------------------------------------------
[Failed Hit #1078] Hit ID: 283 | Status: 500 | Time: 45891ms | Error: Timeout 45000ms exceeded
  Target API URL: https://dev-ux-linux-ezabgbfbfxh3gggs.southindia-01.azurewebsites.net/api/Position/GetPositionData
--------------------------------------------------------------------------------
[Failed Hit #1079] Hit ID: 284 | Status: 500 | Time: 45890ms | Error: Timeout 45000ms exceeded
  Target API URL: https://dev-ux-linux-ezabgbfbfxh3gggs.southindia-01.azurewebsites.net/api/Position/GetPositionData
--------------------------------------------------------------------------------
[Failed Hit #1080] Hit ID: 285 | Status: 500 | Time: 45889ms | Error: Timeout 45000ms exceeded
  Target API URL: https://dev-ux-linux-ezabgbfbfxh3gggs.southindia-01.azurewebsites.net/api/Position/GetPositionData
--------------------------------------------------------------------------------
[Failed Hit #1081] Hit ID: 286 | Status: 500 | Time: 45889ms | Error: Timeout 45000ms exceeded
  Target API URL: https://dev-ux-linux-ezabgbfbfxh3gggs.southindia-01.azurewebsites.net/api/Position/GetPositionData
--------------------------------------------------------------------------------
[Failed Hit #1082] Hit ID: 287 | Status: 500 | Time: 45889ms | Error: Timeout 45000ms exceeded
  Target API URL: https://dev-ux-linux-ezabgbfbfxh3gggs.southindia-01.azurewebsites.net/api/Position/GetPositionData
--------------------------------------------------------------------------------
[Failed Hit #1083] Hit ID: 288 | Status: 500 | Time: 45888ms | Error: Timeout 45000ms exceeded
  Target API URL: https://dev-ux-linux-ezabgbfbfxh3gggs.southindia-01.azurewebsites.net/api/Position/GetPositionData
--------------------------------------------------------------------------------
[Failed Hit #1084] Hit ID: 289 | Status: 500 | Time: 45887ms | Error: Timeout 45000ms exceeded
  Target API URL: https://dev-ux-linux-ezabgbfbfxh3gggs.southindia-01.azurewebsites.net/api/Position/GetPositionData
--------------------------------------------------------------------------------
[Failed Hit #1085] Hit ID: 290 | Status: 500 | Time: 45886ms | Error: Timeout 45000ms exceeded
  Target API URL: https://dev-ux-linux-ezabgbfbfxh3gggs.southindia-01.azurewebsites.net/api/Position/GetPositionData
--------------------------------------------------------------------------------
[Failed Hit #1086] Hit ID: 291 | Status: 500 | Time: 45885ms | Error: Timeout 45000ms exceeded
  Target API URL: https://dev-ux-linux-ezabgbfbfxh3gggs.southindia-01.azurewebsites.net/api/Position/GetPositionData
--------------------------------------------------------------------------------
[Failed Hit #1087] Hit ID: 292 | Status: 500 | Time: 45884ms | Error: Timeout 45000ms exceeded
  Target API URL: https://dev-ux-linux-ezabgbfbfxh3gggs.southindia-01.azurewebsites.net/api/Position/GetPositionData
--------------------------------------------------------------------------------
[Failed Hit #1088] Hit ID: 293 | Status: 500 | Time: 45883ms | Error: Timeout 45000ms exceeded
  Target API URL: https://dev-ux-linux-ezabgbfbfxh3gggs.southindia-01.azurewebsites.net/api/Position/GetPositionData
--------------------------------------------------------------------------------
[Failed Hit #1089] Hit ID: 294 | Status: 500 | Time: 45884ms | Error: Timeout 45000ms exceeded
  Target API URL: https://dev-ux-linux-ezabgbfbfxh3gggs.southindia-01.azurewebsites.net/api/Position/GetPositionData
--------------------------------------------------------------------------------
[Failed Hit #1090] Hit ID: 295 | Status: 500 | Time: 45883ms | Error: Timeout 45000ms exceeded
  Target API URL: https://dev-ux-linux-ezabgbfbfxh3gggs.southindia-01.azurewebsites.net/api/Position/GetPositionData
--------------------------------------------------------------------------------
[Failed Hit #1091] Hit ID: 296 | Status: 500 | Time: 45882ms | Error: Timeout 45000ms exceeded
  Target API URL: https://dev-ux-linux-ezabgbfbfxh3gggs.southindia-01.azurewebsites.net/api/Position/GetPositionData
--------------------------------------------------------------------------------
[Failed Hit #1092] Hit ID: 297 | Status: 500 | Time: 45881ms | Error: Timeout 45000ms exceeded
  Target API URL: https://dev-ux-linux-ezabgbfbfxh3gggs.southindia-01.azurewebsites.net/api/Position/GetPositionData
--------------------------------------------------------------------------------
[Failed Hit #1093] Hit ID: 298 | Status: 500 | Time: 45880ms | Error: Timeout 45000ms exceeded
  Target API URL: https://dev-ux-linux-ezabgbfbfxh3gggs.southindia-01.azurewebsites.net/api/Position/GetPositionData
--------------------------------------------------------------------------------
[Failed Hit #1094] Hit ID: 299 | Status: 500 | Time: 45879ms | Error: Timeout 45000ms exceeded
  Target API URL: https://dev-ux-linux-ezabgbfbfxh3gggs.southindia-01.azurewebsites.net/api/Position/GetPositionData
--------------------------------------------------------------------------------
[Failed Hit #1095] Hit ID: 300 | Status: 500 | Time: 45878ms | Error: Timeout 45000ms exceeded
  Target API URL: https://dev-ux-linux-ezabgbfbfxh3gggs.southindia-01.azurewebsites.net/api/Position/GetPositionData
--------------------------------------------------------------------------------
[Failed Hit #1096] Hit ID: 301 | Status: 500 | Time: 45878ms | Error: Timeout 45000ms exceeded
  Target API URL: https://dev-ux-linux-ezabgbfbfxh3gggs.southindia-01.azurewebsites.net/api/Position/GetPositionData
--------------------------------------------------------------------------------
[Failed Hit #1097] Hit ID: 302 | Status: 500 | Time: 45876ms | Error: Timeout 45000ms exceeded
  Target API URL: https://dev-ux-linux-ezabgbfbfxh3gggs.southindia-01.azurewebsites.net/api/Position/GetPositionData
--------------------------------------------------------------------------------
[Failed Hit #1098] Hit ID: 303 | Status: 500 | Time: 45875ms | Error: Timeout 45000ms exceeded
  Target API URL: https://dev-ux-linux-ezabgbfbfxh3gggs.southindia-01.azurewebsites.net/api/Position/GetPositionData
--------------------------------------------------------------------------------
[Failed Hit #1099] Hit ID: 304 | Status: 500 | Time: 45874ms | Error: Timeout 45000ms exceeded
  Target API URL: https://dev-ux-linux-ezabgbfbfxh3gggs.southindia-01.azurewebsites.net/api/Position/GetPositionData
--------------------------------------------------------------------------------
[Failed Hit #1100] Hit ID: 305 | Status: 500 | Time: 45874ms | Error: Timeout 45000ms exceeded
  Target API URL: https://dev-ux-linux-ezabgbfbfxh3gggs.southindia-01.azurewebsites.net/api/Position/GetPositionData
--------------------------------------------------------------------------------
[Failed Hit #1101] Hit ID: 306 | Status: 500 | Time: 45873ms | Error: Timeout 45000ms exceeded
  Target API URL: https://dev-ux-linux-ezabgbfbfxh3gggs.southindia-01.azurewebsites.net/api/Position/GetPositionData
--------------------------------------------------------------------------------
[Failed Hit #1102] Hit ID: 307 | Status: 500 | Time: 45872ms | Error: Timeout 45000ms exceeded
  Target API URL: https://dev-ux-linux-ezabgbfbfxh3gggs.southindia-01.azurewebsites.net/api/Position/GetPositionData
--------------------------------------------------------------------------------
[Failed Hit #1103] Hit ID: 308 | Status: 500 | Time: 45871ms | Error: Timeout 45000ms exceeded
  Target API URL: https://dev-ux-linux-ezabgbfbfxh3gggs.southindia-01.azurewebsites.net/api/Position/GetPositionData
--------------------------------------------------------------------------------
[Failed Hit #1104] Hit ID: 309 | Status: 500 | Time: 45870ms | Error: Timeout 45000ms exceeded
  Target API URL: https://dev-ux-linux-ezabgbfbfxh3gggs.southindia-01.azurewebsites.net/api/Position/GetPositionData
--------------------------------------------------------------------------------
[Failed Hit #1105] Hit ID: 310 | Status: 500 | Time: 45871ms | Error: Timeout 45000ms exceeded
  Target API URL: https://dev-ux-linux-ezabgbfbfxh3gggs.southindia-01.azurewebsites.net/api/Position/GetPositionData
--------------------------------------------------------------------------------
[Failed Hit #1106] Hit ID: 311 | Status: 500 | Time: 45870ms | Error: Timeout 45000ms exceeded
  Target API URL: https://dev-ux-linux-ezabgbfbfxh3gggs.southindia-01.azurewebsites.net/api/Position/GetPositionData
--------------------------------------------------------------------------------
[Failed Hit #1107] Hit ID: 312 | Status: 500 | Time: 45869ms | Error: Timeout 45000ms exceeded
  Target API URL: https://dev-ux-linux-ezabgbfbfxh3gggs.southindia-01.azurewebsites.net/api/Position/GetPositionData
--------------------------------------------------------------------------------
[Failed Hit #1108] Hit ID: 313 | Status: 500 | Time: 45868ms | Error: Timeout 45000ms exceeded
  Target API URL: https://dev-ux-linux-ezabgbfbfxh3gggs.southindia-01.azurewebsites.net/api/Position/GetPositionData
--------------------------------------------------------------------------------
[Failed Hit #1109] Hit ID: 314 | Status: 500 | Time: 45867ms | Error: Timeout 45000ms exceeded
  Target API URL: https://dev-ux-linux-ezabgbfbfxh3gggs.southindia-01.azurewebsites.net/api/Position/GetPositionData
--------------------------------------------------------------------------------
[Failed Hit #1110] Hit ID: 315 | Status: 500 | Time: 45866ms | Error: Timeout 45000ms exceeded
  Target API URL: https://dev-ux-linux-ezabgbfbfxh3gggs.southindia-01.azurewebsites.net/api/Position/GetPositionData
--------------------------------------------------------------------------------
[Failed Hit #1111] Hit ID: 316 | Status: 500 | Time: 45865ms | Error: Timeout 45000ms exceeded
  Target API URL: https://dev-ux-linux-ezabgbfbfxh3gggs.southindia-01.azurewebsites.net/api/Position/GetPositionData
--------------------------------------------------------------------------------
[Failed Hit #1112] Hit ID: 317 | Status: 500 | Time: 45864ms | Error: Timeout 45000ms exceeded
  Target API URL: https://dev-ux-linux-ezabgbfbfxh3gggs.southindia-01.azurewebsites.net/api/Position/GetPositionData
--------------------------------------------------------------------------------
[Failed Hit #1113] Hit ID: 318 | Status: 500 | Time: 45864ms | Error: Timeout 45000ms exceeded
  Target API URL: https://dev-ux-linux-ezabgbfbfxh3gggs.southindia-01.azurewebsites.net/api/Position/GetPositionData
--------------------------------------------------------------------------------
[Failed Hit #1114] Hit ID: 319 | Status: 500 | Time: 45863ms | Error: Timeout 45000ms exceeded
  Target API URL: https://dev-ux-linux-ezabgbfbfxh3gggs.southindia-01.azurewebsites.net/api/Position/GetPositionData
--------------------------------------------------------------------------------
[Failed Hit #1115] Hit ID: 320 | Status: 500 | Time: 45863ms | Error: Timeout 45000ms exceeded
  Target API URL: https://dev-ux-linux-ezabgbfbfxh3gggs.southindia-01.azurewebsites.net/api/Position/GetPositionData
--------------------------------------------------------------------------------
[Failed Hit #1116] Hit ID: 321 | Status: 500 | Time: 45862ms | Error: Timeout 45000ms exceeded
  Target API URL: https://dev-ux-linux-ezabgbfbfxh3gggs.southindia-01.azurewebsites.net/api/Position/GetPositionData
--------------------------------------------------------------------------------
[Failed Hit #1117] Hit ID: 322 | Status: 500 | Time: 45860ms | Error: Timeout 45000ms exceeded
  Target API URL: https://dev-ux-linux-ezabgbfbfxh3gggs.southindia-01.azurewebsites.net/api/Position/GetPositionData
--------------------------------------------------------------------------------
[Failed Hit #1118] Hit ID: 323 | Status: 500 | Time: 45861ms | Error: Timeout 45000ms exceeded
  Target API URL: https://dev-ux-linux-ezabgbfbfxh3gggs.southindia-01.azurewebsites.net/api/Position/GetPositionData
--------------------------------------------------------------------------------
[Failed Hit #1119] Hit ID: 324 | Status: 500 | Time: 45860ms | Error: Timeout 45000ms exceeded
  Target API URL: https://dev-ux-linux-ezabgbfbfxh3gggs.southindia-01.azurewebsites.net/api/Position/GetPositionData
--------------------------------------------------------------------------------
[Failed Hit #1120] Hit ID: 325 | Status: 500 | Time: 45860ms | Error: Timeout 45000ms exceeded
  Target API URL: https://dev-ux-linux-ezabgbfbfxh3gggs.southindia-01.azurewebsites.net/api/Position/GetPositionData
--------------------------------------------------------------------------------
[Failed Hit #1121] Hit ID: 326 | Status: 500 | Time: 45859ms | Error: Timeout 45000ms exceeded
  Target API URL: https://dev-ux-linux-ezabgbfbfxh3gggs.southindia-01.azurewebsites.net/api/Position/GetPositionData
--------------------------------------------------------------------------------
[Failed Hit #1122] Hit ID: 327 | Status: 500 | Time: 45858ms | Error: Timeout 45000ms exceeded
  Target API URL: https://dev-ux-linux-ezabgbfbfxh3gggs.southindia-01.azurewebsites.net/api/Position/GetPositionData
--------------------------------------------------------------------------------
[Failed Hit #1123] Hit ID: 328 | Status: 500 | Time: 45857ms | Error: Timeout 45000ms exceeded
  Target API URL: https://dev-ux-linux-ezabgbfbfxh3gggs.southindia-01.azurewebsites.net/api/Position/GetPositionData
--------------------------------------------------------------------------------
[Failed Hit #1124] Hit ID: 329 | Status: 500 | Time: 45857ms | Error: Timeout 45000ms exceeded
  Target API URL: https://dev-ux-linux-ezabgbfbfxh3gggs.southindia-01.azurewebsites.net/api/Position/GetPositionData
--------------------------------------------------------------------------------
[Failed Hit #1125] Hit ID: 330 | Status: 500 | Time: 45856ms | Error: Timeout 45000ms exceeded
  Target API URL: https://dev-ux-linux-ezabgbfbfxh3gggs.southindia-01.azurewebsites.net/api/Position/GetPositionData
--------------------------------------------------------------------------------
[Failed Hit #1126] Hit ID: 331 | Status: 500 | Time: 45854ms | Error: Timeout 45000ms exceeded
  Target API URL: https://dev-ux-linux-ezabgbfbfxh3gggs.southindia-01.azurewebsites.net/api/Position/GetPositionData
--------------------------------------------------------------------------------
[Failed Hit #1127] Hit ID: 332 | Status: 500 | Time: 45853ms | Error: Timeout 45000ms exceeded
  Target API URL: https://dev-ux-linux-ezabgbfbfxh3gggs.southindia-01.azurewebsites.net/api/Position/GetPositionData
--------------------------------------------------------------------------------
[Failed Hit #1128] Hit ID: 333 | Status: 500 | Time: 45853ms | Error: Timeout 45000ms exceeded
  Target API URL: https://dev-ux-linux-ezabgbfbfxh3gggs.southindia-01.azurewebsites.net/api/Position/GetPositionData
--------------------------------------------------------------------------------
[Failed Hit #1129] Hit ID: 334 | Status: 500 | Time: 45852ms | Error: Timeout 45000ms exceeded
  Target API URL: https://dev-ux-linux-ezabgbfbfxh3gggs.southindia-01.azurewebsites.net/api/Position/GetPositionData
--------------------------------------------------------------------------------
[Failed Hit #1130] Hit ID: 335 | Status: 500 | Time: 45851ms | Error: Timeout 45000ms exceeded
  Target API URL: https://dev-ux-linux-ezabgbfbfxh3gggs.southindia-01.azurewebsites.net/api/Position/GetPositionData
--------------------------------------------------------------------------------
[Failed Hit #1131] Hit ID: 336 | Status: 500 | Time: 45850ms | Error: Timeout 45000ms exceeded
  Target API URL: https://dev-ux-linux-ezabgbfbfxh3gggs.southindia-01.azurewebsites.net/api/Position/GetPositionData
--------------------------------------------------------------------------------
[Failed Hit #1132] Hit ID: 337 | Status: 500 | Time: 45849ms | Error: Timeout 45000ms exceeded
  Target API URL: https://dev-ux-linux-ezabgbfbfxh3gggs.southindia-01.azurewebsites.net/api/Position/GetPositionData
--------------------------------------------------------------------------------
[Failed Hit #1133] Hit ID: 338 | Status: 500 | Time: 45848ms | Error: Timeout 45000ms exceeded
  Target API URL: https://dev-ux-linux-ezabgbfbfxh3gggs.southindia-01.azurewebsites.net/api/Position/GetPositionData
--------------------------------------------------------------------------------
[Failed Hit #1134] Hit ID: 339 | Status: 500 | Time: 45847ms | Error: Timeout 45000ms exceeded
  Target API URL: https://dev-ux-linux-ezabgbfbfxh3gggs.southindia-01.azurewebsites.net/api/Position/GetPositionData
--------------------------------------------------------------------------------
[Failed Hit #1135] Hit ID: 340 | Status: 500 | Time: 45847ms | Error: Timeout 45000ms exceeded
  Target API URL: https://dev-ux-linux-ezabgbfbfxh3gggs.southindia-01.azurewebsites.net/api/Position/GetPositionData
--------------------------------------------------------------------------------
[Failed Hit #1136] Hit ID: 341 | Status: 500 | Time: 45846ms | Error: Timeout 45000ms exceeded
  Target API URL: https://dev-ux-linux-ezabgbfbfxh3gggs.southindia-01.azurewebsites.net/api/Position/GetPositionData
--------------------------------------------------------------------------------
[Failed Hit #1137] Hit ID: 342 | Status: 500 | Time: 45844ms | Error: Timeout 45000ms exceeded
  Target API URL: https://dev-ux-linux-ezabgbfbfxh3gggs.southindia-01.azurewebsites.net/api/Position/GetPositionData
--------------------------------------------------------------------------------
[Failed Hit #1138] Hit ID: 343 | Status: 500 | Time: 45843ms | Error: Timeout 45000ms exceeded
  Target API URL: https://dev-ux-linux-ezabgbfbfxh3gggs.southindia-01.azurewebsites.net/api/Position/GetPositionData
--------------------------------------------------------------------------------
[Failed Hit #1139] Hit ID: 344 | Status: 500 | Time: 45841ms | Error: Timeout 45000ms exceeded
  Target API URL: https://dev-ux-linux-ezabgbfbfxh3gggs.southindia-01.azurewebsites.net/api/Position/GetPositionData
--------------------------------------------------------------------------------
[Failed Hit #1140] Hit ID: 345 | Status: 500 | Time: 45840ms | Error: Timeout 45000ms exceeded
  Target API URL: https://dev-ux-linux-ezabgbfbfxh3gggs.southindia-01.azurewebsites.net/api/Position/GetPositionData
--------------------------------------------------------------------------------
[Failed Hit #1141] Hit ID: 346 | Status: 500 | Time: 45839ms | Error: Timeout 45000ms exceeded
  Target API URL: https://dev-ux-linux-ezabgbfbfxh3gggs.southindia-01.azurewebsites.net/api/Position/GetPositionData
--------------------------------------------------------------------------------
[Failed Hit #1142] Hit ID: 347 | Status: 500 | Time: 45839ms | Error: Timeout 45000ms exceeded
  Target API URL: https://dev-ux-linux-ezabgbfbfxh3gggs.southindia-01.azurewebsites.net/api/Position/GetPositionData
--------------------------------------------------------------------------------
[Failed Hit #1143] Hit ID: 348 | Status: 500 | Time: 45838ms | Error: Timeout 45000ms exceeded
  Target API URL: https://dev-ux-linux-ezabgbfbfxh3gggs.southindia-01.azurewebsites.net/api/Position/GetPositionData
--------------------------------------------------------------------------------
[Failed Hit #1144] Hit ID: 349 | Status: 500 | Time: 45836ms | Error: Timeout 45000ms exceeded
  Target API URL: https://dev-ux-linux-ezabgbfbfxh3gggs.southindia-01.azurewebsites.net/api/Position/GetPositionData
--------------------------------------------------------------------------------
[Failed Hit #1145] Hit ID: 350 | Status: 500 | Time: 45835ms | Error: Timeout 45000ms exceeded
  Target API URL: https://dev-ux-linux-ezabgbfbfxh3gggs.southindia-01.azurewebsites.net/api/Position/GetPositionData
--------------------------------------------------------------------------------
[Failed Hit #1146] Hit ID: 351 | Status: 500 | Time: 45834ms | Error: Timeout 45000ms exceeded
  Target API URL: https://dev-ux-linux-ezabgbfbfxh3gggs.southindia-01.azurewebsites.net/api/Position/GetPositionData
--------------------------------------------------------------------------------
[Failed Hit #1147] Hit ID: 352 | Status: 500 | Time: 45833ms | Error: Timeout 45000ms exceeded
  Target API URL: https://dev-ux-linux-ezabgbfbfxh3gggs.southindia-01.azurewebsites.net/api/Position/GetPositionData
--------------------------------------------------------------------------------
[Failed Hit #1148] Hit ID: 353 | Status: 500 | Time: 45833ms | Error: Timeout 45000ms exceeded
  Target API URL: https://dev-ux-linux-ezabgbfbfxh3gggs.southindia-01.azurewebsites.net/api/Position/GetPositionData
--------------------------------------------------------------------------------
[Failed Hit #1149] Hit ID: 354 | Status: 500 | Time: 45833ms | Error: Timeout 45000ms exceeded
  Target API URL: https://dev-ux-linux-ezabgbfbfxh3gggs.southindia-01.azurewebsites.net/api/Position/GetPositionData
--------------------------------------------------------------------------------
[Failed Hit #1150] Hit ID: 355 | Status: 500 | Time: 45832ms | Error: Timeout 45000ms exceeded
  Target API URL: https://dev-ux-linux-ezabgbfbfxh3gggs.southindia-01.azurewebsites.net/api/Position/GetPositionData
--------------------------------------------------------------------------------
[Failed Hit #1151] Hit ID: 356 | Status: 500 | Time: 45831ms | Error: Timeout 45000ms exceeded
  Target API URL: https://dev-ux-linux-ezabgbfbfxh3gggs.southindia-01.azurewebsites.net/api/Position/GetPositionData
--------------------------------------------------------------------------------
[Failed Hit #1152] Hit ID: 357 | Status: 500 | Time: 45830ms | Error: Timeout 45000ms exceeded
  Target API URL: https://dev-ux-linux-ezabgbfbfxh3gggs.southindia-01.azurewebsites.net/api/Position/GetPositionData
--------------------------------------------------------------------------------
[Failed Hit #1153] Hit ID: 358 | Status: 500 | Time: 45829ms | Error: Timeout 45000ms exceeded
  Target API URL: https://dev-ux-linux-ezabgbfbfxh3gggs.southindia-01.azurewebsites.net/api/Position/GetPositionData
--------------------------------------------------------------------------------
[Failed Hit #1154] Hit ID: 359 | Status: 500 | Time: 45828ms | Error: Timeout 45000ms exceeded
  Target API URL: https://dev-ux-linux-ezabgbfbfxh3gggs.southindia-01.azurewebsites.net/api/Position/GetPositionData
--------------------------------------------------------------------------------
[Failed Hit #1155] Hit ID: 360 | Status: 500 | Time: 45826ms | Error: Timeout 45000ms exceeded
  Target API URL: https://dev-ux-linux-ezabgbfbfxh3gggs.southindia-01.azurewebsites.net/api/Position/GetPositionData
--------------------------------------------------------------------------------
[Failed Hit #1156] Hit ID: 361 | Status: 500 | Time: 45826ms | Error: Timeout 45000ms exceeded
  Target API URL: https://dev-ux-linux-ezabgbfbfxh3gggs.southindia-01.azurewebsites.net/api/Position/GetPositionData
--------------------------------------------------------------------------------
[Failed Hit #1157] Hit ID: 362 | Status: 500 | Time: 45824ms | Error: Timeout 45000ms exceeded
  Target API URL: https://dev-ux-linux-ezabgbfbfxh3gggs.southindia-01.azurewebsites.net/api/Position/GetPositionData
--------------------------------------------------------------------------------
[Failed Hit #1158] Hit ID: 363 | Status: 500 | Time: 45823ms | Error: Timeout 45000ms exceeded
  Target API URL: https://dev-ux-linux-ezabgbfbfxh3gggs.southindia-01.azurewebsites.net/api/Position/GetPositionData
--------------------------------------------------------------------------------
[Failed Hit #1159] Hit ID: 364 | Status: 500 | Time: 45822ms | Error: Timeout 45000ms exceeded
  Target API URL: https://dev-ux-linux-ezabgbfbfxh3gggs.southindia-01.azurewebsites.net/api/Position/GetPositionData
--------------------------------------------------------------------------------
[Failed Hit #1160] Hit ID: 365 | Status: 500 | Time: 45821ms | Error: Timeout 45000ms exceeded
  Target API URL: https://dev-ux-linux-ezabgbfbfxh3gggs.southindia-01.azurewebsites.net/api/Position/GetPositionData
--------------------------------------------------------------------------------
[Failed Hit #1161] Hit ID: 366 | Status: 500 | Time: 45820ms | Error: Timeout 45000ms exceeded
  Target API URL: https://dev-ux-linux-ezabgbfbfxh3gggs.southindia-01.azurewebsites.net/api/Position/GetPositionData
--------------------------------------------------------------------------------
[Failed Hit #1162] Hit ID: 367 | Status: 500 | Time: 45821ms | Error: Timeout 45000ms exceeded
  Target API URL: https://dev-ux-linux-ezabgbfbfxh3gggs.southindia-01.azurewebsites.net/api/Position/GetPositionData
--------------------------------------------------------------------------------
[Failed Hit #1163] Hit ID: 368 | Status: 500 | Time: 45820ms | Error: Timeout 45000ms exceeded
  Target API URL: https://dev-ux-linux-ezabgbfbfxh3gggs.southindia-01.azurewebsites.net/api/Position/GetPositionData
--------------------------------------------------------------------------------
[Failed Hit #1164] Hit ID: 369 | Status: 500 | Time: 45819ms | Error: Timeout 45000ms exceeded
  Target API URL: https://dev-ux-linux-ezabgbfbfxh3gggs.southindia-01.azurewebsites.net/api/Position/GetPositionData
--------------------------------------------------------------------------------
[Failed Hit #1165] Hit ID: 370 | Status: 500 | Time: 45818ms | Error: Timeout 45000ms exceeded
  Target API URL: https://dev-ux-linux-ezabgbfbfxh3gggs.southindia-01.azurewebsites.net/api/Position/GetPositionData
--------------------------------------------------------------------------------
[Failed Hit #1166] Hit ID: 371 | Status: 500 | Time: 45818ms | Error: Timeout 45000ms exceeded
  Target API URL: https://dev-ux-linux-ezabgbfbfxh3gggs.southindia-01.azurewebsites.net/api/Position/GetPositionData
--------------------------------------------------------------------------------
[Failed Hit #1167] Hit ID: 372 | Status: 500 | Time: 45817ms | Error: Timeout 45000ms exceeded
  Target API URL: https://dev-ux-linux-ezabgbfbfxh3gggs.southindia-01.azurewebsites.net/api/Position/GetPositionData
--------------------------------------------------------------------------------
[Failed Hit #1168] Hit ID: 373 | Status: 500 | Time: 45816ms | Error: Timeout 45000ms exceeded
  Target API URL: https://dev-ux-linux-ezabgbfbfxh3gggs.southindia-01.azurewebsites.net/api/Position/GetPositionData
--------------------------------------------------------------------------------
[Failed Hit #1169] Hit ID: 374 | Status: 500 | Time: 45815ms | Error: Timeout 45000ms exceeded
  Target API URL: https://dev-ux-linux-ezabgbfbfxh3gggs.southindia-01.azurewebsites.net/api/Position/GetPositionData
--------------------------------------------------------------------------------
[Failed Hit #1170] Hit ID: 375 | Status: 500 | Time: 45814ms | Error: Timeout 45000ms exceeded
  Target API URL: https://dev-ux-linux-ezabgbfbfxh3gggs.southindia-01.azurewebsites.net/api/Position/GetPositionData
--------------------------------------------------------------------------------
[Failed Hit #1171] Hit ID: 376 | Status: 500 | Time: 45814ms | Error: Timeout 45000ms exceeded
  Target API URL: https://dev-ux-linux-ezabgbfbfxh3gggs.southindia-01.azurewebsites.net/api/Position/GetPositionData
--------------------------------------------------------------------------------
[Failed Hit #1172] Hit ID: 377 | Status: 500 | Time: 45814ms | Error: Timeout 45000ms exceeded
  Target API URL: https://dev-ux-linux-ezabgbfbfxh3gggs.southindia-01.azurewebsites.net/api/Position/GetPositionData
--------------------------------------------------------------------------------
[Failed Hit #1173] Hit ID: 378 | Status: 500 | Time: 45813ms | Error: Timeout 45000ms exceeded
  Target API URL: https://dev-ux-linux-ezabgbfbfxh3gggs.southindia-01.azurewebsites.net/api/Position/GetPositionData
--------------------------------------------------------------------------------
[Failed Hit #1174] Hit ID: 379 | Status: 500 | Time: 45812ms | Error: Timeout 45000ms exceeded
  Target API URL: https://dev-ux-linux-ezabgbfbfxh3gggs.southindia-01.azurewebsites.net/api/Position/GetPositionData
--------------------------------------------------------------------------------
[Failed Hit #1175] Hit ID: 380 | Status: 500 | Time: 45811ms | Error: Timeout 45000ms exceeded
  Target API URL: https://dev-ux-linux-ezabgbfbfxh3gggs.southindia-01.azurewebsites.net/api/Position/GetPositionData
--------------------------------------------------------------------------------
[Failed Hit #1176] Hit ID: 381 | Status: 500 | Time: 45811ms | Error: Timeout 45000ms exceeded
  Target API URL: https://dev-ux-linux-ezabgbfbfxh3gggs.southindia-01.azurewebsites.net/api/Position/GetPositionData
--------------------------------------------------------------------------------
[Failed Hit #1177] Hit ID: 382 | Status: 500 | Time: 45810ms | Error: Timeout 45000ms exceeded
  Target API URL: https://dev-ux-linux-ezabgbfbfxh3gggs.southindia-01.azurewebsites.net/api/Position/GetPositionData
--------------------------------------------------------------------------------
[Failed Hit #1178] Hit ID: 383 | Status: 500 | Time: 45809ms | Error: Timeout 45000ms exceeded
  Target API URL: https://dev-ux-linux-ezabgbfbfxh3gggs.southindia-01.azurewebsites.net/api/Position/GetPositionData
--------------------------------------------------------------------------------
[Failed Hit #1179] Hit ID: 384 | Status: 500 | Time: 45808ms | Error: Timeout 45000ms exceeded
  Target API URL: https://dev-ux-linux-ezabgbfbfxh3gggs.southindia-01.azurewebsites.net/api/Position/GetPositionData
--------------------------------------------------------------------------------
[Failed Hit #1180] Hit ID: 385 | Status: 500 | Time: 45807ms | Error: Timeout 45000ms exceeded
  Target API URL: https://dev-ux-linux-ezabgbfbfxh3gggs.southindia-01.azurewebsites.net/api/Position/GetPositionData
--------------------------------------------------------------------------------
[Failed Hit #1181] Hit ID: 386 | Status: 500 | Time: 45806ms | Error: Timeout 45000ms exceeded
  Target API URL: https://dev-ux-linux-ezabgbfbfxh3gggs.southindia-01.azurewebsites.net/api/Position/GetPositionData
--------------------------------------------------------------------------------
[Failed Hit #1182] Hit ID: 387 | Status: 500 | Time: 45805ms | Error: Timeout 45000ms exceeded
  Target API URL: https://dev-ux-linux-ezabgbfbfxh3gggs.southindia-01.azurewebsites.net/api/Position/GetPositionData
--------------------------------------------------------------------------------
[Failed Hit #1183] Hit ID: 388 | Status: 500 | Time: 45804ms | Error: Timeout 45000ms exceeded
  Target API URL: https://dev-ux-linux-ezabgbfbfxh3gggs.southindia-01.azurewebsites.net/api/Position/GetPositionData
--------------------------------------------------------------------------------
[Failed Hit #1184] Hit ID: 389 | Status: 500 | Time: 45803ms | Error: Timeout 45000ms exceeded
  Target API URL: https://dev-ux-linux-ezabgbfbfxh3gggs.southindia-01.azurewebsites.net/api/Position/GetPositionData
--------------------------------------------------------------------------------
[Failed Hit #1185] Hit ID: 390 | Status: 500 | Time: 45802ms | Error: Timeout 45000ms exceeded
  Target API URL: https://dev-ux-linux-ezabgbfbfxh3gggs.southindia-01.azurewebsites.net/api/Position/GetPositionData
--------------------------------------------------------------------------------
[Failed Hit #1186] Hit ID: 391 | Status: 500 | Time: 45801ms | Error: Timeout 45000ms exceeded
  Target API URL: https://dev-ux-linux-ezabgbfbfxh3gggs.southindia-01.azurewebsites.net/api/Position/GetPositionData
--------------------------------------------------------------------------------
[Failed Hit #1187] Hit ID: 392 | Status: 500 | Time: 45800ms | Error: Timeout 45000ms exceeded
  Target API URL: https://dev-ux-linux-ezabgbfbfxh3gggs.southindia-01.azurewebsites.net/api/Position/GetPositionData
--------------------------------------------------------------------------------
[Failed Hit #1188] Hit ID: 393 | Status: 500 | Time: 45799ms | Error: Timeout 45000ms exceeded
  Target API URL: https://dev-ux-linux-ezabgbfbfxh3gggs.southindia-01.azurewebsites.net/api/Position/GetPositionData
--------------------------------------------------------------------------------
[Failed Hit #1189] Hit ID: 394 | Status: 500 | Time: 45798ms | Error: Timeout 45000ms exceeded
  Target API URL: https://dev-ux-linux-ezabgbfbfxh3gggs.southindia-01.azurewebsites.net/api/Position/GetPositionData
--------------------------------------------------------------------------------
[Failed Hit #1190] Hit ID: 395 | Status: 500 | Time: 45797ms | Error: Timeout 45000ms exceeded
  Target API URL: https://dev-ux-linux-ezabgbfbfxh3gggs.southindia-01.azurewebsites.net/api/Position/GetPositionData
--------------------------------------------------------------------------------
[Failed Hit #1191] Hit ID: 396 | Status: 500 | Time: 45796ms | Error: Timeout 45000ms exceeded
  Target API URL: https://dev-ux-linux-ezabgbfbfxh3gggs.southindia-01.azurewebsites.net/api/Position/GetPositionData
--------------------------------------------------------------------------------
[Failed Hit #1192] Hit ID: 397 | Status: 500 | Time: 45796ms | Error: Timeout 45000ms exceeded
  Target API URL: https://dev-ux-linux-ezabgbfbfxh3gggs.southindia-01.azurewebsites.net/api/Position/GetPositionData
--------------------------------------------------------------------------------
[Failed Hit #1193] Hit ID: 398 | Status: 500 | Time: 45795ms | Error: Timeout 45000ms exceeded
  Target API URL: https://dev-ux-linux-ezabgbfbfxh3gggs.southindia-01.azurewebsites.net/api/Position/GetPositionData
--------------------------------------------------------------------------------
[Failed Hit #1194] Hit ID: 399 | Status: 500 | Time: 45794ms | Error: Timeout 45000ms exceeded
  Target API URL: https://dev-ux-linux-ezabgbfbfxh3gggs.southindia-01.azurewebsites.net/api/Position/GetPositionData
--------------------------------------------------------------------------------
[Failed Hit #1195] Hit ID: 400 | Status: 500 | Time: 45793ms | Error: Timeout 45000ms exceeded
  Target API URL: https://dev-ux-linux-ezabgbfbfxh3gggs.southindia-01.azurewebsites.net/api/Position/GetPositionData
--------------------------------------------------------------------------------
[Failed Hit #1196] Hit ID: 401 | Status: 500 | Time: 45792ms | Error: Timeout 45000ms exceeded
  Target API URL: https://dev-ux-linux-ezabgbfbfxh3gggs.southindia-01.azurewebsites.net/api/Position/GetPositionData
--------------------------------------------------------------------------------
[Failed Hit #1197] Hit ID: 402 | Status: 500 | Time: 45789ms | Error: Timeout 45000ms exceeded
  Target API URL: https://dev-ux-linux-ezabgbfbfxh3gggs.southindia-01.azurewebsites.net/api/Position/GetPositionData
--------------------------------------------------------------------------------
[Failed Hit #1198] Hit ID: 403 | Status: 500 | Time: 45788ms | Error: Timeout 45000ms exceeded
  Target API URL: https://dev-ux-linux-ezabgbfbfxh3gggs.southindia-01.azurewebsites.net/api/Position/GetPositionData
--------------------------------------------------------------------------------
[Failed Hit #1199] Hit ID: 404 | Status: 500 | Time: 45787ms | Error: Timeout 45000ms exceeded
  Target API URL: https://dev-ux-linux-ezabgbfbfxh3gggs.southindia-01.azurewebsites.net/api/Position/GetPositionData
--------------------------------------------------------------------------------
[Failed Hit #1200] Hit ID: 405 | Status: 500 | Time: 45785ms | Error: Timeout 45000ms exceeded
  Target API URL: https://dev-ux-linux-ezabgbfbfxh3gggs.southindia-01.azurewebsites.net/api/Position/GetPositionData
--------------------------------------------------------------------------------
[Failed Hit #1201] Hit ID: 406 | Status: 500 | Time: 45784ms | Error: Timeout 45000ms exceeded
  Target API URL: https://dev-ux-linux-ezabgbfbfxh3gggs.southindia-01.azurewebsites.net/api/Position/GetPositionData
--------------------------------------------------------------------------------
[Failed Hit #1202] Hit ID: 407 | Status: 500 | Time: 45782ms | Error: Timeout 45000ms exceeded
  Target API URL: https://dev-ux-linux-ezabgbfbfxh3gggs.southindia-01.azurewebsites.net/api/Position/GetPositionData
--------------------------------------------------------------------------------
[Failed Hit #1203] Hit ID: 408 | Status: 500 | Time: 45781ms | Error: Timeout 45000ms exceeded
  Target API URL: https://dev-ux-linux-ezabgbfbfxh3gggs.southindia-01.azurewebsites.net/api/Position/GetPositionData
--------------------------------------------------------------------------------
[Failed Hit #1204] Hit ID: 409 | Status: 500 | Time: 45780ms | Error: Timeout 45000ms exceeded
  Target API URL: https://dev-ux-linux-ezabgbfbfxh3gggs.southindia-01.azurewebsites.net/api/Position/GetPositionData
--------------------------------------------------------------------------------
[Failed Hit #1205] Hit ID: 410 | Status: 500 | Time: 45779ms | Error: Timeout 45000ms exceeded
  Target API URL: https://dev-ux-linux-ezabgbfbfxh3gggs.southindia-01.azurewebsites.net/api/Position/GetPositionData
--------------------------------------------------------------------------------
[Failed Hit #1206] Hit ID: 411 | Status: 500 | Time: 45778ms | Error: Timeout 45000ms exceeded
  Target API URL: https://dev-ux-linux-ezabgbfbfxh3gggs.southindia-01.azurewebsites.net/api/Position/GetPositionData
--------------------------------------------------------------------------------
[Failed Hit #1207] Hit ID: 412 | Status: 500 | Time: 45777ms | Error: Timeout 45000ms exceeded
  Target API URL: https://dev-ux-linux-ezabgbfbfxh3gggs.southindia-01.azurewebsites.net/api/Position/GetPositionData
--------------------------------------------------------------------------------
[Failed Hit #1208] Hit ID: 413 | Status: 500 | Time: 45776ms | Error: Timeout 45000ms exceeded
  Target API URL: https://dev-ux-linux-ezabgbfbfxh3gggs.southindia-01.azurewebsites.net/api/Position/GetPositionData
--------------------------------------------------------------------------------
[Failed Hit #1209] Hit ID: 414 | Status: 500 | Time: 45775ms | Error: Timeout 45000ms exceeded
  Target API URL: https://dev-ux-linux-ezabgbfbfxh3gggs.southindia-01.azurewebsites.net/api/Position/GetPositionData
--------------------------------------------------------------------------------
[Failed Hit #1210] Hit ID: 415 | Status: 500 | Time: 45774ms | Error: Timeout 45000ms exceeded
  Target API URL: https://dev-ux-linux-ezabgbfbfxh3gggs.southindia-01.azurewebsites.net/api/Position/GetPositionData
--------------------------------------------------------------------------------
[Failed Hit #1211] Hit ID: 416 | Status: 500 | Time: 45773ms | Error: Timeout 45000ms exceeded
  Target API URL: https://dev-ux-linux-ezabgbfbfxh3gggs.southindia-01.azurewebsites.net/api/Position/GetPositionData
--------------------------------------------------------------------------------
[Failed Hit #1212] Hit ID: 417 | Status: 500 | Time: 45772ms | Error: Timeout 45000ms exceeded
  Target API URL: https://dev-ux-linux-ezabgbfbfxh3gggs.southindia-01.azurewebsites.net/api/Position/GetPositionData
--------------------------------------------------------------------------------
[Failed Hit #1213] Hit ID: 418 | Status: 500 | Time: 45771ms | Error: Timeout 45000ms exceeded
  Target API URL: https://dev-ux-linux-ezabgbfbfxh3gggs.southindia-01.azurewebsites.net/api/Position/GetPositionData
--------------------------------------------------------------------------------
[Failed Hit #1214] Hit ID: 419 | Status: 500 | Time: 45771ms | Error: Timeout 45000ms exceeded
  Target API URL: https://dev-ux-linux-ezabgbfbfxh3gggs.southindia-01.azurewebsites.net/api/Position/GetPositionData
--------------------------------------------------------------------------------
[Failed Hit #1215] Hit ID: 420 | Status: 500 | Time: 45770ms | Error: Timeout 45000ms exceeded
  Target API URL: https://dev-ux-linux-ezabgbfbfxh3gggs.southindia-01.azurewebsites.net/api/Position/GetPositionData
--------------------------------------------------------------------------------
[Failed Hit #1216] Hit ID: 421 | Status: 500 | Time: 45770ms | Error: Timeout 45000ms exceeded
  Target API URL: https://dev-ux-linux-ezabgbfbfxh3gggs.southindia-01.azurewebsites.net/api/Position/GetPositionData
--------------------------------------------------------------------------------
[Failed Hit #1217] Hit ID: 422 | Status: 500 | Time: 45769ms | Error: Timeout 45000ms exceeded
  Target API URL: https://dev-ux-linux-ezabgbfbfxh3gggs.southindia-01.azurewebsites.net/api/Position/GetPositionData
--------------------------------------------------------------------------------
[Failed Hit #1218] Hit ID: 423 | Status: 500 | Time: 45768ms | Error: Timeout 45000ms exceeded
  Target API URL: https://dev-ux-linux-ezabgbfbfxh3gggs.southindia-01.azurewebsites.net/api/Position/GetPositionData
--------------------------------------------------------------------------------
[Failed Hit #1219] Hit ID: 424 | Status: 500 | Time: 45767ms | Error: Timeout 45000ms exceeded
  Target API URL: https://dev-ux-linux-ezabgbfbfxh3gggs.southindia-01.azurewebsites.net/api/Position/GetPositionData
--------------------------------------------------------------------------------
[Failed Hit #1220] Hit ID: 425 | Status: 500 | Time: 45766ms | Error: Timeout 45000ms exceeded
  Target API URL: https://dev-ux-linux-ezabgbfbfxh3gggs.southindia-01.azurewebsites.net/api/Position/GetPositionData
--------------------------------------------------------------------------------
[Failed Hit #1221] Hit ID: 426 | Status: 500 | Time: 45765ms | Error: Timeout 45000ms exceeded
  Target API URL: https://dev-ux-linux-ezabgbfbfxh3gggs.southindia-01.azurewebsites.net/api/Position/GetPositionData
--------------------------------------------------------------------------------
[Failed Hit #1222] Hit ID: 427 | Status: 500 | Time: 45764ms | Error: Timeout 45000ms exceeded
  Target API URL: https://dev-ux-linux-ezabgbfbfxh3gggs.southindia-01.azurewebsites.net/api/Position/GetPositionData
--------------------------------------------------------------------------------
[Failed Hit #1223] Hit ID: 428 | Status: 500 | Time: 45763ms | Error: Timeout 45000ms exceeded
  Target API URL: https://dev-ux-linux-ezabgbfbfxh3gggs.southindia-01.azurewebsites.net/api/Position/GetPositionData
--------------------------------------------------------------------------------
[Failed Hit #1224] Hit ID: 429 | Status: 500 | Time: 45762ms | Error: Timeout 45000ms exceeded
  Target API URL: https://dev-ux-linux-ezabgbfbfxh3gggs.southindia-01.azurewebsites.net/api/Position/GetPositionData
--------------------------------------------------------------------------------
[Failed Hit #1225] Hit ID: 430 | Status: 500 | Time: 45761ms | Error: Timeout 45000ms exceeded
  Target API URL: https://dev-ux-linux-ezabgbfbfxh3gggs.southindia-01.azurewebsites.net/api/Position/GetPositionData
--------------------------------------------------------------------------------
[Failed Hit #1226] Hit ID: 431 | Status: 500 | Time: 45760ms | Error: Timeout 45000ms exceeded
  Target API URL: https://dev-ux-linux-ezabgbfbfxh3gggs.southindia-01.azurewebsites.net/api/Position/GetPositionData
--------------------------------------------------------------------------------
[Failed Hit #1227] Hit ID: 432 | Status: 500 | Time: 45759ms | Error: Timeout 45000ms exceeded
  Target API URL: https://dev-ux-linux-ezabgbfbfxh3gggs.southindia-01.azurewebsites.net/api/Position/GetPositionData
--------------------------------------------------------------------------------
[Failed Hit #1228] Hit ID: 433 | Status: 500 | Time: 45758ms | Error: Timeout 45000ms exceeded
  Target API URL: https://dev-ux-linux-ezabgbfbfxh3gggs.southindia-01.azurewebsites.net/api/Position/GetPositionData
--------------------------------------------------------------------------------
[Failed Hit #1229] Hit ID: 434 | Status: 500 | Time: 45756ms | Error: Timeout 45000ms exceeded
  Target API URL: https://dev-ux-linux-ezabgbfbfxh3gggs.southindia-01.azurewebsites.net/api/Position/GetPositionData
--------------------------------------------------------------------------------
[Failed Hit #1230] Hit ID: 435 | Status: 500 | Time: 45755ms | Error: Timeout 45000ms exceeded
  Target API URL: https://dev-ux-linux-ezabgbfbfxh3gggs.southindia-01.azurewebsites.net/api/Position/GetPositionData
--------------------------------------------------------------------------------
[Failed Hit #1231] Hit ID: 436 | Status: 500 | Time: 45754ms | Error: Timeout 45000ms exceeded
  Target API URL: https://dev-ux-linux-ezabgbfbfxh3gggs.southindia-01.azurewebsites.net/api/Position/GetPositionData
--------------------------------------------------------------------------------
[Failed Hit #1232] Hit ID: 437 | Status: 500 | Time: 45753ms | Error: Timeout 45000ms exceeded
  Target API URL: https://dev-ux-linux-ezabgbfbfxh3gggs.southindia-01.azurewebsites.net/api/Position/GetPositionData
--------------------------------------------------------------------------------
[Failed Hit #1233] Hit ID: 438 | Status: 500 | Time: 45753ms | Error: Timeout 45000ms exceeded
  Target API URL: https://dev-ux-linux-ezabgbfbfxh3gggs.southindia-01.azurewebsites.net/api/Position/GetPositionData
--------------------------------------------------------------------------------
[Failed Hit #1234] Hit ID: 439 | Status: 500 | Time: 45752ms | Error: Timeout 45000ms exceeded
  Target API URL: https://dev-ux-linux-ezabgbfbfxh3gggs.southindia-01.azurewebsites.net/api/Position/GetPositionData
--------------------------------------------------------------------------------
[Failed Hit #1235] Hit ID: 440 | Status: 500 | Time: 45750ms | Error: Timeout 45000ms exceeded
  Target API URL: https://dev-ux-linux-ezabgbfbfxh3gggs.southindia-01.azurewebsites.net/api/Position/GetPositionData
--------------------------------------------------------------------------------
[Failed Hit #1236] Hit ID: 441 | Status: 500 | Time: 45749ms | Error: Timeout 45000ms exceeded
  Target API URL: https://dev-ux-linux-ezabgbfbfxh3gggs.southindia-01.azurewebsites.net/api/Position/GetPositionData
--------------------------------------------------------------------------------
[Failed Hit #1237] Hit ID: 442 | Status: 500 | Time: 45746ms | Error: Timeout 45000ms exceeded
  Target API URL: https://dev-ux-linux-ezabgbfbfxh3gggs.southindia-01.azurewebsites.net/api/Position/GetPositionData
--------------------------------------------------------------------------------
[Failed Hit #1238] Hit ID: 443 | Status: 500 | Time: 45745ms | Error: Timeout 45000ms exceeded
  Target API URL: https://dev-ux-linux-ezabgbfbfxh3gggs.southindia-01.azurewebsites.net/api/Position/GetPositionData
--------------------------------------------------------------------------------
[Failed Hit #1239] Hit ID: 444 | Status: 500 | Time: 45744ms | Error: Timeout 45000ms exceeded
  Target API URL: https://dev-ux-linux-ezabgbfbfxh3gggs.southindia-01.azurewebsites.net/api/Position/GetPositionData
--------------------------------------------------------------------------------
[Failed Hit #1240] Hit ID: 445 | Status: 500 | Time: 45743ms | Error: Timeout 45000ms exceeded
  Target API URL: https://dev-ux-linux-ezabgbfbfxh3gggs.southindia-01.azurewebsites.net/api/Position/GetPositionData
--------------------------------------------------------------------------------
[Failed Hit #1241] Hit ID: 446 | Status: 500 | Time: 45742ms | Error: Timeout 45000ms exceeded
  Target API URL: https://dev-ux-linux-ezabgbfbfxh3gggs.southindia-01.azurewebsites.net/api/Position/GetPositionData
--------------------------------------------------------------------------------
[Failed Hit #1242] Hit ID: 447 | Status: 500 | Time: 45741ms | Error: Timeout 45000ms exceeded
  Target API URL: https://dev-ux-linux-ezabgbfbfxh3gggs.southindia-01.azurewebsites.net/api/Position/GetPositionData
--------------------------------------------------------------------------------
[Failed Hit #1243] Hit ID: 448 | Status: 500 | Time: 45740ms | Error: Timeout 45000ms exceeded
  Target API URL: https://dev-ux-linux-ezabgbfbfxh3gggs.southindia-01.azurewebsites.net/api/Position/GetPositionData
--------------------------------------------------------------------------------
[Failed Hit #1244] Hit ID: 449 | Status: 500 | Time: 45739ms | Error: Timeout 45000ms exceeded
  Target API URL: https://dev-ux-linux-ezabgbfbfxh3gggs.southindia-01.azurewebsites.net/api/Position/GetPositionData
--------------------------------------------------------------------------------
[Failed Hit #1245] Hit ID: 450 | Status: 500 | Time: 45738ms | Error: Timeout 45000ms exceeded
  Target API URL: https://dev-ux-linux-ezabgbfbfxh3gggs.southindia-01.azurewebsites.net/api/Position/GetPositionData
--------------------------------------------------------------------------------
[Failed Hit #1246] Hit ID: 451 | Status: 500 | Time: 45737ms | Error: Timeout 45000ms exceeded
  Target API URL: https://dev-ux-linux-ezabgbfbfxh3gggs.southindia-01.azurewebsites.net/api/Position/GetPositionData
--------------------------------------------------------------------------------
[Failed Hit #1247] Hit ID: 452 | Status: 500 | Time: 45736ms | Error: Timeout 45000ms exceeded
  Target API URL: https://dev-ux-linux-ezabgbfbfxh3gggs.southindia-01.azurewebsites.net/api/Position/GetPositionData
--------------------------------------------------------------------------------
[Failed Hit #1248] Hit ID: 453 | Status: 500 | Time: 45735ms | Error: Timeout 45000ms exceeded
  Target API URL: https://dev-ux-linux-ezabgbfbfxh3gggs.southindia-01.azurewebsites.net/api/Position/GetPositionData
--------------------------------------------------------------------------------
[Failed Hit #1249] Hit ID: 454 | Status: 500 | Time: 45734ms | Error: Timeout 45000ms exceeded
  Target API URL: https://dev-ux-linux-ezabgbfbfxh3gggs.southindia-01.azurewebsites.net/api/Position/GetPositionData
--------------------------------------------------------------------------------
[Failed Hit #1250] Hit ID: 455 | Status: 500 | Time: 45733ms | Error: Timeout 45000ms exceeded
  Target API URL: https://dev-ux-linux-ezabgbfbfxh3gggs.southindia-01.azurewebsites.net/api/Position/GetPositionData
--------------------------------------------------------------------------------
[Failed Hit #1251] Hit ID: 456 | Status: 500 | Time: 45733ms | Error: Timeout 45000ms exceeded
  Target API URL: https://dev-ux-linux-ezabgbfbfxh3gggs.southindia-01.azurewebsites.net/api/Position/GetPositionData
--------------------------------------------------------------------------------
[Failed Hit #1252] Hit ID: 457 | Status: 500 | Time: 45732ms | Error: Timeout 45000ms exceeded
  Target API URL: https://dev-ux-linux-ezabgbfbfxh3gggs.southindia-01.azurewebsites.net/api/Position/GetPositionData
--------------------------------------------------------------------------------
[Failed Hit #1253] Hit ID: 458 | Status: 500 | Time: 45731ms | Error: Timeout 45000ms exceeded
  Target API URL: https://dev-ux-linux-ezabgbfbfxh3gggs.southindia-01.azurewebsites.net/api/Position/GetPositionData
--------------------------------------------------------------------------------
[Failed Hit #1254] Hit ID: 459 | Status: 500 | Time: 45730ms | Error: Timeout 45000ms exceeded
  Target API URL: https://dev-ux-linux-ezabgbfbfxh3gggs.southindia-01.azurewebsites.net/api/Position/GetPositionData
--------------------------------------------------------------------------------
[Failed Hit #1255] Hit ID: 460 | Status: 500 | Time: 45729ms | Error: Timeout 45000ms exceeded
  Target API URL: https://dev-ux-linux-ezabgbfbfxh3gggs.southindia-01.azurewebsites.net/api/Position/GetPositionData
--------------------------------------------------------------------------------
[Failed Hit #1256] Hit ID: 461 | Status: 500 | Time: 45728ms | Error: Timeout 45000ms exceeded
  Target API URL: https://dev-ux-linux-ezabgbfbfxh3gggs.southindia-01.azurewebsites.net/api/Position/GetPositionData
--------------------------------------------------------------------------------
[Failed Hit #1257] Hit ID: 462 | Status: 500 | Time: 45727ms | Error: Timeout 45000ms exceeded
  Target API URL: https://dev-ux-linux-ezabgbfbfxh3gggs.southindia-01.azurewebsites.net/api/Position/GetPositionData
--------------------------------------------------------------------------------
[Failed Hit #1258] Hit ID: 463 | Status: 500 | Time: 45727ms | Error: Timeout 45000ms exceeded
  Target API URL: https://dev-ux-linux-ezabgbfbfxh3gggs.southindia-01.azurewebsites.net/api/Position/GetPositionData
--------------------------------------------------------------------------------
[Failed Hit #1259] Hit ID: 464 | Status: 500 | Time: 45726ms | Error: Timeout 45000ms exceeded
  Target API URL: https://dev-ux-linux-ezabgbfbfxh3gggs.southindia-01.azurewebsites.net/api/Position/GetPositionData
--------------------------------------------------------------------------------
[Failed Hit #1260] Hit ID: 465 | Status: 500 | Time: 45725ms | Error: Timeout 45000ms exceeded
  Target API URL: https://dev-ux-linux-ezabgbfbfxh3gggs.southindia-01.azurewebsites.net/api/Position/GetPositionData
--------------------------------------------------------------------------------
[Failed Hit #1261] Hit ID: 466 | Status: 500 | Time: 45724ms | Error: Timeout 45000ms exceeded
  Target API URL: https://dev-ux-linux-ezabgbfbfxh3gggs.southindia-01.azurewebsites.net/api/Position/GetPositionData
--------------------------------------------------------------------------------
[Failed Hit #1262] Hit ID: 467 | Status: 500 | Time: 45723ms | Error: Timeout 45000ms exceeded
  Target API URL: https://dev-ux-linux-ezabgbfbfxh3gggs.southindia-01.azurewebsites.net/api/Position/GetPositionData
--------------------------------------------------------------------------------
[Failed Hit #1263] Hit ID: 468 | Status: 500 | Time: 45722ms | Error: Timeout 45000ms exceeded
  Target API URL: https://dev-ux-linux-ezabgbfbfxh3gggs.southindia-01.azurewebsites.net/api/Position/GetPositionData
--------------------------------------------------------------------------------
[Failed Hit #1264] Hit ID: 469 | Status: 500 | Time: 45721ms | Error: Timeout 45000ms exceeded
  Target API URL: https://dev-ux-linux-ezabgbfbfxh3gggs.southindia-01.azurewebsites.net/api/Position/GetPositionData
--------------------------------------------------------------------------------
[Failed Hit #1265] Hit ID: 470 | Status: 500 | Time: 45720ms | Error: Timeout 45000ms exceeded
  Target API URL: https://dev-ux-linux-ezabgbfbfxh3gggs.southindia-01.azurewebsites.net/api/Position/GetPositionData
--------------------------------------------------------------------------------
[Failed Hit #1266] Hit ID: 471 | Status: 500 | Time: 45720ms | Error: Timeout 45000ms exceeded
  Target API URL: https://dev-ux-linux-ezabgbfbfxh3gggs.southindia-01.azurewebsites.net/api/Position/GetPositionData
--------------------------------------------------------------------------------
[Failed Hit #1267] Hit ID: 472 | Status: 500 | Time: 45719ms | Error: Timeout 45000ms exceeded
  Target API URL: https://dev-ux-linux-ezabgbfbfxh3gggs.southindia-01.azurewebsites.net/api/Position/GetPositionData
--------------------------------------------------------------------------------
[Failed Hit #1268] Hit ID: 473 | Status: 500 | Time: 45717ms | Error: Timeout 45000ms exceeded
  Target API URL: https://dev-ux-linux-ezabgbfbfxh3gggs.southindia-01.azurewebsites.net/api/Position/GetPositionData
--------------------------------------------------------------------------------
[Failed Hit #1269] Hit ID: 474 | Status: 500 | Time: 45716ms | Error: Timeout 45000ms exceeded
  Target API URL: https://dev-ux-linux-ezabgbfbfxh3gggs.southindia-01.azurewebsites.net/api/Position/GetPositionData
--------------------------------------------------------------------------------
[Failed Hit #1270] Hit ID: 475 | Status: 500 | Time: 45715ms | Error: Timeout 45000ms exceeded
  Target API URL: https://dev-ux-linux-ezabgbfbfxh3gggs.southindia-01.azurewebsites.net/api/Position/GetPositionData
--------------------------------------------------------------------------------
[Failed Hit #1271] Hit ID: 476 | Status: 500 | Time: 45714ms | Error: Timeout 45000ms exceeded
  Target API URL: https://dev-ux-linux-ezabgbfbfxh3gggs.southindia-01.azurewebsites.net/api/Position/GetPositionData
--------------------------------------------------------------------------------
[Failed Hit #1272] Hit ID: 477 | Status: 500 | Time: 45713ms | Error: Timeout 45000ms exceeded
  Target API URL: https://dev-ux-linux-ezabgbfbfxh3gggs.southindia-01.azurewebsites.net/api/Position/GetPositionData
--------------------------------------------------------------------------------
[Failed Hit #1273] Hit ID: 478 | Status: 500 | Time: 45712ms | Error: Timeout 45000ms exceeded
  Target API URL: https://dev-ux-linux-ezabgbfbfxh3gggs.southindia-01.azurewebsites.net/api/Position/GetPositionData
--------------------------------------------------------------------------------
[Failed Hit #1274] Hit ID: 479 | Status: 500 | Time: 45712ms | Error: Timeout 45000ms exceeded
  Target API URL: https://dev-ux-linux-ezabgbfbfxh3gggs.southindia-01.azurewebsites.net/api/Position/GetPositionData
--------------------------------------------------------------------------------
[Failed Hit #1275] Hit ID: 480 | Status: 500 | Time: 45711ms | Error: Timeout 45000ms exceeded
  Target API URL: https://dev-ux-linux-ezabgbfbfxh3gggs.southindia-01.azurewebsites.net/api/Position/GetPositionData
--------------------------------------------------------------------------------
[Failed Hit #1276] Hit ID: 481 | Status: 500 | Time: 45710ms | Error: Timeout 45000ms exceeded
  Target API URL: https://dev-ux-linux-ezabgbfbfxh3gggs.southindia-01.azurewebsites.net/api/Position/GetPositionData
--------------------------------------------------------------------------------
[Failed Hit #1277] Hit ID: 482 | Status: 500 | Time: 45707ms | Error: Timeout 45000ms exceeded
  Target API URL: https://dev-ux-linux-ezabgbfbfxh3gggs.southindia-01.azurewebsites.net/api/Position/GetPositionData
--------------------------------------------------------------------------------
[Failed Hit #1278] Hit ID: 483 | Status: 500 | Time: 45706ms | Error: Timeout 45000ms exceeded
  Target API URL: https://dev-ux-linux-ezabgbfbfxh3gggs.southindia-01.azurewebsites.net/api/Position/GetPositionData
--------------------------------------------------------------------------------
[Failed Hit #1279] Hit ID: 484 | Status: 500 | Time: 45705ms | Error: Timeout 45000ms exceeded
  Target API URL: https://dev-ux-linux-ezabgbfbfxh3gggs.southindia-01.azurewebsites.net/api/Position/GetPositionData
--------------------------------------------------------------------------------
[Failed Hit #1280] Hit ID: 485 | Status: 500 | Time: 45704ms | Error: Timeout 45000ms exceeded
  Target API URL: https://dev-ux-linux-ezabgbfbfxh3gggs.southindia-01.azurewebsites.net/api/Position/GetPositionData
--------------------------------------------------------------------------------
[Failed Hit #1281] Hit ID: 486 | Status: 500 | Time: 45703ms | Error: Timeout 45000ms exceeded
  Target API URL: https://dev-ux-linux-ezabgbfbfxh3gggs.southindia-01.azurewebsites.net/api/Position/GetPositionData
--------------------------------------------------------------------------------
[Failed Hit #1282] Hit ID: 487 | Status: 500 | Time: 45703ms | Error: Timeout 45000ms exceeded
  Target API URL: https://dev-ux-linux-ezabgbfbfxh3gggs.southindia-01.azurewebsites.net/api/Position/GetPositionData
--------------------------------------------------------------------------------
[Failed Hit #1283] Hit ID: 488 | Status: 500 | Time: 45702ms | Error: Timeout 45000ms exceeded
  Target API URL: https://dev-ux-linux-ezabgbfbfxh3gggs.southindia-01.azurewebsites.net/api/Position/GetPositionData
--------------------------------------------------------------------------------
[Failed Hit #1284] Hit ID: 489 | Status: 500 | Time: 45701ms | Error: Timeout 45000ms exceeded
  Target API URL: https://dev-ux-linux-ezabgbfbfxh3gggs.southindia-01.azurewebsites.net/api/Position/GetPositionData
--------------------------------------------------------------------------------
[Failed Hit #1285] Hit ID: 490 | Status: 500 | Time: 45700ms | Error: Timeout 45000ms exceeded
  Target API URL: https://dev-ux-linux-ezabgbfbfxh3gggs.southindia-01.azurewebsites.net/api/Position/GetPositionData
--------------------------------------------------------------------------------
[Failed Hit #1286] Hit ID: 491 | Status: 500 | Time: 45699ms | Error: Timeout 45000ms exceeded
  Target API URL: https://dev-ux-linux-ezabgbfbfxh3gggs.southindia-01.azurewebsites.net/api/Position/GetPositionData
--------------------------------------------------------------------------------
[Failed Hit #1287] Hit ID: 492 | Status: 500 | Time: 45698ms | Error: Timeout 45000ms exceeded
  Target API URL: https://dev-ux-linux-ezabgbfbfxh3gggs.southindia-01.azurewebsites.net/api/Position/GetPositionData
--------------------------------------------------------------------------------
[Failed Hit #1288] Hit ID: 493 | Status: 500 | Time: 45698ms | Error: Timeout 45000ms exceeded
  Target API URL: https://dev-ux-linux-ezabgbfbfxh3gggs.southindia-01.azurewebsites.net/api/Position/GetPositionData
--------------------------------------------------------------------------------
[Failed Hit #1289] Hit ID: 494 | Status: 500 | Time: 45698ms | Error: Timeout 45000ms exceeded
  Target API URL: https://dev-ux-linux-ezabgbfbfxh3gggs.southindia-01.azurewebsites.net/api/Position/GetPositionData
--------------------------------------------------------------------------------
[Failed Hit #1290] Hit ID: 495 | Status: 500 | Time: 45697ms | Error: Timeout 45000ms exceeded
  Target API URL: https://dev-ux-linux-ezabgbfbfxh3gggs.southindia-01.azurewebsites.net/api/Position/GetPositionData
--------------------------------------------------------------------------------
[Failed Hit #1291] Hit ID: 496 | Status: 500 | Time: 45696ms | Error: Timeout 45000ms exceeded
  Target API URL: https://dev-ux-linux-ezabgbfbfxh3gggs.southindia-01.azurewebsites.net/api/Position/GetPositionData
--------------------------------------------------------------------------------
[Failed Hit #1292] Hit ID: 497 | Status: 500 | Time: 45696ms | Error: Timeout 45000ms exceeded
  Target API URL: https://dev-ux-linux-ezabgbfbfxh3gggs.southindia-01.azurewebsites.net/api/Position/GetPositionData
--------------------------------------------------------------------------------
[Failed Hit #1293] Hit ID: 498 | Status: 500 | Time: 45695ms | Error: Timeout 45000ms exceeded
  Target API URL: https://dev-ux-linux-ezabgbfbfxh3gggs.southindia-01.azurewebsites.net/api/Position/GetPositionData
--------------------------------------------------------------------------------
[Failed Hit #1294] Hit ID: 499 | Status: 500 | Time: 45694ms | Error: Timeout 45000ms exceeded
  Target API URL: https://dev-ux-linux-ezabgbfbfxh3gggs.southindia-01.azurewebsites.net/api/Position/GetPositionData
--------------------------------------------------------------------------------
[Failed Hit #1295] Hit ID: 500 | Status: 500 | Time: 45693ms | Error: Timeout 45000ms exceeded
  Target API URL: https://dev-ux-linux-ezabgbfbfxh3gggs.southindia-01.azurewebsites.net/api/Position/GetPositionData
--------------------------------------------------------------------------------
[Failed Hit #1296] Hit ID: 501 | Status: 500 | Time: 45692ms | Error: Timeout 45000ms exceeded
  Target API URL: https://dev-ux-linux-ezabgbfbfxh3gggs.southindia-01.azurewebsites.net/api/Position/GetPositionData
--------------------------------------------------------------------------------
[Failed Hit #1297] Hit ID: 502 | Status: 500 | Time: 45691ms | Error: Timeout 45000ms exceeded
  Target API URL: https://dev-ux-linux-ezabgbfbfxh3gggs.southindia-01.azurewebsites.net/api/Position/GetPositionData
--------------------------------------------------------------------------------
[Failed Hit #1298] Hit ID: 503 | Status: 500 | Time: 45691ms | Error: Timeout 45000ms exceeded
  Target API URL: https://dev-ux-linux-ezabgbfbfxh3gggs.southindia-01.azurewebsites.net/api/Position/GetPositionData
--------------------------------------------------------------------------------
[Failed Hit #1299] Hit ID: 504 | Status: 500 | Time: 45689ms | Error: Timeout 45000ms exceeded
  Target API URL: https://dev-ux-linux-ezabgbfbfxh3gggs.southindia-01.azurewebsites.net/api/Position/GetPositionData
--------------------------------------------------------------------------------
[Failed Hit #1300] Hit ID: 505 | Status: 500 | Time: 45689ms | Error: Timeout 45000ms exceeded
  Target API URL: https://dev-ux-linux-ezabgbfbfxh3gggs.southindia-01.azurewebsites.net/api/Position/GetPositionData
--------------------------------------------------------------------------------
[Failed Hit #1301] Hit ID: 506 | Status: 500 | Time: 45688ms | Error: Timeout 45000ms exceeded
  Target API URL: https://dev-ux-linux-ezabgbfbfxh3gggs.southindia-01.azurewebsites.net/api/Position/GetPositionData
--------------------------------------------------------------------------------
[Failed Hit #1302] Hit ID: 507 | Status: 500 | Time: 45687ms | Error: Timeout 45000ms exceeded
  Target API URL: https://dev-ux-linux-ezabgbfbfxh3gggs.southindia-01.azurewebsites.net/api/Position/GetPositionData
--------------------------------------------------------------------------------
[Failed Hit #1303] Hit ID: 508 | Status: 500 | Time: 45687ms | Error: Timeout 45000ms exceeded
  Target API URL: https://dev-ux-linux-ezabgbfbfxh3gggs.southindia-01.azurewebsites.net/api/Position/GetPositionData
--------------------------------------------------------------------------------
[Failed Hit #1304] Hit ID: 509 | Status: 500 | Time: 45686ms | Error: Timeout 45000ms exceeded
  Target API URL: https://dev-ux-linux-ezabgbfbfxh3gggs.southindia-01.azurewebsites.net/api/Position/GetPositionData
--------------------------------------------------------------------------------
[Failed Hit #1305] Hit ID: 510 | Status: 500 | Time: 45685ms | Error: Timeout 45000ms exceeded
  Target API URL: https://dev-ux-linux-ezabgbfbfxh3gggs.southindia-01.azurewebsites.net/api/Position/GetPositionData
--------------------------------------------------------------------------------
[Failed Hit #1306] Hit ID: 511 | Status: 500 | Time: 45684ms | Error: Timeout 45000ms exceeded
  Target API URL: https://dev-ux-linux-ezabgbfbfxh3gggs.southindia-01.azurewebsites.net/api/Position/GetPositionData
--------------------------------------------------------------------------------
[Failed Hit #1307] Hit ID: 512 | Status: 500 | Time: 45683ms | Error: Timeout 45000ms exceeded
  Target API URL: https://dev-ux-linux-ezabgbfbfxh3gggs.southindia-01.azurewebsites.net/api/Position/GetPositionData
--------------------------------------------------------------------------------
[Failed Hit #1308] Hit ID: 513 | Status: 500 | Time: 45682ms | Error: Timeout 45000ms exceeded
  Target API URL: https://dev-ux-linux-ezabgbfbfxh3gggs.southindia-01.azurewebsites.net/api/Position/GetPositionData
--------------------------------------------------------------------------------
[Failed Hit #1309] Hit ID: 514 | Status: 500 | Time: 45682ms | Error: Timeout 45000ms exceeded
  Target API URL: https://dev-ux-linux-ezabgbfbfxh3gggs.southindia-01.azurewebsites.net/api/Position/GetPositionData
--------------------------------------------------------------------------------
[Failed Hit #1310] Hit ID: 515 | Status: 500 | Time: 45682ms | Error: Timeout 45000ms exceeded
  Target API URL: https://dev-ux-linux-ezabgbfbfxh3gggs.southindia-01.azurewebsites.net/api/Position/GetPositionData
--------------------------------------------------------------------------------
[Failed Hit #1311] Hit ID: 516 | Status: 500 | Time: 45681ms | Error: Timeout 45000ms exceeded
  Target API URL: https://dev-ux-linux-ezabgbfbfxh3gggs.southindia-01.azurewebsites.net/api/Position/GetPositionData
--------------------------------------------------------------------------------
[Failed Hit #1312] Hit ID: 517 | Status: 500 | Time: 45680ms | Error: Timeout 45000ms exceeded
  Target API URL: https://dev-ux-linux-ezabgbfbfxh3gggs.southindia-01.azurewebsites.net/api/Position/GetPositionData
--------------------------------------------------------------------------------
[Failed Hit #1313] Hit ID: 518 | Status: 500 | Time: 45679ms | Error: Timeout 45000ms exceeded
  Target API URL: https://dev-ux-linux-ezabgbfbfxh3gggs.southindia-01.azurewebsites.net/api/Position/GetPositionData
--------------------------------------------------------------------------------
[Failed Hit #1314] Hit ID: 519 | Status: 500 | Time: 45679ms | Error: Timeout 45000ms exceeded
  Target API URL: https://dev-ux-linux-ezabgbfbfxh3gggs.southindia-01.azurewebsites.net/api/Position/GetPositionData
--------------------------------------------------------------------------------
[Failed Hit #1315] Hit ID: 520 | Status: 500 | Time: 45678ms | Error: Timeout 45000ms exceeded
  Target API URL: https://dev-ux-linux-ezabgbfbfxh3gggs.southindia-01.azurewebsites.net/api/Position/GetPositionData
--------------------------------------------------------------------------------
[Failed Hit #1316] Hit ID: 521 | Status: 500 | Time: 45677ms | Error: Timeout 45000ms exceeded
  Target API URL: https://dev-ux-linux-ezabgbfbfxh3gggs.southindia-01.azurewebsites.net/api/Position/GetPositionData
--------------------------------------------------------------------------------
[Failed Hit #1317] Hit ID: 522 | Status: 500 | Time: 45675ms | Error: Timeout 45000ms exceeded
  Target API URL: https://dev-ux-linux-ezabgbfbfxh3gggs.southindia-01.azurewebsites.net/api/Position/GetPositionData
--------------------------------------------------------------------------------
[Failed Hit #1318] Hit ID: 523 | Status: 500 | Time: 45674ms | Error: Timeout 45000ms exceeded
  Target API URL: https://dev-ux-linux-ezabgbfbfxh3gggs.southindia-01.azurewebsites.net/api/Position/GetPositionData
--------------------------------------------------------------------------------
[Failed Hit #1319] Hit ID: 524 | Status: 500 | Time: 45674ms | Error: Timeout 45000ms exceeded
  Target API URL: https://dev-ux-linux-ezabgbfbfxh3gggs.southindia-01.azurewebsites.net/api/Position/GetPositionData
--------------------------------------------------------------------------------
[Failed Hit #1320] Hit ID: 525 | Status: 500 | Time: 45673ms | Error: Timeout 45000ms exceeded
  Target API URL: https://dev-ux-linux-ezabgbfbfxh3gggs.southindia-01.azurewebsites.net/api/Position/GetPositionData
--------------------------------------------------------------------------------
[Failed Hit #1321] Hit ID: 526 | Status: 500 | Time: 45672ms | Error: Timeout 45000ms exceeded
  Target API URL: https://dev-ux-linux-ezabgbfbfxh3gggs.southindia-01.azurewebsites.net/api/Position/GetPositionData
--------------------------------------------------------------------------------
[Failed Hit #1322] Hit ID: 527 | Status: 500 | Time: 45671ms | Error: Timeout 45000ms exceeded
  Target API URL: https://dev-ux-linux-ezabgbfbfxh3gggs.southindia-01.azurewebsites.net/api/Position/GetPositionData
--------------------------------------------------------------------------------
[Failed Hit #1323] Hit ID: 528 | Status: 500 | Time: 45671ms | Error: Timeout 45000ms exceeded
  Target API URL: https://dev-ux-linux-ezabgbfbfxh3gggs.southindia-01.azurewebsites.net/api/Position/GetPositionData
--------------------------------------------------------------------------------
[Failed Hit #1324] Hit ID: 529 | Status: 500 | Time: 45670ms | Error: Timeout 45000ms exceeded
  Target API URL: https://dev-ux-linux-ezabgbfbfxh3gggs.southindia-01.azurewebsites.net/api/Position/GetPositionData
--------------------------------------------------------------------------------
[Failed Hit #1325] Hit ID: 530 | Status: 500 | Time: 45670ms | Error: Timeout 45000ms exceeded
  Target API URL: https://dev-ux-linux-ezabgbfbfxh3gggs.southindia-01.azurewebsites.net/api/Position/GetPositionData
--------------------------------------------------------------------------------
[Failed Hit #1326] Hit ID: 531 | Status: 500 | Time: 45669ms | Error: Timeout 45000ms exceeded
  Target API URL: https://dev-ux-linux-ezabgbfbfxh3gggs.southindia-01.azurewebsites.net/api/Position/GetPositionData
--------------------------------------------------------------------------------
[Failed Hit #1327] Hit ID: 532 | Status: 500 | Time: 45668ms | Error: Timeout 45000ms exceeded
  Target API URL: https://dev-ux-linux-ezabgbfbfxh3gggs.southindia-01.azurewebsites.net/api/Position/GetPositionData
--------------------------------------------------------------------------------
[Failed Hit #1328] Hit ID: 533 | Status: 500 | Time: 45667ms | Error: Timeout 45000ms exceeded
  Target API URL: https://dev-ux-linux-ezabgbfbfxh3gggs.southindia-01.azurewebsites.net/api/Position/GetPositionData
--------------------------------------------------------------------------------
[Failed Hit #1329] Hit ID: 535 | Status: 500 | Time: 45665ms | Error: Timeout 45000ms exceeded
  Target API URL: https://dev-ux-linux-ezabgbfbfxh3gggs.southindia-01.azurewebsites.net/api/Position/GetPositionData
--------------------------------------------------------------------------------
[Failed Hit #1330] Hit ID: 536 | Status: 500 | Time: 45664ms | Error: Timeout 45000ms exceeded
  Target API URL: https://dev-ux-linux-ezabgbfbfxh3gggs.southindia-01.azurewebsites.net/api/Position/GetPositionData
--------------------------------------------------------------------------------
[Failed Hit #1331] Hit ID: 555 | Status: 500 | Time: 45648ms | Error: Timeout 45000ms exceeded
  Target API URL: https://dev-ux-linux-ezabgbfbfxh3gggs.southindia-01.azurewebsites.net/api/Position/GetPositionData
--------------------------------------------------------------------------------
[Failed Hit #1332] Hit ID: 556 | Status: 500 | Time: 45647ms | Error: Timeout 45000ms exceeded
  Target API URL: https://dev-ux-linux-ezabgbfbfxh3gggs.southindia-01.azurewebsites.net/api/Position/GetPositionData
--------------------------------------------------------------------------------
[Failed Hit #1333] Hit ID: 557 | Status: 500 | Time: 45646ms | Error: Timeout 45000ms exceeded
  Target API URL: https://dev-ux-linux-ezabgbfbfxh3gggs.southindia-01.azurewebsites.net/api/Position/GetPositionData
--------------------------------------------------------------------------------
[Failed Hit #1334] Hit ID: 558 | Status: 500 | Time: 45645ms | Error: Timeout 45000ms exceeded
  Target API URL: https://dev-ux-linux-ezabgbfbfxh3gggs.southindia-01.azurewebsites.net/api/Position/GetPositionData
--------------------------------------------------------------------------------
[Failed Hit #1335] Hit ID: 559 | Status: 500 | Time: 45644ms | Error: Timeout 45000ms exceeded
  Target API URL: https://dev-ux-linux-ezabgbfbfxh3gggs.southindia-01.azurewebsites.net/api/Position/GetPositionData
--------------------------------------------------------------------------------
[Failed Hit #1336] Hit ID: 560 | Status: 500 | Time: 45645ms | Error: Timeout 45000ms exceeded
  Target API URL: https://dev-ux-linux-ezabgbfbfxh3gggs.southindia-01.azurewebsites.net/api/Position/GetPositionData
--------------------------------------------------------------------------------
[Failed Hit #1337] Hit ID: 561 | Status: 500 | Time: 45644ms | Error: Timeout 45000ms exceeded
  Target API URL: https://dev-ux-linux-ezabgbfbfxh3gggs.southindia-01.azurewebsites.net/api/Position/GetPositionData
--------------------------------------------------------------------------------
[Failed Hit #1338] Hit ID: 562 | Status: 500 | Time: 45642ms | Error: Timeout 45000ms exceeded
  Target API URL: https://dev-ux-linux-ezabgbfbfxh3gggs.southindia-01.azurewebsites.net/api/Position/GetPositionData
--------------------------------------------------------------------------------
[Failed Hit #1339] Hit ID: 563 | Status: 500 | Time: 45640ms | Error: Timeout 45000ms exceeded
  Target API URL: https://dev-ux-linux-ezabgbfbfxh3gggs.southindia-01.azurewebsites.net/api/Position/GetPositionData
--------------------------------------------------------------------------------
[Failed Hit #1340] Hit ID: 564 | Status: 500 | Time: 45643ms | Error: Timeout 45000ms exceeded
  Target API URL: https://dev-ux-linux-ezabgbfbfxh3gggs.southindia-01.azurewebsites.net/api/Position/GetPositionData
--------------------------------------------------------------------------------
[Failed Hit #1341] Hit ID: 565 | Status: 500 | Time: 45642ms | Error: Timeout 45000ms exceeded
  Target API URL: https://dev-ux-linux-ezabgbfbfxh3gggs.southindia-01.azurewebsites.net/api/Position/GetPositionData
--------------------------------------------------------------------------------
[Failed Hit #1342] Hit ID: 566 | Status: 500 | Time: 45641ms | Error: Timeout 45000ms exceeded
  Target API URL: https://dev-ux-linux-ezabgbfbfxh3gggs.southindia-01.azurewebsites.net/api/Position/GetPositionData
--------------------------------------------------------------------------------
[Failed Hit #1343] Hit ID: 567 | Status: 500 | Time: 45640ms | Error: Timeout 45000ms exceeded
  Target API URL: https://dev-ux-linux-ezabgbfbfxh3gggs.southindia-01.azurewebsites.net/api/Position/GetPositionData
--------------------------------------------------------------------------------
[Failed Hit #1344] Hit ID: 568 | Status: 500 | Time: 45639ms | Error: Timeout 45000ms exceeded
  Target API URL: https://dev-ux-linux-ezabgbfbfxh3gggs.southindia-01.azurewebsites.net/api/Position/GetPositionData
--------------------------------------------------------------------------------
[Failed Hit #1345] Hit ID: 569 | Status: 500 | Time: 45638ms | Error: Timeout 45000ms exceeded
  Target API URL: https://dev-ux-linux-ezabgbfbfxh3gggs.southindia-01.azurewebsites.net/api/Position/GetPositionData
--------------------------------------------------------------------------------
[Failed Hit #1346] Hit ID: 570 | Status: 500 | Time: 45638ms | Error: Timeout 45000ms exceeded
  Target API URL: https://dev-ux-linux-ezabgbfbfxh3gggs.southindia-01.azurewebsites.net/api/Position/GetPositionData
--------------------------------------------------------------------------------
[Failed Hit #1347] Hit ID: 571 | Status: 500 | Time: 45637ms | Error: Timeout 45000ms exceeded
  Target API URL: https://dev-ux-linux-ezabgbfbfxh3gggs.southindia-01.azurewebsites.net/api/Position/GetPositionData
--------------------------------------------------------------------------------
[Failed Hit #1348] Hit ID: 572 | Status: 500 | Time: 45636ms | Error: Timeout 45000ms exceeded
  Target API URL: https://dev-ux-linux-ezabgbfbfxh3gggs.southindia-01.azurewebsites.net/api/Position/GetPositionData
--------------------------------------------------------------------------------
[Failed Hit #1349] Hit ID: 573 | Status: 500 | Time: 45635ms | Error: Timeout 45000ms exceeded
  Target API URL: https://dev-ux-linux-ezabgbfbfxh3gggs.southindia-01.azurewebsites.net/api/Position/GetPositionData
--------------------------------------------------------------------------------
[Failed Hit #1350] Hit ID: 574 | Status: 500 | Time: 45634ms | Error: Timeout 45000ms exceeded
  Target API URL: https://dev-ux-linux-ezabgbfbfxh3gggs.southindia-01.azurewebsites.net/api/Position/GetPositionData
--------------------------------------------------------------------------------
[Failed Hit #1351] Hit ID: 575 | Status: 500 | Time: 45633ms | Error: Timeout 45000ms exceeded
  Target API URL: https://dev-ux-linux-ezabgbfbfxh3gggs.southindia-01.azurewebsites.net/api/Position/GetPositionData
--------------------------------------------------------------------------------
[Failed Hit #1352] Hit ID: 576 | Status: 500 | Time: 45632ms | Error: Timeout 45000ms exceeded
  Target API URL: https://dev-ux-linux-ezabgbfbfxh3gggs.southindia-01.azurewebsites.net/api/Position/GetPositionData
--------------------------------------------------------------------------------
[Failed Hit #1353] Hit ID: 577 | Status: 500 | Time: 45632ms | Error: Timeout 45000ms exceeded
  Target API URL: https://dev-ux-linux-ezabgbfbfxh3gggs.southindia-01.azurewebsites.net/api/Position/GetPositionData
--------------------------------------------------------------------------------
[Failed Hit #1354] Hit ID: 578 | Status: 500 | Time: 45631ms | Error: Timeout 45000ms exceeded
  Target API URL: https://dev-ux-linux-ezabgbfbfxh3gggs.southindia-01.azurewebsites.net/api/Position/GetPositionData
--------------------------------------------------------------------------------
[Failed Hit #1355] Hit ID: 579 | Status: 500 | Time: 45631ms | Error: Timeout 45000ms exceeded
  Target API URL: https://dev-ux-linux-ezabgbfbfxh3gggs.southindia-01.azurewebsites.net/api/Position/GetPositionData
--------------------------------------------------------------------------------
[Failed Hit #1356] Hit ID: 580 | Status: 500 | Time: 45630ms | Error: Timeout 45000ms exceeded
  Target API URL: https://dev-ux-linux-ezabgbfbfxh3gggs.southindia-01.azurewebsites.net/api/Position/GetPositionData
--------------------------------------------------------------------------------
[Failed Hit #1357] Hit ID: 581 | Status: 500 | Time: 45629ms | Error: Timeout 45000ms exceeded
  Target API URL: https://dev-ux-linux-ezabgbfbfxh3gggs.southindia-01.azurewebsites.net/api/Position/GetPositionData
--------------------------------------------------------------------------------
[Failed Hit #1358] Hit ID: 582 | Status: 500 | Time: 45628ms | Error: Timeout 45000ms exceeded
  Target API URL: https://dev-ux-linux-ezabgbfbfxh3gggs.southindia-01.azurewebsites.net/api/Position/GetPositionData
--------------------------------------------------------------------------------
[Failed Hit #1359] Hit ID: 583 | Status: 500 | Time: 45627ms | Error: Timeout 45000ms exceeded
  Target API URL: https://dev-ux-linux-ezabgbfbfxh3gggs.southindia-01.azurewebsites.net/api/Position/GetPositionData
--------------------------------------------------------------------------------
[Failed Hit #1360] Hit ID: 584 | Status: 500 | Time: 45626ms | Error: Timeout 45000ms exceeded
  Target API URL: https://dev-ux-linux-ezabgbfbfxh3gggs.southindia-01.azurewebsites.net/api/Position/GetPositionData
--------------------------------------------------------------------------------
[Failed Hit #1361] Hit ID: 585 | Status: 500 | Time: 45626ms | Error: Timeout 45000ms exceeded
  Target API URL: https://dev-ux-linux-ezabgbfbfxh3gggs.southindia-01.azurewebsites.net/api/Position/GetPositionData
--------------------------------------------------------------------------------
[Failed Hit #1362] Hit ID: 586 | Status: 500 | Time: 45625ms | Error: Timeout 45000ms exceeded
  Target API URL: https://dev-ux-linux-ezabgbfbfxh3gggs.southindia-01.azurewebsites.net/api/Position/GetPositionData
--------------------------------------------------------------------------------
[Failed Hit #1363] Hit ID: 587 | Status: 500 | Time: 45624ms | Error: Timeout 45000ms exceeded
  Target API URL: https://dev-ux-linux-ezabgbfbfxh3gggs.southindia-01.azurewebsites.net/api/Position/GetPositionData
--------------------------------------------------------------------------------
[Failed Hit #1364] Hit ID: 589 | Status: 500 | Time: 45623ms | Error: Timeout 45000ms exceeded
  Target API URL: https://dev-ux-linux-ezabgbfbfxh3gggs.southindia-01.azurewebsites.net/api/Position/GetPositionData
--------------------------------------------------------------------------------
[Failed Hit #1365] Hit ID: 590 | Status: 500 | Time: 45622ms | Error: Timeout 45000ms exceeded
  Target API URL: https://dev-ux-linux-ezabgbfbfxh3gggs.southindia-01.azurewebsites.net/api/Position/GetPositionData
--------------------------------------------------------------------------------
[Failed Hit #1366] Hit ID: 591 | Status: 500 | Time: 45621ms | Error: Timeout 45000ms exceeded
  Target API URL: https://dev-ux-linux-ezabgbfbfxh3gggs.southindia-01.azurewebsites.net/api/Position/GetPositionData
--------------------------------------------------------------------------------
[Failed Hit #1367] Hit ID: 592 | Status: 500 | Time: 45620ms | Error: Timeout 45000ms exceeded
  Target API URL: https://dev-ux-linux-ezabgbfbfxh3gggs.southindia-01.azurewebsites.net/api/Position/GetPositionData
--------------------------------------------------------------------------------
[Failed Hit #1368] Hit ID: 593 | Status: 500 | Time: 45620ms | Error: Timeout 45000ms exceeded
  Target API URL: https://dev-ux-linux-ezabgbfbfxh3gggs.southindia-01.azurewebsites.net/api/Position/GetPositionData
--------------------------------------------------------------------------------
[Failed Hit #1369] Hit ID: 594 | Status: 500 | Time: 45619ms | Error: Timeout 45000ms exceeded
  Target API URL: https://dev-ux-linux-ezabgbfbfxh3gggs.southindia-01.azurewebsites.net/api/Position/GetPositionData
--------------------------------------------------------------------------------
[Failed Hit #1370] Hit ID: 595 | Status: 500 | Time: 45618ms | Error: Timeout 45000ms exceeded
  Target API URL: https://dev-ux-linux-ezabgbfbfxh3gggs.southindia-01.azurewebsites.net/api/Position/GetPositionData
--------------------------------------------------------------------------------
[Failed Hit #1371] Hit ID: 596 | Status: 500 | Time: 45618ms | Error: Timeout 45000ms exceeded
  Target API URL: https://dev-ux-linux-ezabgbfbfxh3gggs.southindia-01.azurewebsites.net/api/Position/GetPositionData
--------------------------------------------------------------------------------
[Failed Hit #1372] Hit ID: 597 | Status: 500 | Time: 45617ms | Error: Timeout 45000ms exceeded
  Target API URL: https://dev-ux-linux-ezabgbfbfxh3gggs.southindia-01.azurewebsites.net/api/Position/GetPositionData
--------------------------------------------------------------------------------
[Failed Hit #1373] Hit ID: 598 | Status: 500 | Time: 45616ms | Error: Timeout 45000ms exceeded
  Target API URL: https://dev-ux-linux-ezabgbfbfxh3gggs.southindia-01.azurewebsites.net/api/Position/GetPositionData
--------------------------------------------------------------------------------
[Failed Hit #1374] Hit ID: 599 | Status: 500 | Time: 45615ms | Error: Timeout 45000ms exceeded
  Target API URL: https://dev-ux-linux-ezabgbfbfxh3gggs.southindia-01.azurewebsites.net/api/Position/GetPositionData
--------------------------------------------------------------------------------
[Failed Hit #1375] Hit ID: 600 | Status: 500 | Time: 45614ms | Error: Timeout 45000ms exceeded
  Target API URL: https://dev-ux-linux-ezabgbfbfxh3gggs.southindia-01.azurewebsites.net/api/Position/GetPositionData
--------------------------------------------------------------------------------
[Failed Hit #1376] Hit ID: 601 | Status: 500 | Time: 45614ms | Error: Timeout 45000ms exceeded
  Target API URL: https://dev-ux-linux-ezabgbfbfxh3gggs.southindia-01.azurewebsites.net/api/Position/GetPositionData
--------------------------------------------------------------------------------
[Failed Hit #1377] Hit ID: 602 | Status: 500 | Time: 45612ms | Error: Timeout 45000ms exceeded
  Target API URL: https://dev-ux-linux-ezabgbfbfxh3gggs.southindia-01.azurewebsites.net/api/Position/GetPositionData
--------------------------------------------------------------------------------
[Failed Hit #1378] Hit ID: 603 | Status: 500 | Time: 45611ms | Error: Timeout 45000ms exceeded
  Target API URL: https://dev-ux-linux-ezabgbfbfxh3gggs.southindia-01.azurewebsites.net/api/Position/GetPositionData
--------------------------------------------------------------------------------
[Failed Hit #1379] Hit ID: 604 | Status: 500 | Time: 45610ms | Error: Timeout 45000ms exceeded
  Target API URL: https://dev-ux-linux-ezabgbfbfxh3gggs.southindia-01.azurewebsites.net/api/Position/GetPositionData
--------------------------------------------------------------------------------
[Failed Hit #1380] Hit ID: 605 | Status: 500 | Time: 45609ms | Error: Timeout 45000ms exceeded
  Target API URL: https://dev-ux-linux-ezabgbfbfxh3gggs.southindia-01.azurewebsites.net/api/Position/GetPositionData
--------------------------------------------------------------------------------
[Failed Hit #1381] Hit ID: 606 | Status: 500 | Time: 45608ms | Error: Timeout 45000ms exceeded
  Target API URL: https://dev-ux-linux-ezabgbfbfxh3gggs.southindia-01.azurewebsites.net/api/Position/GetPositionData
--------------------------------------------------------------------------------
[Failed Hit #1382] Hit ID: 607 | Status: 500 | Time: 45607ms | Error: Timeout 45000ms exceeded
  Target API URL: https://dev-ux-linux-ezabgbfbfxh3gggs.southindia-01.azurewebsites.net/api/Position/GetPositionData
--------------------------------------------------------------------------------
[Failed Hit #1383] Hit ID: 608 | Status: 500 | Time: 45607ms | Error: Timeout 45000ms exceeded
  Target API URL: https://dev-ux-linux-ezabgbfbfxh3gggs.southindia-01.azurewebsites.net/api/Position/GetPositionData
--------------------------------------------------------------------------------
[Failed Hit #1384] Hit ID: 609 | Status: 500 | Time: 45607ms | Error: Timeout 45000ms exceeded
  Target API URL: https://dev-ux-linux-ezabgbfbfxh3gggs.southindia-01.azurewebsites.net/api/Position/GetPositionData
--------------------------------------------------------------------------------
[Failed Hit #1385] Hit ID: 610 | Status: 500 | Time: 45606ms | Error: Timeout 45000ms exceeded
  Target API URL: https://dev-ux-linux-ezabgbfbfxh3gggs.southindia-01.azurewebsites.net/api/Position/GetPositionData
--------------------------------------------------------------------------------
[Failed Hit #1386] Hit ID: 611 | Status: 500 | Time: 45605ms | Error: Timeout 45000ms exceeded
  Target API URL: https://dev-ux-linux-ezabgbfbfxh3gggs.southindia-01.azurewebsites.net/api/Position/GetPositionData
--------------------------------------------------------------------------------
[Failed Hit #1387] Hit ID: 612 | Status: 500 | Time: 45604ms | Error: Timeout 45000ms exceeded
  Target API URL: https://dev-ux-linux-ezabgbfbfxh3gggs.southindia-01.azurewebsites.net/api/Position/GetPositionData
--------------------------------------------------------------------------------
[Failed Hit #1388] Hit ID: 613 | Status: 500 | Time: 45603ms | Error: Timeout 45000ms exceeded
  Target API URL: https://dev-ux-linux-ezabgbfbfxh3gggs.southindia-01.azurewebsites.net/api/Position/GetPositionData
--------------------------------------------------------------------------------
[Failed Hit #1389] Hit ID: 614 | Status: 500 | Time: 45602ms | Error: Timeout 45000ms exceeded
  Target API URL: https://dev-ux-linux-ezabgbfbfxh3gggs.southindia-01.azurewebsites.net/api/Position/GetPositionData
--------------------------------------------------------------------------------
[Failed Hit #1390] Hit ID: 620 | Status: 500 | Time: 45596ms | Error: Timeout 45000ms exceeded
  Target API URL: https://dev-ux-linux-ezabgbfbfxh3gggs.southindia-01.azurewebsites.net/api/Position/GetPositionData
--------------------------------------------------------------------------------
[Failed Hit #1391] Hit ID: 621 | Status: 500 | Time: 45595ms | Error: Timeout 45000ms exceeded
  Target API URL: https://dev-ux-linux-ezabgbfbfxh3gggs.southindia-01.azurewebsites.net/api/Position/GetPositionData
--------------------------------------------------------------------------------
[Failed Hit #1392] Hit ID: 623 | Status: 500 | Time: 45595ms | Error: Timeout 45000ms exceeded
  Target API URL: https://dev-ux-linux-ezabgbfbfxh3gggs.southindia-01.azurewebsites.net/api/Position/GetPositionData
--------------------------------------------------------------------------------
[Failed Hit #1393] Hit ID: 628 | Status: 500 | Time: 45590ms | Error: Timeout 45000ms exceeded
  Target API URL: https://dev-ux-linux-ezabgbfbfxh3gggs.southindia-01.azurewebsites.net/api/Position/GetPositionData
--------------------------------------------------------------------------------
[Failed Hit #1394] Hit ID: 629 | Status: 500 | Time: 45590ms | Error: Timeout 45000ms exceeded
  Target API URL: https://dev-ux-linux-ezabgbfbfxh3gggs.southindia-01.azurewebsites.net/api/Position/GetPositionData
--------------------------------------------------------------------------------
[Failed Hit #1395] Hit ID: 632 | Status: 500 | Time: 45587ms | Error: Timeout 45000ms exceeded
  Target API URL: https://dev-ux-linux-ezabgbfbfxh3gggs.southindia-01.azurewebsites.net/api/Position/GetPositionData
--------------------------------------------------------------------------------
[Failed Hit #1396] Hit ID: 634 | Status: 500 | Time: 45585ms | Error: Timeout 45000ms exceeded
  Target API URL: https://dev-ux-linux-ezabgbfbfxh3gggs.southindia-01.azurewebsites.net/api/Position/GetPositionData
--------------------------------------------------------------------------------
[Failed Hit #1397] Hit ID: 635 | Status: 500 | Time: 45584ms | Error: Timeout 45000ms exceeded
  Target API URL: https://dev-ux-linux-ezabgbfbfxh3gggs.southindia-01.azurewebsites.net/api/Position/GetPositionData
--------------------------------------------------------------------------------
[Failed Hit #1398] Hit ID: 651 | Status: 500 | Time: 45568ms | Error: Timeout 45000ms exceeded
  Target API URL: https://dev-ux-linux-ezabgbfbfxh3gggs.southindia-01.azurewebsites.net/api/Position/GetPositionData
--------------------------------------------------------------------------------
[Failed Hit #1399] Hit ID: 658 | Status: 500 | Time: 45563ms | Error: Timeout 45000ms exceeded
  Target API URL: https://dev-ux-linux-ezabgbfbfxh3gggs.southindia-01.azurewebsites.net/api/Position/GetPositionData
--------------------------------------------------------------------------------
[Failed Hit #1400] Hit ID: 673 | Status: 500 | Time: 45549ms | Error: Timeout 45000ms exceeded
  Target API URL: https://dev-ux-linux-ezabgbfbfxh3gggs.southindia-01.azurewebsites.net/api/Position/GetPositionData
--------------------------------------------------------------------------------
[Failed Hit #1401] Hit ID: 709 | Status: 500 | Time: 45497ms | Error: Timeout 45000ms exceeded
  Target API URL: https://dev-ux-linux-ezabgbfbfxh3gggs.southindia-01.azurewebsites.net/api/Position/GetPositionData
--------------------------------------------------------------------------------
[Failed Hit #1402] Hit ID: 42 | Status: 500 | Time: 46218ms | Error: Timeout 45000ms exceeded
  Target API URL: https://dev-ux-linux-ezabgbfbfxh3gggs.southindia-01.azurewebsites.net/api/Programs/GetAllProgramData
--------------------------------------------------------------------------------
[Failed Hit #1403] Hit ID: 43 | Status: 500 | Time: 46217ms | Error: Timeout 45000ms exceeded
  Target API URL: https://dev-ux-linux-ezabgbfbfxh3gggs.southindia-01.azurewebsites.net/api/Programs/GetAllProgramData
--------------------------------------------------------------------------------
[Failed Hit #1404] Hit ID: 53 | Status: 500 | Time: 46208ms | Error: Timeout 45000ms exceeded
  Target API URL: https://dev-ux-linux-ezabgbfbfxh3gggs.southindia-01.azurewebsites.net/api/Programs/GetAllProgramData
--------------------------------------------------------------------------------
[Failed Hit #1405] Hit ID: 78 | Status: 500 | Time: 46177ms | Error: Timeout 45000ms exceeded
  Target API URL: https://dev-ux-linux-ezabgbfbfxh3gggs.southindia-01.azurewebsites.net/api/Programs/GetAllProgramData
--------------------------------------------------------------------------------
[Failed Hit #1406] Hit ID: 81 | Status: 500 | Time: 46174ms | Error: Timeout 45000ms exceeded
  Target API URL: https://dev-ux-linux-ezabgbfbfxh3gggs.southindia-01.azurewebsites.net/api/Programs/GetAllProgramData
--------------------------------------------------------------------------------
[Failed Hit #1407] Hit ID: 84 | Status: 500 | Time: 46171ms | Error: Timeout 45000ms exceeded
  Target API URL: https://dev-ux-linux-ezabgbfbfxh3gggs.southindia-01.azurewebsites.net/api/Programs/GetAllProgramData
--------------------------------------------------------------------------------
[Failed Hit #1408] Hit ID: 85 | Status: 500 | Time: 46170ms | Error: Timeout 45000ms exceeded
  Target API URL: https://dev-ux-linux-ezabgbfbfxh3gggs.southindia-01.azurewebsites.net/api/Programs/GetAllProgramData
--------------------------------------------------------------------------------
[Failed Hit #1409] Hit ID: 86 | Status: 500 | Time: 46170ms | Error: Timeout 45000ms exceeded
  Target API URL: https://dev-ux-linux-ezabgbfbfxh3gggs.southindia-01.azurewebsites.net/api/Programs/GetAllProgramData
--------------------------------------------------------------------------------
[Failed Hit #1410] Hit ID: 123 | Status: 500 | Time: 46128ms | Error: Timeout 45000ms exceeded
  Target API URL: https://dev-ux-linux-ezabgbfbfxh3gggs.southindia-01.azurewebsites.net/api/Programs/GetAllProgramData
--------------------------------------------------------------------------------
[Failed Hit #1411] Hit ID: 126 | Status: 500 | Time: 46124ms | Error: Timeout 45000ms exceeded
  Target API URL: https://dev-ux-linux-ezabgbfbfxh3gggs.southindia-01.azurewebsites.net/api/Programs/GetAllProgramData
--------------------------------------------------------------------------------
[Failed Hit #1412] Hit ID: 127 | Status: 500 | Time: 46127ms | Error: Timeout 45000ms exceeded
  Target API URL: https://dev-ux-linux-ezabgbfbfxh3gggs.southindia-01.azurewebsites.net/api/Programs/GetAllProgramData
--------------------------------------------------------------------------------
[Failed Hit #1413] Hit ID: 128 | Status: 500 | Time: 46126ms | Error: Timeout 45000ms exceeded
  Target API URL: https://dev-ux-linux-ezabgbfbfxh3gggs.southindia-01.azurewebsites.net/api/Programs/GetAllProgramData
--------------------------------------------------------------------------------
[Failed Hit #1414] Hit ID: 129 | Status: 500 | Time: 46125ms | Error: Timeout 45000ms exceeded
  Target API URL: https://dev-ux-linux-ezabgbfbfxh3gggs.southindia-01.azurewebsites.net/api/Programs/GetAllProgramData
--------------------------------------------------------------------------------
[Failed Hit #1415] Hit ID: 132 | Status: 500 | Time: 46122ms | Error: Timeout 45000ms exceeded
  Target API URL: https://dev-ux-linux-ezabgbfbfxh3gggs.southindia-01.azurewebsites.net/api/Programs/GetAllProgramData
--------------------------------------------------------------------------------
[Failed Hit #1416] Hit ID: 134 | Status: 500 | Time: 46123ms | Error: Timeout 45000ms exceeded
  Target API URL: https://dev-ux-linux-ezabgbfbfxh3gggs.southindia-01.azurewebsites.net/api/Programs/GetAllProgramData
--------------------------------------------------------------------------------
[Failed Hit #1417] Hit ID: 136 | Status: 500 | Time: 46121ms | Error: Timeout 45000ms exceeded
  Target API URL: https://dev-ux-linux-ezabgbfbfxh3gggs.southindia-01.azurewebsites.net/api/Programs/GetAllProgramData
--------------------------------------------------------------------------------
[Failed Hit #1418] Hit ID: 138 | Status: 500 | Time: 46120ms | Error: Timeout 45000ms exceeded
  Target API URL: https://dev-ux-linux-ezabgbfbfxh3gggs.southindia-01.azurewebsites.net/api/Programs/GetAllProgramData
--------------------------------------------------------------------------------
[Failed Hit #1419] Hit ID: 140 | Status: 500 | Time: 46116ms | Error: Timeout 45000ms exceeded
  Target API URL: https://dev-ux-linux-ezabgbfbfxh3gggs.southindia-01.azurewebsites.net/api/Programs/GetAllProgramData
--------------------------------------------------------------------------------
[Failed Hit #1420] Hit ID: 142 | Status: 500 | Time: 46114ms | Error: Timeout 45000ms exceeded
  Target API URL: https://dev-ux-linux-ezabgbfbfxh3gggs.southindia-01.azurewebsites.net/api/Programs/GetAllProgramData
--------------------------------------------------------------------------------
[Failed Hit #1421] Hit ID: 143 | Status: 500 | Time: 46113ms | Error: Timeout 45000ms exceeded
  Target API URL: https://dev-ux-linux-ezabgbfbfxh3gggs.southindia-01.azurewebsites.net/api/Programs/GetAllProgramData
--------------------------------------------------------------------------------
[Failed Hit #1422] Hit ID: 144 | Status: 500 | Time: 46111ms | Error: Timeout 45000ms exceeded
  Target API URL: https://dev-ux-linux-ezabgbfbfxh3gggs.southindia-01.azurewebsites.net/api/Programs/GetAllProgramData
--------------------------------------------------------------------------------
[Failed Hit #1423] Hit ID: 145 | Status: 500 | Time: 46110ms | Error: Timeout 45000ms exceeded
  Target API URL: https://dev-ux-linux-ezabgbfbfxh3gggs.southindia-01.azurewebsites.net/api/Programs/GetAllProgramData
--------------------------------------------------------------------------------
[Failed Hit #1424] Hit ID: 146 | Status: 500 | Time: 46109ms | Error: Timeout 45000ms exceeded
  Target API URL: https://dev-ux-linux-ezabgbfbfxh3gggs.southindia-01.azurewebsites.net/api/Programs/GetAllProgramData
--------------------------------------------------------------------------------
[Failed Hit #1425] Hit ID: 151 | Status: 500 | Time: 46115ms | Error: Timeout 45000ms exceeded
  Target API URL: https://dev-ux-linux-ezabgbfbfxh3gggs.southindia-01.azurewebsites.net/api/Programs/GetAllProgramData
--------------------------------------------------------------------------------
[Failed Hit #1426] Hit ID: 154 | Status: 500 | Time: 46110ms | Error: Timeout 45000ms exceeded
  Target API URL: https://dev-ux-linux-ezabgbfbfxh3gggs.southindia-01.azurewebsites.net/api/Programs/GetAllProgramData
--------------------------------------------------------------------------------
[Failed Hit #1427] Hit ID: 156 | Status: 500 | Time: 46107ms | Error: Timeout 45000ms exceeded
  Target API URL: https://dev-ux-linux-ezabgbfbfxh3gggs.southindia-01.azurewebsites.net/api/Programs/GetAllProgramData
--------------------------------------------------------------------------------
[Failed Hit #1428] Hit ID: 159 | Status: 500 | Time: 46103ms | Error: Timeout 45000ms exceeded
  Target API URL: https://dev-ux-linux-ezabgbfbfxh3gggs.southindia-01.azurewebsites.net/api/Programs/GetAllProgramData
--------------------------------------------------------------------------------
[Failed Hit #1429] Hit ID: 160 | Status: 500 | Time: 46102ms | Error: Timeout 45000ms exceeded
  Target API URL: https://dev-ux-linux-ezabgbfbfxh3gggs.southindia-01.azurewebsites.net/api/Programs/GetAllProgramData
--------------------------------------------------------------------------------
[Failed Hit #1430] Hit ID: 162 | Status: 500 | Time: 46100ms | Error: Timeout 45000ms exceeded
  Target API URL: https://dev-ux-linux-ezabgbfbfxh3gggs.southindia-01.azurewebsites.net/api/Programs/GetAllProgramData
--------------------------------------------------------------------------------
[Failed Hit #1431] Hit ID: 163 | Status: 500 | Time: 46099ms | Error: Timeout 45000ms exceeded
  Target API URL: https://dev-ux-linux-ezabgbfbfxh3gggs.southindia-01.azurewebsites.net/api/Programs/GetAllProgramData
--------------------------------------------------------------------------------
[Failed Hit #1432] Hit ID: 164 | Status: 500 | Time: 46097ms | Error: Timeout 45000ms exceeded
  Target API URL: https://dev-ux-linux-ezabgbfbfxh3gggs.southindia-01.azurewebsites.net/api/Programs/GetAllProgramData
--------------------------------------------------------------------------------
[Failed Hit #1433] Hit ID: 165 | Status: 500 | Time: 46096ms | Error: Timeout 45000ms exceeded
  Target API URL: https://dev-ux-linux-ezabgbfbfxh3gggs.southindia-01.azurewebsites.net/api/Programs/GetAllProgramData
--------------------------------------------------------------------------------
[Failed Hit #1434] Hit ID: 166 | Status: 500 | Time: 46094ms | Error: Timeout 45000ms exceeded
  Target API URL: https://dev-ux-linux-ezabgbfbfxh3gggs.southindia-01.azurewebsites.net/api/Programs/GetAllProgramData
--------------------------------------------------------------------------------
[Failed Hit #1435] Hit ID: 167 | Status: 500 | Time: 46092ms | Error: Timeout 45000ms exceeded
  Target API URL: https://dev-ux-linux-ezabgbfbfxh3gggs.southindia-01.azurewebsites.net/api/Programs/GetAllProgramData
--------------------------------------------------------------------------------
[Failed Hit #1436] Hit ID: 168 | Status: 500 | Time: 46091ms | Error: Timeout 45000ms exceeded
  Target API URL: https://dev-ux-linux-ezabgbfbfxh3gggs.southindia-01.azurewebsites.net/api/Programs/GetAllProgramData
--------------------------------------------------------------------------------
[Failed Hit #1437] Hit ID: 169 | Status: 500 | Time: 46090ms | Error: Timeout 45000ms exceeded
  Target API URL: https://dev-ux-linux-ezabgbfbfxh3gggs.southindia-01.azurewebsites.net/api/Programs/GetAllProgramData
--------------------------------------------------------------------------------
[Failed Hit #1438] Hit ID: 170 | Status: 500 | Time: 46088ms | Error: Timeout 45000ms exceeded
  Target API URL: https://dev-ux-linux-ezabgbfbfxh3gggs.southindia-01.azurewebsites.net/api/Programs/GetAllProgramData
--------------------------------------------------------------------------------
[Failed Hit #1439] Hit ID: 172 | Status: 500 | Time: 46086ms | Error: Timeout 45000ms exceeded
  Target API URL: https://dev-ux-linux-ezabgbfbfxh3gggs.southindia-01.azurewebsites.net/api/Programs/GetAllProgramData
--------------------------------------------------------------------------------
[Failed Hit #1440] Hit ID: 175 | Status: 500 | Time: 46081ms | Error: Timeout 45000ms exceeded
  Target API URL: https://dev-ux-linux-ezabgbfbfxh3gggs.southindia-01.azurewebsites.net/api/Programs/GetAllProgramData
--------------------------------------------------------------------------------
[Failed Hit #1441] Hit ID: 176 | Status: 500 | Time: 46080ms | Error: Timeout 45000ms exceeded
  Target API URL: https://dev-ux-linux-ezabgbfbfxh3gggs.southindia-01.azurewebsites.net/api/Programs/GetAllProgramData
--------------------------------------------------------------------------------
[Failed Hit #1442] Hit ID: 177 | Status: 500 | Time: 46079ms | Error: Timeout 45000ms exceeded
  Target API URL: https://dev-ux-linux-ezabgbfbfxh3gggs.southindia-01.azurewebsites.net/api/Programs/GetAllProgramData
--------------------------------------------------------------------------------
[Failed Hit #1443] Hit ID: 178 | Status: 500 | Time: 46077ms | Error: Timeout 45000ms exceeded
  Target API URL: https://dev-ux-linux-ezabgbfbfxh3gggs.southindia-01.azurewebsites.net/api/Programs/GetAllProgramData
--------------------------------------------------------------------------------
[Failed Hit #1444] Hit ID: 180 | Status: 500 | Time: 46071ms | Error: Timeout 45000ms exceeded
  Target API URL: https://dev-ux-linux-ezabgbfbfxh3gggs.southindia-01.azurewebsites.net/api/Programs/GetAllProgramData
--------------------------------------------------------------------------------
[Failed Hit #1445] Hit ID: 181 | Status: 500 | Time: 46071ms | Error: Timeout 45000ms exceeded
  Target API URL: https://dev-ux-linux-ezabgbfbfxh3gggs.southindia-01.azurewebsites.net/api/Programs/GetAllProgramData
--------------------------------------------------------------------------------
[Failed Hit #1446] Hit ID: 182 | Status: 500 | Time: 46069ms | Error: Timeout 45000ms exceeded
  Target API URL: https://dev-ux-linux-ezabgbfbfxh3gggs.southindia-01.azurewebsites.net/api/Programs/GetAllProgramData
--------------------------------------------------------------------------------
[Failed Hit #1447] Hit ID: 183 | Status: 500 | Time: 46067ms | Error: Timeout 45000ms exceeded
  Target API URL: https://dev-ux-linux-ezabgbfbfxh3gggs.southindia-01.azurewebsites.net/api/Programs/GetAllProgramData
--------------------------------------------------------------------------------
[Failed Hit #1448] Hit ID: 184 | Status: 500 | Time: 46066ms | Error: Timeout 45000ms exceeded
  Target API URL: https://dev-ux-linux-ezabgbfbfxh3gggs.southindia-01.azurewebsites.net/api/Programs/GetAllProgramData
--------------------------------------------------------------------------------
[Failed Hit #1449] Hit ID: 185 | Status: 500 | Time: 46064ms | Error: Timeout 45000ms exceeded
  Target API URL: https://dev-ux-linux-ezabgbfbfxh3gggs.southindia-01.azurewebsites.net/api/Programs/GetAllProgramData
--------------------------------------------------------------------------------
[Failed Hit #1450] Hit ID: 186 | Status: 500 | Time: 46064ms | Error: Timeout 45000ms exceeded
  Target API URL: https://dev-ux-linux-ezabgbfbfxh3gggs.southindia-01.azurewebsites.net/api/Programs/GetAllProgramData
--------------------------------------------------------------------------------
[Failed Hit #1451] Hit ID: 187 | Status: 500 | Time: 46062ms | Error: Timeout 45000ms exceeded
  Target API URL: https://dev-ux-linux-ezabgbfbfxh3gggs.southindia-01.azurewebsites.net/api/Programs/GetAllProgramData
--------------------------------------------------------------------------------
[Failed Hit #1452] Hit ID: 189 | Status: 500 | Time: 46058ms | Error: Timeout 45000ms exceeded
  Target API URL: https://dev-ux-linux-ezabgbfbfxh3gggs.southindia-01.azurewebsites.net/api/Programs/GetAllProgramData
--------------------------------------------------------------------------------
[Failed Hit #1453] Hit ID: 190 | Status: 500 | Time: 46055ms | Error: Timeout 45000ms exceeded
  Target API URL: https://dev-ux-linux-ezabgbfbfxh3gggs.southindia-01.azurewebsites.net/api/Programs/GetAllProgramData
--------------------------------------------------------------------------------
[Failed Hit #1454] Hit ID: 191 | Status: 500 | Time: 46054ms | Error: Timeout 45000ms exceeded
  Target API URL: https://dev-ux-linux-ezabgbfbfxh3gggs.southindia-01.azurewebsites.net/api/Programs/GetAllProgramData
--------------------------------------------------------------------------------
[Failed Hit #1455] Hit ID: 192 | Status: 500 | Time: 46052ms | Error: Timeout 45000ms exceeded
  Target API URL: https://dev-ux-linux-ezabgbfbfxh3gggs.southindia-01.azurewebsites.net/api/Programs/GetAllProgramData
--------------------------------------------------------------------------------
[Failed Hit #1456] Hit ID: 193 | Status: 500 | Time: 46050ms | Error: Timeout 45000ms exceeded
  Target API URL: https://dev-ux-linux-ezabgbfbfxh3gggs.southindia-01.azurewebsites.net/api/Programs/GetAllProgramData
--------------------------------------------------------------------------------
[Failed Hit #1457] Hit ID: 194 | Status: 500 | Time: 46048ms | Error: Timeout 45000ms exceeded
  Target API URL: https://dev-ux-linux-ezabgbfbfxh3gggs.southindia-01.azurewebsites.net/api/Programs/GetAllProgramData
--------------------------------------------------------------------------------
[Failed Hit #1458] Hit ID: 195 | Status: 500 | Time: 46047ms | Error: Timeout 45000ms exceeded
  Target API URL: https://dev-ux-linux-ezabgbfbfxh3gggs.southindia-01.azurewebsites.net/api/Programs/GetAllProgramData
--------------------------------------------------------------------------------
[Failed Hit #1459] Hit ID: 196 | Status: 500 | Time: 46045ms | Error: Timeout 45000ms exceeded
  Target API URL: https://dev-ux-linux-ezabgbfbfxh3gggs.southindia-01.azurewebsites.net/api/Programs/GetAllProgramData
--------------------------------------------------------------------------------
[Failed Hit #1460] Hit ID: 197 | Status: 500 | Time: 46044ms | Error: Timeout 45000ms exceeded
  Target API URL: https://dev-ux-linux-ezabgbfbfxh3gggs.southindia-01.azurewebsites.net/api/Programs/GetAllProgramData
--------------------------------------------------------------------------------
[Failed Hit #1461] Hit ID: 198 | Status: 500 | Time: 46042ms | Error: Timeout 45000ms exceeded
  Target API URL: https://dev-ux-linux-ezabgbfbfxh3gggs.southindia-01.azurewebsites.net/api/Programs/GetAllProgramData
--------------------------------------------------------------------------------
[Failed Hit #1462] Hit ID: 199 | Status: 500 | Time: 46041ms | Error: Timeout 45000ms exceeded
  Target API URL: https://dev-ux-linux-ezabgbfbfxh3gggs.southindia-01.azurewebsites.net/api/Programs/GetAllProgramData
--------------------------------------------------------------------------------
[Failed Hit #1463] Hit ID: 200 | Status: 500 | Time: 46041ms | Error: Timeout 45000ms exceeded
  Target API URL: https://dev-ux-linux-ezabgbfbfxh3gggs.southindia-01.azurewebsites.net/api/Programs/GetAllProgramData
--------------------------------------------------------------------------------
[Failed Hit #1464] Hit ID: 201 | Status: 500 | Time: 46040ms | Error: Timeout 45000ms exceeded
  Target API URL: https://dev-ux-linux-ezabgbfbfxh3gggs.southindia-01.azurewebsites.net/api/Programs/GetAllProgramData
--------------------------------------------------------------------------------
[Failed Hit #1465] Hit ID: 202 | Status: 500 | Time: 46038ms | Error: Timeout 45000ms exceeded
  Target API URL: https://dev-ux-linux-ezabgbfbfxh3gggs.southindia-01.azurewebsites.net/api/Programs/GetAllProgramData
--------------------------------------------------------------------------------
[Failed Hit #1466] Hit ID: 203 | Status: 500 | Time: 46037ms | Error: Timeout 45000ms exceeded
  Target API URL: https://dev-ux-linux-ezabgbfbfxh3gggs.southindia-01.azurewebsites.net/api/Programs/GetAllProgramData
--------------------------------------------------------------------------------
[Failed Hit #1467] Hit ID: 204 | Status: 500 | Time: 46036ms | Error: Timeout 45000ms exceeded
  Target API URL: https://dev-ux-linux-ezabgbfbfxh3gggs.southindia-01.azurewebsites.net/api/Programs/GetAllProgramData
--------------------------------------------------------------------------------
[Failed Hit #1468] Hit ID: 205 | Status: 500 | Time: 46036ms | Error: Timeout 45000ms exceeded
  Target API URL: https://dev-ux-linux-ezabgbfbfxh3gggs.southindia-01.azurewebsites.net/api/Programs/GetAllProgramData
--------------------------------------------------------------------------------
[Failed Hit #1469] Hit ID: 206 | Status: 500 | Time: 46035ms | Error: Timeout 45000ms exceeded
  Target API URL: https://dev-ux-linux-ezabgbfbfxh3gggs.southindia-01.azurewebsites.net/api/Programs/GetAllProgramData
--------------------------------------------------------------------------------
[Failed Hit #1470] Hit ID: 207 | Status: 500 | Time: 46034ms | Error: Timeout 45000ms exceeded
  Target API URL: https://dev-ux-linux-ezabgbfbfxh3gggs.southindia-01.azurewebsites.net/api/Programs/GetAllProgramData
--------------------------------------------------------------------------------
[Failed Hit #1471] Hit ID: 208 | Status: 500 | Time: 46033ms | Error: Timeout 45000ms exceeded
  Target API URL: https://dev-ux-linux-ezabgbfbfxh3gggs.southindia-01.azurewebsites.net/api/Programs/GetAllProgramData
--------------------------------------------------------------------------------
[Failed Hit #1472] Hit ID: 209 | Status: 500 | Time: 46033ms | Error: Timeout 45000ms exceeded
  Target API URL: https://dev-ux-linux-ezabgbfbfxh3gggs.southindia-01.azurewebsites.net/api/Programs/GetAllProgramData
--------------------------------------------------------------------------------
[Failed Hit #1473] Hit ID: 210 | Status: 500 | Time: 46032ms | Error: Timeout 45000ms exceeded
  Target API URL: https://dev-ux-linux-ezabgbfbfxh3gggs.southindia-01.azurewebsites.net/api/Programs/GetAllProgramData
--------------------------------------------------------------------------------
[Failed Hit #1474] Hit ID: 212 | Status: 500 | Time: 46029ms | Error: Timeout 45000ms exceeded
  Target API URL: https://dev-ux-linux-ezabgbfbfxh3gggs.southindia-01.azurewebsites.net/api/Programs/GetAllProgramData
--------------------------------------------------------------------------------
[Failed Hit #1475] Hit ID: 214 | Status: 500 | Time: 46027ms | Error: Timeout 45000ms exceeded
  Target API URL: https://dev-ux-linux-ezabgbfbfxh3gggs.southindia-01.azurewebsites.net/api/Programs/GetAllProgramData
--------------------------------------------------------------------------------
[Failed Hit #1476] Hit ID: 215 | Status: 500 | Time: 46026ms | Error: Timeout 45000ms exceeded
  Target API URL: https://dev-ux-linux-ezabgbfbfxh3gggs.southindia-01.azurewebsites.net/api/Programs/GetAllProgramData
--------------------------------------------------------------------------------
[Failed Hit #1477] Hit ID: 216 | Status: 500 | Time: 46026ms | Error: Timeout 45000ms exceeded
  Target API URL: https://dev-ux-linux-ezabgbfbfxh3gggs.southindia-01.azurewebsites.net/api/Programs/GetAllProgramData
--------------------------------------------------------------------------------
[Failed Hit #1478] Hit ID: 217 | Status: 500 | Time: 46025ms | Error: Timeout 45000ms exceeded
  Target API URL: https://dev-ux-linux-ezabgbfbfxh3gggs.southindia-01.azurewebsites.net/api/Programs/GetAllProgramData
--------------------------------------------------------------------------------
[Failed Hit #1479] Hit ID: 219 | Status: 500 | Time: 46021ms | Error: Timeout 45000ms exceeded
  Target API URL: https://dev-ux-linux-ezabgbfbfxh3gggs.southindia-01.azurewebsites.net/api/Programs/GetAllProgramData
--------------------------------------------------------------------------------
[Failed Hit #1480] Hit ID: 220 | Status: 500 | Time: 46020ms | Error: Timeout 45000ms exceeded
  Target API URL: https://dev-ux-linux-ezabgbfbfxh3gggs.southindia-01.azurewebsites.net/api/Programs/GetAllProgramData
--------------------------------------------------------------------------------
[Failed Hit #1481] Hit ID: 221 | Status: 500 | Time: 46084ms | Error: Timeout 45000ms exceeded
  Target API URL: https://dev-ux-linux-ezabgbfbfxh3gggs.southindia-01.azurewebsites.net/api/Programs/GetAllProgramData
--------------------------------------------------------------------------------
[Failed Hit #1482] Hit ID: 222 | Status: 500 | Time: 46082ms | Error: Timeout 45000ms exceeded
  Target API URL: https://dev-ux-linux-ezabgbfbfxh3gggs.southindia-01.azurewebsites.net/api/Programs/GetAllProgramData
--------------------------------------------------------------------------------
[Failed Hit #1483] Hit ID: 223 | Status: 500 | Time: 46081ms | Error: Timeout 45000ms exceeded
  Target API URL: https://dev-ux-linux-ezabgbfbfxh3gggs.southindia-01.azurewebsites.net/api/Programs/GetAllProgramData
--------------------------------------------------------------------------------
[Failed Hit #1484] Hit ID: 224 | Status: 500 | Time: 46080ms | Error: Timeout 45000ms exceeded
  Target API URL: https://dev-ux-linux-ezabgbfbfxh3gggs.southindia-01.azurewebsites.net/api/Programs/GetAllProgramData
--------------------------------------------------------------------------------
[Failed Hit #1485] Hit ID: 225 | Status: 500 | Time: 46080ms | Error: Timeout 45000ms exceeded
  Target API URL: https://dev-ux-linux-ezabgbfbfxh3gggs.southindia-01.azurewebsites.net/api/Programs/GetAllProgramData
--------------------------------------------------------------------------------
[Failed Hit #1486] Hit ID: 226 | Status: 500 | Time: 46079ms | Error: Timeout 45000ms exceeded
  Target API URL: https://dev-ux-linux-ezabgbfbfxh3gggs.southindia-01.azurewebsites.net/api/Programs/GetAllProgramData
--------------------------------------------------------------------------------
[Failed Hit #1487] Hit ID: 227 | Status: 500 | Time: 46077ms | Error: Timeout 45000ms exceeded
  Target API URL: https://dev-ux-linux-ezabgbfbfxh3gggs.southindia-01.azurewebsites.net/api/Programs/GetAllProgramData
--------------------------------------------------------------------------------
[Failed Hit #1488] Hit ID: 228 | Status: 500 | Time: 46076ms | Error: Timeout 45000ms exceeded
  Target API URL: https://dev-ux-linux-ezabgbfbfxh3gggs.southindia-01.azurewebsites.net/api/Programs/GetAllProgramData
--------------------------------------------------------------------------------
[Failed Hit #1489] Hit ID: 229 | Status: 500 | Time: 46075ms | Error: Timeout 45000ms exceeded
  Target API URL: https://dev-ux-linux-ezabgbfbfxh3gggs.southindia-01.azurewebsites.net/api/Programs/GetAllProgramData
--------------------------------------------------------------------------------
[Failed Hit #1490] Hit ID: 230 | Status: 500 | Time: 46074ms | Error: Timeout 45000ms exceeded
  Target API URL: https://dev-ux-linux-ezabgbfbfxh3gggs.southindia-01.azurewebsites.net/api/Programs/GetAllProgramData
--------------------------------------------------------------------------------
[Failed Hit #1491] Hit ID: 231 | Status: 500 | Time: 46073ms | Error: Timeout 45000ms exceeded
  Target API URL: https://dev-ux-linux-ezabgbfbfxh3gggs.southindia-01.azurewebsites.net/api/Programs/GetAllProgramData
--------------------------------------------------------------------------------
[Failed Hit #1492] Hit ID: 232 | Status: 500 | Time: 46072ms | Error: Timeout 45000ms exceeded
  Target API URL: https://dev-ux-linux-ezabgbfbfxh3gggs.southindia-01.azurewebsites.net/api/Programs/GetAllProgramData
--------------------------------------------------------------------------------
[Failed Hit #1493] Hit ID: 233 | Status: 500 | Time: 46072ms | Error: Timeout 45000ms exceeded
  Target API URL: https://dev-ux-linux-ezabgbfbfxh3gggs.southindia-01.azurewebsites.net/api/Programs/GetAllProgramData
--------------------------------------------------------------------------------
[Failed Hit #1494] Hit ID: 234 | Status: 500 | Time: 46071ms | Error: Timeout 45000ms exceeded
  Target API URL: https://dev-ux-linux-ezabgbfbfxh3gggs.southindia-01.azurewebsites.net/api/Programs/GetAllProgramData
--------------------------------------------------------------------------------
[Failed Hit #1495] Hit ID: 235 | Status: 500 | Time: 46070ms | Error: Timeout 45000ms exceeded
  Target API URL: https://dev-ux-linux-ezabgbfbfxh3gggs.southindia-01.azurewebsites.net/api/Programs/GetAllProgramData
--------------------------------------------------------------------------------
[Failed Hit #1496] Hit ID: 236 | Status: 500 | Time: 46069ms | Error: Timeout 45000ms exceeded
  Target API URL: https://dev-ux-linux-ezabgbfbfxh3gggs.southindia-01.azurewebsites.net/api/Programs/GetAllProgramData
--------------------------------------------------------------------------------
[Failed Hit #1497] Hit ID: 237 | Status: 500 | Time: 46067ms | Error: Timeout 45000ms exceeded
  Target API URL: https://dev-ux-linux-ezabgbfbfxh3gggs.southindia-01.azurewebsites.net/api/Programs/GetAllProgramData
--------------------------------------------------------------------------------
[Failed Hit #1498] Hit ID: 238 | Status: 500 | Time: 46066ms | Error: Timeout 45000ms exceeded
  Target API URL: https://dev-ux-linux-ezabgbfbfxh3gggs.southindia-01.azurewebsites.net/api/Programs/GetAllProgramData
--------------------------------------------------------------------------------
[Failed Hit #1499] Hit ID: 239 | Status: 500 | Time: 46065ms | Error: Timeout 45000ms exceeded
  Target API URL: https://dev-ux-linux-ezabgbfbfxh3gggs.southindia-01.azurewebsites.net/api/Programs/GetAllProgramData
--------------------------------------------------------------------------------
[Failed Hit #1500] Hit ID: 240 | Status: 500 | Time: 46065ms | Error: Timeout 45000ms exceeded
  Target API URL: https://dev-ux-linux-ezabgbfbfxh3gggs.southindia-01.azurewebsites.net/api/Programs/GetAllProgramData
--------------------------------------------------------------------------------
[Failed Hit #1501] Hit ID: 241 | Status: 500 | Time: 46064ms | Error: Timeout 45000ms exceeded
  Target API URL: https://dev-ux-linux-ezabgbfbfxh3gggs.southindia-01.azurewebsites.net/api/Programs/GetAllProgramData
--------------------------------------------------------------------------------
[Failed Hit #1502] Hit ID: 242 | Status: 500 | Time: 46063ms | Error: Timeout 45000ms exceeded
  Target API URL: https://dev-ux-linux-ezabgbfbfxh3gggs.southindia-01.azurewebsites.net/api/Programs/GetAllProgramData
--------------------------------------------------------------------------------
[Failed Hit #1503] Hit ID: 243 | Status: 500 | Time: 46062ms | Error: Timeout 45000ms exceeded
  Target API URL: https://dev-ux-linux-ezabgbfbfxh3gggs.southindia-01.azurewebsites.net/api/Programs/GetAllProgramData
--------------------------------------------------------------------------------
[Failed Hit #1504] Hit ID: 244 | Status: 500 | Time: 46060ms | Error: Timeout 45000ms exceeded
  Target API URL: https://dev-ux-linux-ezabgbfbfxh3gggs.southindia-01.azurewebsites.net/api/Programs/GetAllProgramData
--------------------------------------------------------------------------------
[Failed Hit #1505] Hit ID: 245 | Status: 500 | Time: 46058ms | Error: Timeout 45000ms exceeded
  Target API URL: https://dev-ux-linux-ezabgbfbfxh3gggs.southindia-01.azurewebsites.net/api/Programs/GetAllProgramData
--------------------------------------------------------------------------------
[Failed Hit #1506] Hit ID: 246 | Status: 500 | Time: 46057ms | Error: Timeout 45000ms exceeded
  Target API URL: https://dev-ux-linux-ezabgbfbfxh3gggs.southindia-01.azurewebsites.net/api/Programs/GetAllProgramData
--------------------------------------------------------------------------------
[Failed Hit #1507] Hit ID: 247 | Status: 500 | Time: 46055ms | Error: Timeout 45000ms exceeded
  Target API URL: https://dev-ux-linux-ezabgbfbfxh3gggs.southindia-01.azurewebsites.net/api/Programs/GetAllProgramData
--------------------------------------------------------------------------------
[Failed Hit #1508] Hit ID: 248 | Status: 500 | Time: 46054ms | Error: Timeout 45000ms exceeded
  Target API URL: https://dev-ux-linux-ezabgbfbfxh3gggs.southindia-01.azurewebsites.net/api/Programs/GetAllProgramData
--------------------------------------------------------------------------------
[Failed Hit #1509] Hit ID: 249 | Status: 500 | Time: 46054ms | Error: Timeout 45000ms exceeded
  Target API URL: https://dev-ux-linux-ezabgbfbfxh3gggs.southindia-01.azurewebsites.net/api/Programs/GetAllProgramData
--------------------------------------------------------------------------------
[Failed Hit #1510] Hit ID: 250 | Status: 500 | Time: 46052ms | Error: Timeout 45000ms exceeded
  Target API URL: https://dev-ux-linux-ezabgbfbfxh3gggs.southindia-01.azurewebsites.net/api/Programs/GetAllProgramData
--------------------------------------------------------------------------------
[Failed Hit #1511] Hit ID: 251 | Status: 500 | Time: 46051ms | Error: Timeout 45000ms exceeded
  Target API URL: https://dev-ux-linux-ezabgbfbfxh3gggs.southindia-01.azurewebsites.net/api/Programs/GetAllProgramData
--------------------------------------------------------------------------------
[Failed Hit #1512] Hit ID: 252 | Status: 500 | Time: 46051ms | Error: Timeout 45000ms exceeded
  Target API URL: https://dev-ux-linux-ezabgbfbfxh3gggs.southindia-01.azurewebsites.net/api/Programs/GetAllProgramData
--------------------------------------------------------------------------------
[Failed Hit #1513] Hit ID: 253 | Status: 500 | Time: 46050ms | Error: Timeout 45000ms exceeded
  Target API URL: https://dev-ux-linux-ezabgbfbfxh3gggs.southindia-01.azurewebsites.net/api/Programs/GetAllProgramData
--------------------------------------------------------------------------------
[Failed Hit #1514] Hit ID: 254 | Status: 500 | Time: 46049ms | Error: Timeout 45000ms exceeded
  Target API URL: https://dev-ux-linux-ezabgbfbfxh3gggs.southindia-01.azurewebsites.net/api/Programs/GetAllProgramData
--------------------------------------------------------------------------------
[Failed Hit #1515] Hit ID: 255 | Status: 500 | Time: 46048ms | Error: Timeout 45000ms exceeded
  Target API URL: https://dev-ux-linux-ezabgbfbfxh3gggs.southindia-01.azurewebsites.net/api/Programs/GetAllProgramData
--------------------------------------------------------------------------------
[Failed Hit #1516] Hit ID: 256 | Status: 500 | Time: 46048ms | Error: Timeout 45000ms exceeded
  Target API URL: https://dev-ux-linux-ezabgbfbfxh3gggs.southindia-01.azurewebsites.net/api/Programs/GetAllProgramData
--------------------------------------------------------------------------------
[Failed Hit #1517] Hit ID: 257 | Status: 500 | Time: 46047ms | Error: Timeout 45000ms exceeded
  Target API URL: https://dev-ux-linux-ezabgbfbfxh3gggs.southindia-01.azurewebsites.net/api/Programs/GetAllProgramData
--------------------------------------------------------------------------------
[Failed Hit #1518] Hit ID: 258 | Status: 500 | Time: 46044ms | Error: Timeout 45000ms exceeded
  Target API URL: https://dev-ux-linux-ezabgbfbfxh3gggs.southindia-01.azurewebsites.net/api/Programs/GetAllProgramData
--------------------------------------------------------------------------------
[Failed Hit #1519] Hit ID: 259 | Status: 500 | Time: 46043ms | Error: Timeout 45000ms exceeded
  Target API URL: https://dev-ux-linux-ezabgbfbfxh3gggs.southindia-01.azurewebsites.net/api/Programs/GetAllProgramData
--------------------------------------------------------------------------------
[Failed Hit #1520] Hit ID: 260 | Status: 500 | Time: 46041ms | Error: Timeout 45000ms exceeded
  Target API URL: https://dev-ux-linux-ezabgbfbfxh3gggs.southindia-01.azurewebsites.net/api/Programs/GetAllProgramData
--------------------------------------------------------------------------------
[Failed Hit #1521] Hit ID: 261 | Status: 500 | Time: 46040ms | Error: Timeout 45000ms exceeded
  Target API URL: https://dev-ux-linux-ezabgbfbfxh3gggs.southindia-01.azurewebsites.net/api/Programs/GetAllProgramData
--------------------------------------------------------------------------------
[Failed Hit #1522] Hit ID: 262 | Status: 500 | Time: 46039ms | Error: Timeout 45000ms exceeded
  Target API URL: https://dev-ux-linux-ezabgbfbfxh3gggs.southindia-01.azurewebsites.net/api/Programs/GetAllProgramData
--------------------------------------------------------------------------------
[Failed Hit #1523] Hit ID: 263 | Status: 500 | Time: 46038ms | Error: Timeout 45000ms exceeded
  Target API URL: https://dev-ux-linux-ezabgbfbfxh3gggs.southindia-01.azurewebsites.net/api/Programs/GetAllProgramData
--------------------------------------------------------------------------------
[Failed Hit #1524] Hit ID: 264 | Status: 500 | Time: 46037ms | Error: Timeout 45000ms exceeded
  Target API URL: https://dev-ux-linux-ezabgbfbfxh3gggs.southindia-01.azurewebsites.net/api/Programs/GetAllProgramData
--------------------------------------------------------------------------------
[Failed Hit #1525] Hit ID: 265 | Status: 500 | Time: 46036ms | Error: Timeout 45000ms exceeded
  Target API URL: https://dev-ux-linux-ezabgbfbfxh3gggs.southindia-01.azurewebsites.net/api/Programs/GetAllProgramData
--------------------------------------------------------------------------------
[Failed Hit #1526] Hit ID: 266 | Status: 500 | Time: 46035ms | Error: Timeout 45000ms exceeded
  Target API URL: https://dev-ux-linux-ezabgbfbfxh3gggs.southindia-01.azurewebsites.net/api/Programs/GetAllProgramData
--------------------------------------------------------------------------------
[Failed Hit #1527] Hit ID: 267 | Status: 500 | Time: 46034ms | Error: Timeout 45000ms exceeded
  Target API URL: https://dev-ux-linux-ezabgbfbfxh3gggs.southindia-01.azurewebsites.net/api/Programs/GetAllProgramData
--------------------------------------------------------------------------------
[Failed Hit #1528] Hit ID: 268 | Status: 500 | Time: 46033ms | Error: Timeout 45000ms exceeded
  Target API URL: https://dev-ux-linux-ezabgbfbfxh3gggs.southindia-01.azurewebsites.net/api/Programs/GetAllProgramData
--------------------------------------------------------------------------------
[Failed Hit #1529] Hit ID: 269 | Status: 500 | Time: 46032ms | Error: Timeout 45000ms exceeded
  Target API URL: https://dev-ux-linux-ezabgbfbfxh3gggs.southindia-01.azurewebsites.net/api/Programs/GetAllProgramData
--------------------------------------------------------------------------------
[Failed Hit #1530] Hit ID: 270 | Status: 500 | Time: 46031ms | Error: Timeout 45000ms exceeded
  Target API URL: https://dev-ux-linux-ezabgbfbfxh3gggs.southindia-01.azurewebsites.net/api/Programs/GetAllProgramData
--------------------------------------------------------------------------------
[Failed Hit #1531] Hit ID: 271 | Status: 500 | Time: 46030ms | Error: Timeout 45000ms exceeded
  Target API URL: https://dev-ux-linux-ezabgbfbfxh3gggs.southindia-01.azurewebsites.net/api/Programs/GetAllProgramData
--------------------------------------------------------------------------------
[Failed Hit #1532] Hit ID: 272 | Status: 500 | Time: 46029ms | Error: Timeout 45000ms exceeded
  Target API URL: https://dev-ux-linux-ezabgbfbfxh3gggs.southindia-01.azurewebsites.net/api/Programs/GetAllProgramData
--------------------------------------------------------------------------------
[Failed Hit #1533] Hit ID: 273 | Status: 500 | Time: 46028ms | Error: Timeout 45000ms exceeded
  Target API URL: https://dev-ux-linux-ezabgbfbfxh3gggs.southindia-01.azurewebsites.net/api/Programs/GetAllProgramData
--------------------------------------------------------------------------------
[Failed Hit #1534] Hit ID: 274 | Status: 500 | Time: 46027ms | Error: Timeout 45000ms exceeded
  Target API URL: https://dev-ux-linux-ezabgbfbfxh3gggs.southindia-01.azurewebsites.net/api/Programs/GetAllProgramData
--------------------------------------------------------------------------------
[Failed Hit #1535] Hit ID: 275 | Status: 500 | Time: 46026ms | Error: Timeout 45000ms exceeded
  Target API URL: https://dev-ux-linux-ezabgbfbfxh3gggs.southindia-01.azurewebsites.net/api/Programs/GetAllProgramData
--------------------------------------------------------------------------------
[Failed Hit #1536] Hit ID: 276 | Status: 500 | Time: 46025ms | Error: Timeout 45000ms exceeded
  Target API URL: https://dev-ux-linux-ezabgbfbfxh3gggs.southindia-01.azurewebsites.net/api/Programs/GetAllProgramData
--------------------------------------------------------------------------------
[Failed Hit #1537] Hit ID: 277 | Status: 500 | Time: 46024ms | Error: Timeout 45000ms exceeded
  Target API URL: https://dev-ux-linux-ezabgbfbfxh3gggs.southindia-01.azurewebsites.net/api/Programs/GetAllProgramData
--------------------------------------------------------------------------------
[Failed Hit #1538] Hit ID: 278 | Status: 500 | Time: 46024ms | Error: Timeout 45000ms exceeded
  Target API URL: https://dev-ux-linux-ezabgbfbfxh3gggs.southindia-01.azurewebsites.net/api/Programs/GetAllProgramData
--------------------------------------------------------------------------------
[Failed Hit #1539] Hit ID: 279 | Status: 500 | Time: 46022ms | Error: Timeout 45000ms exceeded
  Target API URL: https://dev-ux-linux-ezabgbfbfxh3gggs.southindia-01.azurewebsites.net/api/Programs/GetAllProgramData
--------------------------------------------------------------------------------
[Failed Hit #1540] Hit ID: 281 | Status: 500 | Time: 46020ms | Error: Timeout 45000ms exceeded
  Target API URL: https://dev-ux-linux-ezabgbfbfxh3gggs.southindia-01.azurewebsites.net/api/Programs/GetAllProgramData
--------------------------------------------------------------------------------
[Failed Hit #1541] Hit ID: 283 | Status: 500 | Time: 46018ms | Error: Timeout 45000ms exceeded
  Target API URL: https://dev-ux-linux-ezabgbfbfxh3gggs.southindia-01.azurewebsites.net/api/Programs/GetAllProgramData
--------------------------------------------------------------------------------
[Failed Hit #1542] Hit ID: 284 | Status: 500 | Time: 46016ms | Error: Timeout 45000ms exceeded
  Target API URL: https://dev-ux-linux-ezabgbfbfxh3gggs.southindia-01.azurewebsites.net/api/Programs/GetAllProgramData
--------------------------------------------------------------------------------
[Failed Hit #1543] Hit ID: 286 | Status: 500 | Time: 46014ms | Error: Timeout 45000ms exceeded
  Target API URL: https://dev-ux-linux-ezabgbfbfxh3gggs.southindia-01.azurewebsites.net/api/Programs/GetAllProgramData
--------------------------------------------------------------------------------
[Failed Hit #1544] Hit ID: 287 | Status: 500 | Time: 46013ms | Error: Timeout 45000ms exceeded
  Target API URL: https://dev-ux-linux-ezabgbfbfxh3gggs.southindia-01.azurewebsites.net/api/Programs/GetAllProgramData
--------------------------------------------------------------------------------
[Failed Hit #1545] Hit ID: 288 | Status: 500 | Time: 46013ms | Error: Timeout 45000ms exceeded
  Target API URL: https://dev-ux-linux-ezabgbfbfxh3gggs.southindia-01.azurewebsites.net/api/Programs/GetAllProgramData
--------------------------------------------------------------------------------
[Failed Hit #1546] Hit ID: 289 | Status: 500 | Time: 46012ms | Error: Timeout 45000ms exceeded
  Target API URL: https://dev-ux-linux-ezabgbfbfxh3gggs.southindia-01.azurewebsites.net/api/Programs/GetAllProgramData
--------------------------------------------------------------------------------
[Failed Hit #1547] Hit ID: 291 | Status: 500 | Time: 46010ms | Error: Timeout 45000ms exceeded
  Target API URL: https://dev-ux-linux-ezabgbfbfxh3gggs.southindia-01.azurewebsites.net/api/Programs/GetAllProgramData
--------------------------------------------------------------------------------
[Failed Hit #1548] Hit ID: 292 | Status: 500 | Time: 46009ms | Error: Timeout 45000ms exceeded
  Target API URL: https://dev-ux-linux-ezabgbfbfxh3gggs.southindia-01.azurewebsites.net/api/Programs/GetAllProgramData
--------------------------------------------------------------------------------
[Failed Hit #1549] Hit ID: 293 | Status: 500 | Time: 46008ms | Error: Timeout 45000ms exceeded
  Target API URL: https://dev-ux-linux-ezabgbfbfxh3gggs.southindia-01.azurewebsites.net/api/Programs/GetAllProgramData
--------------------------------------------------------------------------------
[Failed Hit #1550] Hit ID: 296 | Status: 500 | Time: 46004ms | Error: Timeout 45000ms exceeded
  Target API URL: https://dev-ux-linux-ezabgbfbfxh3gggs.southindia-01.azurewebsites.net/api/Programs/GetAllProgramData
--------------------------------------------------------------------------------
[Failed Hit #1551] Hit ID: 301 | Status: 500 | Time: 45996ms | Error: Timeout 45000ms exceeded
  Target API URL: https://dev-ux-linux-ezabgbfbfxh3gggs.southindia-01.azurewebsites.net/api/Programs/GetAllProgramData
--------------------------------------------------------------------------------
[Failed Hit #1552] Hit ID: 303 | Status: 500 | Time: 45995ms | Error: Timeout 45000ms exceeded
  Target API URL: https://dev-ux-linux-ezabgbfbfxh3gggs.southindia-01.azurewebsites.net/api/Programs/GetAllProgramData
--------------------------------------------------------------------------------
[Failed Hit #1553] Hit ID: 305 | Status: 500 | Time: 45993ms | Error: Timeout 45000ms exceeded
  Target API URL: https://dev-ux-linux-ezabgbfbfxh3gggs.southindia-01.azurewebsites.net/api/Programs/GetAllProgramData
--------------------------------------------------------------------------------
[Failed Hit #1554] Hit ID: 308 | Status: 500 | Time: 45989ms | Error: Timeout 45000ms exceeded
  Target API URL: https://dev-ux-linux-ezabgbfbfxh3gggs.southindia-01.azurewebsites.net/api/Programs/GetAllProgramData
--------------------------------------------------------------------------------
[Failed Hit #1555] Hit ID: 309 | Status: 500 | Time: 45988ms | Error: Timeout 45000ms exceeded
  Target API URL: https://dev-ux-linux-ezabgbfbfxh3gggs.southindia-01.azurewebsites.net/api/Programs/GetAllProgramData
--------------------------------------------------------------------------------
[Failed Hit #1556] Hit ID: 310 | Status: 500 | Time: 45987ms | Error: Timeout 45000ms exceeded
  Target API URL: https://dev-ux-linux-ezabgbfbfxh3gggs.southindia-01.azurewebsites.net/api/Programs/GetAllProgramData
--------------------------------------------------------------------------------
[Failed Hit #1557] Hit ID: 311 | Status: 500 | Time: 45986ms | Error: Timeout 45000ms exceeded
  Target API URL: https://dev-ux-linux-ezabgbfbfxh3gggs.southindia-01.azurewebsites.net/api/Programs/GetAllProgramData
--------------------------------------------------------------------------------
[Failed Hit #1558] Hit ID: 312 | Status: 500 | Time: 45985ms | Error: Timeout 45000ms exceeded
  Target API URL: https://dev-ux-linux-ezabgbfbfxh3gggs.southindia-01.azurewebsites.net/api/Programs/GetAllProgramData
--------------------------------------------------------------------------------
[Failed Hit #1559] Hit ID: 313 | Status: 500 | Time: 45984ms | Error: Timeout 45000ms exceeded
  Target API URL: https://dev-ux-linux-ezabgbfbfxh3gggs.southindia-01.azurewebsites.net/api/Programs/GetAllProgramData
--------------------------------------------------------------------------------
[Failed Hit #1560] Hit ID: 314 | Status: 500 | Time: 45983ms | Error: Timeout 45000ms exceeded
  Target API URL: https://dev-ux-linux-ezabgbfbfxh3gggs.southindia-01.azurewebsites.net/api/Programs/GetAllProgramData
--------------------------------------------------------------------------------
[Failed Hit #1561] Hit ID: 315 | Status: 500 | Time: 45983ms | Error: Timeout 45000ms exceeded
  Target API URL: https://dev-ux-linux-ezabgbfbfxh3gggs.southindia-01.azurewebsites.net/api/Programs/GetAllProgramData
--------------------------------------------------------------------------------
[Failed Hit #1562] Hit ID: 316 | Status: 500 | Time: 45982ms | Error: Timeout 45000ms exceeded
  Target API URL: https://dev-ux-linux-ezabgbfbfxh3gggs.southindia-01.azurewebsites.net/api/Programs/GetAllProgramData
--------------------------------------------------------------------------------
[Failed Hit #1563] Hit ID: 317 | Status: 500 | Time: 45980ms | Error: Timeout 45000ms exceeded
  Target API URL: https://dev-ux-linux-ezabgbfbfxh3gggs.southindia-01.azurewebsites.net/api/Programs/GetAllProgramData
--------------------------------------------------------------------------------
[Failed Hit #1564] Hit ID: 318 | Status: 500 | Time: 45979ms | Error: Timeout 45000ms exceeded
  Target API URL: https://dev-ux-linux-ezabgbfbfxh3gggs.southindia-01.azurewebsites.net/api/Programs/GetAllProgramData
--------------------------------------------------------------------------------
[Failed Hit #1565] Hit ID: 319 | Status: 500 | Time: 45978ms | Error: Timeout 45000ms exceeded
  Target API URL: https://dev-ux-linux-ezabgbfbfxh3gggs.southindia-01.azurewebsites.net/api/Programs/GetAllProgramData
--------------------------------------------------------------------------------
[Failed Hit #1566] Hit ID: 320 | Status: 500 | Time: 45977ms | Error: Timeout 45000ms exceeded
  Target API URL: https://dev-ux-linux-ezabgbfbfxh3gggs.southindia-01.azurewebsites.net/api/Programs/GetAllProgramData
--------------------------------------------------------------------------------
[Failed Hit #1567] Hit ID: 321 | Status: 500 | Time: 45976ms | Error: Timeout 45000ms exceeded
  Target API URL: https://dev-ux-linux-ezabgbfbfxh3gggs.southindia-01.azurewebsites.net/api/Programs/GetAllProgramData
--------------------------------------------------------------------------------
[Failed Hit #1568] Hit ID: 322 | Status: 500 | Time: 45974ms | Error: Timeout 45000ms exceeded
  Target API URL: https://dev-ux-linux-ezabgbfbfxh3gggs.southindia-01.azurewebsites.net/api/Programs/GetAllProgramData
--------------------------------------------------------------------------------
[Failed Hit #1569] Hit ID: 323 | Status: 500 | Time: 45973ms | Error: Timeout 45000ms exceeded
  Target API URL: https://dev-ux-linux-ezabgbfbfxh3gggs.southindia-01.azurewebsites.net/api/Programs/GetAllProgramData
--------------------------------------------------------------------------------
[Failed Hit #1570] Hit ID: 324 | Status: 500 | Time: 45972ms | Error: Timeout 45000ms exceeded
  Target API URL: https://dev-ux-linux-ezabgbfbfxh3gggs.southindia-01.azurewebsites.net/api/Programs/GetAllProgramData
--------------------------------------------------------------------------------
[Failed Hit #1571] Hit ID: 325 | Status: 500 | Time: 45971ms | Error: Timeout 45000ms exceeded
  Target API URL: https://dev-ux-linux-ezabgbfbfxh3gggs.southindia-01.azurewebsites.net/api/Programs/GetAllProgramData
--------------------------------------------------------------------------------
[Failed Hit #1572] Hit ID: 326 | Status: 500 | Time: 45969ms | Error: Timeout 45000ms exceeded
  Target API URL: https://dev-ux-linux-ezabgbfbfxh3gggs.southindia-01.azurewebsites.net/api/Programs/GetAllProgramData
--------------------------------------------------------------------------------
[Failed Hit #1573] Hit ID: 327 | Status: 500 | Time: 45968ms | Error: Timeout 45000ms exceeded
  Target API URL: https://dev-ux-linux-ezabgbfbfxh3gggs.southindia-01.azurewebsites.net/api/Programs/GetAllProgramData
--------------------------------------------------------------------------------
[Failed Hit #1574] Hit ID: 328 | Status: 500 | Time: 45967ms | Error: Timeout 45000ms exceeded
  Target API URL: https://dev-ux-linux-ezabgbfbfxh3gggs.southindia-01.azurewebsites.net/api/Programs/GetAllProgramData
--------------------------------------------------------------------------------
[Failed Hit #1575] Hit ID: 329 | Status: 500 | Time: 45966ms | Error: Timeout 45000ms exceeded
  Target API URL: https://dev-ux-linux-ezabgbfbfxh3gggs.southindia-01.azurewebsites.net/api/Programs/GetAllProgramData
--------------------------------------------------------------------------------
[Failed Hit #1576] Hit ID: 330 | Status: 500 | Time: 45965ms | Error: Timeout 45000ms exceeded
  Target API URL: https://dev-ux-linux-ezabgbfbfxh3gggs.southindia-01.azurewebsites.net/api/Programs/GetAllProgramData
--------------------------------------------------------------------------------
[Failed Hit #1577] Hit ID: 331 | Status: 500 | Time: 45965ms | Error: Timeout 45000ms exceeded
  Target API URL: https://dev-ux-linux-ezabgbfbfxh3gggs.southindia-01.azurewebsites.net/api/Programs/GetAllProgramData
--------------------------------------------------------------------------------
[Failed Hit #1578] Hit ID: 332 | Status: 500 | Time: 45963ms | Error: Timeout 45000ms exceeded
  Target API URL: https://dev-ux-linux-ezabgbfbfxh3gggs.southindia-01.azurewebsites.net/api/Programs/GetAllProgramData
--------------------------------------------------------------------------------
[Failed Hit #1579] Hit ID: 333 | Status: 500 | Time: 45962ms | Error: Timeout 45000ms exceeded
  Target API URL: https://dev-ux-linux-ezabgbfbfxh3gggs.southindia-01.azurewebsites.net/api/Programs/GetAllProgramData
--------------------------------------------------------------------------------
[Failed Hit #1580] Hit ID: 334 | Status: 500 | Time: 45960ms | Error: Timeout 45000ms exceeded
  Target API URL: https://dev-ux-linux-ezabgbfbfxh3gggs.southindia-01.azurewebsites.net/api/Programs/GetAllProgramData
--------------------------------------------------------------------------------
[Failed Hit #1581] Hit ID: 335 | Status: 500 | Time: 45958ms | Error: Timeout 45000ms exceeded
  Target API URL: https://dev-ux-linux-ezabgbfbfxh3gggs.southindia-01.azurewebsites.net/api/Programs/GetAllProgramData
--------------------------------------------------------------------------------
[Failed Hit #1582] Hit ID: 336 | Status: 500 | Time: 45957ms | Error: Timeout 45000ms exceeded
  Target API URL: https://dev-ux-linux-ezabgbfbfxh3gggs.southindia-01.azurewebsites.net/api/Programs/GetAllProgramData
--------------------------------------------------------------------------------
[Failed Hit #1583] Hit ID: 337 | Status: 500 | Time: 45956ms | Error: Timeout 45000ms exceeded
  Target API URL: https://dev-ux-linux-ezabgbfbfxh3gggs.southindia-01.azurewebsites.net/api/Programs/GetAllProgramData
--------------------------------------------------------------------------------
[Failed Hit #1584] Hit ID: 338 | Status: 500 | Time: 45953ms | Error: Timeout 45000ms exceeded
  Target API URL: https://dev-ux-linux-ezabgbfbfxh3gggs.southindia-01.azurewebsites.net/api/Programs/GetAllProgramData
--------------------------------------------------------------------------------
[Failed Hit #1585] Hit ID: 339 | Status: 500 | Time: 45951ms | Error: Timeout 45000ms exceeded
  Target API URL: https://dev-ux-linux-ezabgbfbfxh3gggs.southindia-01.azurewebsites.net/api/Programs/GetAllProgramData
--------------------------------------------------------------------------------
[Failed Hit #1586] Hit ID: 340 | Status: 500 | Time: 45951ms | Error: Timeout 45000ms exceeded
  Target API URL: https://dev-ux-linux-ezabgbfbfxh3gggs.southindia-01.azurewebsites.net/api/Programs/GetAllProgramData
--------------------------------------------------------------------------------
[Failed Hit #1587] Hit ID: 341 | Status: 500 | Time: 45949ms | Error: Timeout 45000ms exceeded
  Target API URL: https://dev-ux-linux-ezabgbfbfxh3gggs.southindia-01.azurewebsites.net/api/Programs/GetAllProgramData
--------------------------------------------------------------------------------
[Failed Hit #1588] Hit ID: 342 | Status: 500 | Time: 45947ms | Error: Timeout 45000ms exceeded
  Target API URL: https://dev-ux-linux-ezabgbfbfxh3gggs.southindia-01.azurewebsites.net/api/Programs/GetAllProgramData
--------------------------------------------------------------------------------
[Failed Hit #1589] Hit ID: 343 | Status: 500 | Time: 45945ms | Error: Timeout 45000ms exceeded
  Target API URL: https://dev-ux-linux-ezabgbfbfxh3gggs.southindia-01.azurewebsites.net/api/Programs/GetAllProgramData
--------------------------------------------------------------------------------
[Failed Hit #1590] Hit ID: 344 | Status: 500 | Time: 45943ms | Error: Timeout 45000ms exceeded
  Target API URL: https://dev-ux-linux-ezabgbfbfxh3gggs.southindia-01.azurewebsites.net/api/Programs/GetAllProgramData
--------------------------------------------------------------------------------
[Failed Hit #1591] Hit ID: 345 | Status: 500 | Time: 45941ms | Error: Timeout 45000ms exceeded
  Target API URL: https://dev-ux-linux-ezabgbfbfxh3gggs.southindia-01.azurewebsites.net/api/Programs/GetAllProgramData
--------------------------------------------------------------------------------
[Failed Hit #1592] Hit ID: 346 | Status: 500 | Time: 45940ms | Error: Timeout 45000ms exceeded
  Target API URL: https://dev-ux-linux-ezabgbfbfxh3gggs.southindia-01.azurewebsites.net/api/Programs/GetAllProgramData
--------------------------------------------------------------------------------
[Failed Hit #1593] Hit ID: 347 | Status: 500 | Time: 45938ms | Error: Timeout 45000ms exceeded
  Target API URL: https://dev-ux-linux-ezabgbfbfxh3gggs.southindia-01.azurewebsites.net/api/Programs/GetAllProgramData
--------------------------------------------------------------------------------
[Failed Hit #1594] Hit ID: 348 | Status: 500 | Time: 45938ms | Error: Timeout 45000ms exceeded
  Target API URL: https://dev-ux-linux-ezabgbfbfxh3gggs.southindia-01.azurewebsites.net/api/Programs/GetAllProgramData
--------------------------------------------------------------------------------
[Failed Hit #1595] Hit ID: 349 | Status: 500 | Time: 45937ms | Error: Timeout 45000ms exceeded
  Target API URL: https://dev-ux-linux-ezabgbfbfxh3gggs.southindia-01.azurewebsites.net/api/Programs/GetAllProgramData
--------------------------------------------------------------------------------
[Failed Hit #1596] Hit ID: 350 | Status: 500 | Time: 45936ms | Error: Timeout 45000ms exceeded
  Target API URL: https://dev-ux-linux-ezabgbfbfxh3gggs.southindia-01.azurewebsites.net/api/Programs/GetAllProgramData
--------------------------------------------------------------------------------
[Failed Hit #1597] Hit ID: 351 | Status: 500 | Time: 45935ms | Error: Timeout 45000ms exceeded
  Target API URL: https://dev-ux-linux-ezabgbfbfxh3gggs.southindia-01.azurewebsites.net/api/Programs/GetAllProgramData
--------------------------------------------------------------------------------
[Failed Hit #1598] Hit ID: 352 | Status: 500 | Time: 45934ms | Error: Timeout 45000ms exceeded
  Target API URL: https://dev-ux-linux-ezabgbfbfxh3gggs.southindia-01.azurewebsites.net/api/Programs/GetAllProgramData
--------------------------------------------------------------------------------
[Failed Hit #1599] Hit ID: 353 | Status: 500 | Time: 45932ms | Error: Timeout 45000ms exceeded
  Target API URL: https://dev-ux-linux-ezabgbfbfxh3gggs.southindia-01.azurewebsites.net/api/Programs/GetAllProgramData
--------------------------------------------------------------------------------
[Failed Hit #1600] Hit ID: 354 | Status: 500 | Time: 45931ms | Error: Timeout 45000ms exceeded
  Target API URL: https://dev-ux-linux-ezabgbfbfxh3gggs.southindia-01.azurewebsites.net/api/Programs/GetAllProgramData
--------------------------------------------------------------------------------
[Failed Hit #1601] Hit ID: 355 | Status: 500 | Time: 45931ms | Error: Timeout 45000ms exceeded
  Target API URL: https://dev-ux-linux-ezabgbfbfxh3gggs.southindia-01.azurewebsites.net/api/Programs/GetAllProgramData
--------------------------------------------------------------------------------
[Failed Hit #1602] Hit ID: 356 | Status: 500 | Time: 45930ms | Error: Timeout 45000ms exceeded
  Target API URL: https://dev-ux-linux-ezabgbfbfxh3gggs.southindia-01.azurewebsites.net/api/Programs/GetAllProgramData
--------------------------------------------------------------------------------
[Failed Hit #1603] Hit ID: 357 | Status: 500 | Time: 45928ms | Error: Timeout 45000ms exceeded
  Target API URL: https://dev-ux-linux-ezabgbfbfxh3gggs.southindia-01.azurewebsites.net/api/Programs/GetAllProgramData
--------------------------------------------------------------------------------
[Failed Hit #1604] Hit ID: 358 | Status: 500 | Time: 45927ms | Error: Timeout 45000ms exceeded
  Target API URL: https://dev-ux-linux-ezabgbfbfxh3gggs.southindia-01.azurewebsites.net/api/Programs/GetAllProgramData
--------------------------------------------------------------------------------
[Failed Hit #1605] Hit ID: 359 | Status: 500 | Time: 45926ms | Error: Timeout 45000ms exceeded
  Target API URL: https://dev-ux-linux-ezabgbfbfxh3gggs.southindia-01.azurewebsites.net/api/Programs/GetAllProgramData
--------------------------------------------------------------------------------
[Failed Hit #1606] Hit ID: 360 | Status: 500 | Time: 45925ms | Error: Timeout 45000ms exceeded
  Target API URL: https://dev-ux-linux-ezabgbfbfxh3gggs.southindia-01.azurewebsites.net/api/Programs/GetAllProgramData
--------------------------------------------------------------------------------
[Failed Hit #1607] Hit ID: 361 | Status: 500 | Time: 45924ms | Error: Timeout 45000ms exceeded
  Target API URL: https://dev-ux-linux-ezabgbfbfxh3gggs.southindia-01.azurewebsites.net/api/Programs/GetAllProgramData
--------------------------------------------------------------------------------
[Failed Hit #1608] Hit ID: 362 | Status: 500 | Time: 45923ms | Error: Timeout 45000ms exceeded
  Target API URL: https://dev-ux-linux-ezabgbfbfxh3gggs.southindia-01.azurewebsites.net/api/Programs/GetAllProgramData
--------------------------------------------------------------------------------
[Failed Hit #1609] Hit ID: 363 | Status: 500 | Time: 45922ms | Error: Timeout 45000ms exceeded
  Target API URL: https://dev-ux-linux-ezabgbfbfxh3gggs.southindia-01.azurewebsites.net/api/Programs/GetAllProgramData
--------------------------------------------------------------------------------
[Failed Hit #1610] Hit ID: 364 | Status: 500 | Time: 45922ms | Error: Timeout 45000ms exceeded
  Target API URL: https://dev-ux-linux-ezabgbfbfxh3gggs.southindia-01.azurewebsites.net/api/Programs/GetAllProgramData
--------------------------------------------------------------------------------
[Failed Hit #1611] Hit ID: 365 | Status: 500 | Time: 45921ms | Error: Timeout 45000ms exceeded
  Target API URL: https://dev-ux-linux-ezabgbfbfxh3gggs.southindia-01.azurewebsites.net/api/Programs/GetAllProgramData
--------------------------------------------------------------------------------
[Failed Hit #1612] Hit ID: 366 | Status: 500 | Time: 45920ms | Error: Timeout 45000ms exceeded
  Target API URL: https://dev-ux-linux-ezabgbfbfxh3gggs.southindia-01.azurewebsites.net/api/Programs/GetAllProgramData
--------------------------------------------------------------------------------
[Failed Hit #1613] Hit ID: 367 | Status: 500 | Time: 45918ms | Error: Timeout 45000ms exceeded
  Target API URL: https://dev-ux-linux-ezabgbfbfxh3gggs.southindia-01.azurewebsites.net/api/Programs/GetAllProgramData
--------------------------------------------------------------------------------
[Failed Hit #1614] Hit ID: 368 | Status: 500 | Time: 45917ms | Error: Timeout 45000ms exceeded
  Target API URL: https://dev-ux-linux-ezabgbfbfxh3gggs.southindia-01.azurewebsites.net/api/Programs/GetAllProgramData
--------------------------------------------------------------------------------
[Failed Hit #1615] Hit ID: 369 | Status: 500 | Time: 45916ms | Error: Timeout 45000ms exceeded
  Target API URL: https://dev-ux-linux-ezabgbfbfxh3gggs.southindia-01.azurewebsites.net/api/Programs/GetAllProgramData
--------------------------------------------------------------------------------
[Failed Hit #1616] Hit ID: 370 | Status: 500 | Time: 45915ms | Error: Timeout 45000ms exceeded
  Target API URL: https://dev-ux-linux-ezabgbfbfxh3gggs.southindia-01.azurewebsites.net/api/Programs/GetAllProgramData
--------------------------------------------------------------------------------
[Failed Hit #1617] Hit ID: 371 | Status: 500 | Time: 45914ms | Error: Timeout 45000ms exceeded
  Target API URL: https://dev-ux-linux-ezabgbfbfxh3gggs.southindia-01.azurewebsites.net/api/Programs/GetAllProgramData
--------------------------------------------------------------------------------
[Failed Hit #1618] Hit ID: 372 | Status: 500 | Time: 45912ms | Error: Timeout 45000ms exceeded
  Target API URL: https://dev-ux-linux-ezabgbfbfxh3gggs.southindia-01.azurewebsites.net/api/Programs/GetAllProgramData
--------------------------------------------------------------------------------
[Failed Hit #1619] Hit ID: 373 | Status: 500 | Time: 45912ms | Error: Timeout 45000ms exceeded
  Target API URL: https://dev-ux-linux-ezabgbfbfxh3gggs.southindia-01.azurewebsites.net/api/Programs/GetAllProgramData
--------------------------------------------------------------------------------
[Failed Hit #1620] Hit ID: 374 | Status: 500 | Time: 45911ms | Error: Timeout 45000ms exceeded
  Target API URL: https://dev-ux-linux-ezabgbfbfxh3gggs.southindia-01.azurewebsites.net/api/Programs/GetAllProgramData
--------------------------------------------------------------------------------
[Failed Hit #1621] Hit ID: 375 | Status: 500 | Time: 45910ms | Error: Timeout 45000ms exceeded
  Target API URL: https://dev-ux-linux-ezabgbfbfxh3gggs.southindia-01.azurewebsites.net/api/Programs/GetAllProgramData
--------------------------------------------------------------------------------
[Failed Hit #1622] Hit ID: 376 | Status: 500 | Time: 45909ms | Error: Timeout 45000ms exceeded
  Target API URL: https://dev-ux-linux-ezabgbfbfxh3gggs.southindia-01.azurewebsites.net/api/Programs/GetAllProgramData
--------------------------------------------------------------------------------
[Failed Hit #1623] Hit ID: 377 | Status: 500 | Time: 45908ms | Error: Timeout 45000ms exceeded
  Target API URL: https://dev-ux-linux-ezabgbfbfxh3gggs.southindia-01.azurewebsites.net/api/Programs/GetAllProgramData
--------------------------------------------------------------------------------
[Failed Hit #1624] Hit ID: 378 | Status: 500 | Time: 45905ms | Error: Timeout 45000ms exceeded
  Target API URL: https://dev-ux-linux-ezabgbfbfxh3gggs.southindia-01.azurewebsites.net/api/Programs/GetAllProgramData
--------------------------------------------------------------------------------
[Failed Hit #1625] Hit ID: 379 | Status: 500 | Time: 45904ms | Error: Timeout 45000ms exceeded
  Target API URL: https://dev-ux-linux-ezabgbfbfxh3gggs.southindia-01.azurewebsites.net/api/Programs/GetAllProgramData
--------------------------------------------------------------------------------
[Failed Hit #1626] Hit ID: 380 | Status: 500 | Time: 45904ms | Error: Timeout 45000ms exceeded
  Target API URL: https://dev-ux-linux-ezabgbfbfxh3gggs.southindia-01.azurewebsites.net/api/Programs/GetAllProgramData
--------------------------------------------------------------------------------
[Failed Hit #1627] Hit ID: 381 | Status: 500 | Time: 45902ms | Error: Timeout 45000ms exceeded
  Target API URL: https://dev-ux-linux-ezabgbfbfxh3gggs.southindia-01.azurewebsites.net/api/Programs/GetAllProgramData
--------------------------------------------------------------------------------
[Failed Hit #1628] Hit ID: 382 | Status: 500 | Time: 45901ms | Error: Timeout 45000ms exceeded
  Target API URL: https://dev-ux-linux-ezabgbfbfxh3gggs.southindia-01.azurewebsites.net/api/Programs/GetAllProgramData
--------------------------------------------------------------------------------
[Failed Hit #1629] Hit ID: 383 | Status: 500 | Time: 45900ms | Error: Timeout 45000ms exceeded
  Target API URL: https://dev-ux-linux-ezabgbfbfxh3gggs.southindia-01.azurewebsites.net/api/Programs/GetAllProgramData
--------------------------------------------------------------------------------
[Failed Hit #1630] Hit ID: 384 | Status: 500 | Time: 45899ms | Error: Timeout 45000ms exceeded
  Target API URL: https://dev-ux-linux-ezabgbfbfxh3gggs.southindia-01.azurewebsites.net/api/Programs/GetAllProgramData
--------------------------------------------------------------------------------
[Failed Hit #1631] Hit ID: 385 | Status: 500 | Time: 45898ms | Error: Timeout 45000ms exceeded
  Target API URL: https://dev-ux-linux-ezabgbfbfxh3gggs.southindia-01.azurewebsites.net/api/Programs/GetAllProgramData
--------------------------------------------------------------------------------
[Failed Hit #1632] Hit ID: 386 | Status: 500 | Time: 45897ms | Error: Timeout 45000ms exceeded
  Target API URL: https://dev-ux-linux-ezabgbfbfxh3gggs.southindia-01.azurewebsites.net/api/Programs/GetAllProgramData
--------------------------------------------------------------------------------
[Failed Hit #1633] Hit ID: 387 | Status: 500 | Time: 45896ms | Error: Timeout 45000ms exceeded
  Target API URL: https://dev-ux-linux-ezabgbfbfxh3gggs.southindia-01.azurewebsites.net/api/Programs/GetAllProgramData
--------------------------------------------------------------------------------
[Failed Hit #1634] Hit ID: 389 | Status: 500 | Time: 45894ms | Error: Timeout 45000ms exceeded
  Target API URL: https://dev-ux-linux-ezabgbfbfxh3gggs.southindia-01.azurewebsites.net/api/Programs/GetAllProgramData
--------------------------------------------------------------------------------
[Failed Hit #1635] Hit ID: 390 | Status: 500 | Time: 45894ms | Error: Timeout 45000ms exceeded
  Target API URL: https://dev-ux-linux-ezabgbfbfxh3gggs.southindia-01.azurewebsites.net/api/Programs/GetAllProgramData
--------------------------------------------------------------------------------
[Failed Hit #1636] Hit ID: 395 | Status: 500 | Time: 45888ms | Error: Timeout 45000ms exceeded
  Target API URL: https://dev-ux-linux-ezabgbfbfxh3gggs.southindia-01.azurewebsites.net/api/Programs/GetAllProgramData
--------------------------------------------------------------------------------
[Failed Hit #1637] Hit ID: 398 | Status: 500 | Time: 45884ms | Error: Timeout 45000ms exceeded
  Target API URL: https://dev-ux-linux-ezabgbfbfxh3gggs.southindia-01.azurewebsites.net/api/Programs/GetAllProgramData
--------------------------------------------------------------------------------
[Failed Hit #1638] Hit ID: 400 | Status: 500 | Time: 45882ms | Error: Timeout 45000ms exceeded
  Target API URL: https://dev-ux-linux-ezabgbfbfxh3gggs.southindia-01.azurewebsites.net/api/Programs/GetAllProgramData
--------------------------------------------------------------------------------
[Failed Hit #1639] Hit ID: 402 | Status: 500 | Time: 45880ms | Error: Timeout 45000ms exceeded
  Target API URL: https://dev-ux-linux-ezabgbfbfxh3gggs.southindia-01.azurewebsites.net/api/Programs/GetAllProgramData
--------------------------------------------------------------------------------
[Failed Hit #1640] Hit ID: 403 | Status: 500 | Time: 45879ms | Error: Timeout 45000ms exceeded
  Target API URL: https://dev-ux-linux-ezabgbfbfxh3gggs.southindia-01.azurewebsites.net/api/Programs/GetAllProgramData
--------------------------------------------------------------------------------
[Failed Hit #1641] Hit ID: 408 | Status: 500 | Time: 45873ms | Error: Timeout 45000ms exceeded
  Target API URL: https://dev-ux-linux-ezabgbfbfxh3gggs.southindia-01.azurewebsites.net/api/Programs/GetAllProgramData
--------------------------------------------------------------------------------
[Failed Hit #1642] Hit ID: 412 | Status: 500 | Time: 45869ms | Error: Timeout 45000ms exceeded
  Target API URL: https://dev-ux-linux-ezabgbfbfxh3gggs.southindia-01.azurewebsites.net/api/Programs/GetAllProgramData
--------------------------------------------------------------------------------
[Failed Hit #1643] Hit ID: 413 | Status: 500 | Time: 45869ms | Error: Timeout 45000ms exceeded
  Target API URL: https://dev-ux-linux-ezabgbfbfxh3gggs.southindia-01.azurewebsites.net/api/Programs/GetAllProgramData
--------------------------------------------------------------------------------
[Failed Hit #1644] Hit ID: 417 | Status: 500 | Time: 45864ms | Error: Timeout 45000ms exceeded
  Target API URL: https://dev-ux-linux-ezabgbfbfxh3gggs.southindia-01.azurewebsites.net/api/Programs/GetAllProgramData
--------------------------------------------------------------------------------
[Failed Hit #1645] Hit ID: 418 | Status: 500 | Time: 45862ms | Error: Timeout 45000ms exceeded
  Target API URL: https://dev-ux-linux-ezabgbfbfxh3gggs.southindia-01.azurewebsites.net/api/Programs/GetAllProgramData
--------------------------------------------------------------------------------
[Failed Hit #1646] Hit ID: 419 | Status: 500 | Time: 45861ms | Error: Timeout 45000ms exceeded
  Target API URL: https://dev-ux-linux-ezabgbfbfxh3gggs.southindia-01.azurewebsites.net/api/Programs/GetAllProgramData
--------------------------------------------------------------------------------
[Failed Hit #1647] Hit ID: 420 | Status: 500 | Time: 45859ms | Error: Timeout 45000ms exceeded
  Target API URL: https://dev-ux-linux-ezabgbfbfxh3gggs.southindia-01.azurewebsites.net/api/Programs/GetAllProgramData
--------------------------------------------------------------------------------
[Failed Hit #1648] Hit ID: 423 | Status: 500 | Time: 45856ms | Error: Timeout 45000ms exceeded
  Target API URL: https://dev-ux-linux-ezabgbfbfxh3gggs.southindia-01.azurewebsites.net/api/Programs/GetAllProgramData
--------------------------------------------------------------------------------
[Failed Hit #1649] Hit ID: 428 | Status: 500 | Time: 45850ms | Error: Timeout 45000ms exceeded
  Target API URL: https://dev-ux-linux-ezabgbfbfxh3gggs.southindia-01.azurewebsites.net/api/Programs/GetAllProgramData
--------------------------------------------------------------------------------
[Failed Hit #1650] Hit ID: 431 | Status: 500 | Time: 45846ms | Error: Timeout 45000ms exceeded
  Target API URL: https://dev-ux-linux-ezabgbfbfxh3gggs.southindia-01.azurewebsites.net/api/Programs/GetAllProgramData
--------------------------------------------------------------------------------
[Failed Hit #1651] Hit ID: 432 | Status: 500 | Time: 45846ms | Error: Timeout 45000ms exceeded
  Target API URL: https://dev-ux-linux-ezabgbfbfxh3gggs.southindia-01.azurewebsites.net/api/Programs/GetAllProgramData
--------------------------------------------------------------------------------
[Failed Hit #1652] Hit ID: 435 | Status: 500 | Time: 45843ms | Error: Timeout 45000ms exceeded
  Target API URL: https://dev-ux-linux-ezabgbfbfxh3gggs.southindia-01.azurewebsites.net/api/Programs/GetAllProgramData
--------------------------------------------------------------------------------
[Failed Hit #1653] Hit ID: 437 | Status: 500 | Time: 45841ms | Error: Timeout 45000ms exceeded
  Target API URL: https://dev-ux-linux-ezabgbfbfxh3gggs.southindia-01.azurewebsites.net/api/Programs/GetAllProgramData
--------------------------------------------------------------------------------
[Failed Hit #1654] Hit ID: 438 | Status: 500 | Time: 45840ms | Error: Timeout 45000ms exceeded
  Target API URL: https://dev-ux-linux-ezabgbfbfxh3gggs.southindia-01.azurewebsites.net/api/Programs/GetAllProgramData
--------------------------------------------------------------------------------
[Failed Hit #1655] Hit ID: 439 | Status: 500 | Time: 45839ms | Error: Timeout 45000ms exceeded
  Target API URL: https://dev-ux-linux-ezabgbfbfxh3gggs.southindia-01.azurewebsites.net/api/Programs/GetAllProgramData
--------------------------------------------------------------------------------
[Failed Hit #1656] Hit ID: 440 | Status: 500 | Time: 45838ms | Error: Timeout 45000ms exceeded
  Target API URL: https://dev-ux-linux-ezabgbfbfxh3gggs.southindia-01.azurewebsites.net/api/Programs/GetAllProgramData
--------------------------------------------------------------------------------
[Failed Hit #1657] Hit ID: 442 | Status: 500 | Time: 45836ms | Error: Timeout 45000ms exceeded
  Target API URL: https://dev-ux-linux-ezabgbfbfxh3gggs.southindia-01.azurewebsites.net/api/Programs/GetAllProgramData
--------------------------------------------------------------------------------
[Failed Hit #1658] Hit ID: 443 | Status: 500 | Time: 45835ms | Error: Timeout 45000ms exceeded
  Target API URL: https://dev-ux-linux-ezabgbfbfxh3gggs.southindia-01.azurewebsites.net/api/Programs/GetAllProgramData
--------------------------------------------------------------------------------
[Failed Hit #1659] Hit ID: 444 | Status: 500 | Time: 45834ms | Error: Timeout 45000ms exceeded
  Target API URL: https://dev-ux-linux-ezabgbfbfxh3gggs.southindia-01.azurewebsites.net/api/Programs/GetAllProgramData
--------------------------------------------------------------------------------
[Failed Hit #1660] Hit ID: 447 | Status: 500 | Time: 45831ms | Error: Timeout 45000ms exceeded
  Target API URL: https://dev-ux-linux-ezabgbfbfxh3gggs.southindia-01.azurewebsites.net/api/Programs/GetAllProgramData
--------------------------------------------------------------------------------
[Failed Hit #1661] Hit ID: 448 | Status: 500 | Time: 45829ms | Error: Timeout 45000ms exceeded
  Target API URL: https://dev-ux-linux-ezabgbfbfxh3gggs.southindia-01.azurewebsites.net/api/Programs/GetAllProgramData
--------------------------------------------------------------------------------
[Failed Hit #1662] Hit ID: 452 | Status: 500 | Time: 45825ms | Error: Timeout 45000ms exceeded
  Target API URL: https://dev-ux-linux-ezabgbfbfxh3gggs.southindia-01.azurewebsites.net/api/Programs/GetAllProgramData
--------------------------------------------------------------------------------
[Failed Hit #1663] Hit ID: 453 | Status: 500 | Time: 45824ms | Error: Timeout 45000ms exceeded
  Target API URL: https://dev-ux-linux-ezabgbfbfxh3gggs.southindia-01.azurewebsites.net/api/Programs/GetAllProgramData
--------------------------------------------------------------------------------
[Failed Hit #1664] Hit ID: 454 | Status: 500 | Time: 45823ms | Error: Timeout 45000ms exceeded
  Target API URL: https://dev-ux-linux-ezabgbfbfxh3gggs.southindia-01.azurewebsites.net/api/Programs/GetAllProgramData
--------------------------------------------------------------------------------
[Failed Hit #1665] Hit ID: 455 | Status: 500 | Time: 45822ms | Error: Timeout 45000ms exceeded
  Target API URL: https://dev-ux-linux-ezabgbfbfxh3gggs.southindia-01.azurewebsites.net/api/Programs/GetAllProgramData
--------------------------------------------------------------------------------
[Failed Hit #1666] Hit ID: 456 | Status: 500 | Time: 45821ms | Error: Timeout 45000ms exceeded
  Target API URL: https://dev-ux-linux-ezabgbfbfxh3gggs.southindia-01.azurewebsites.net/api/Programs/GetAllProgramData
--------------------------------------------------------------------------------
[Failed Hit #1667] Hit ID: 457 | Status: 500 | Time: 45819ms | Error: Timeout 45000ms exceeded
  Target API URL: https://dev-ux-linux-ezabgbfbfxh3gggs.southindia-01.azurewebsites.net/api/Programs/GetAllProgramData
--------------------------------------------------------------------------------
[Failed Hit #1668] Hit ID: 458 | Status: 500 | Time: 45816ms | Error: Timeout 45000ms exceeded
  Target API URL: https://dev-ux-linux-ezabgbfbfxh3gggs.southindia-01.azurewebsites.net/api/Programs/GetAllProgramData
--------------------------------------------------------------------------------
[Failed Hit #1669] Hit ID: 459 | Status: 500 | Time: 45814ms | Error: Timeout 45000ms exceeded
  Target API URL: https://dev-ux-linux-ezabgbfbfxh3gggs.southindia-01.azurewebsites.net/api/Programs/GetAllProgramData
--------------------------------------------------------------------------------
[Failed Hit #1670] Hit ID: 460 | Status: 500 | Time: 45813ms | Error: Timeout 45000ms exceeded
  Target API URL: https://dev-ux-linux-ezabgbfbfxh3gggs.southindia-01.azurewebsites.net/api/Programs/GetAllProgramData
--------------------------------------------------------------------------------
[Failed Hit #1671] Hit ID: 461 | Status: 500 | Time: 45811ms | Error: Timeout 45000ms exceeded
  Target API URL: https://dev-ux-linux-ezabgbfbfxh3gggs.southindia-01.azurewebsites.net/api/Programs/GetAllProgramData
--------------------------------------------------------------------------------
[Failed Hit #1672] Hit ID: 462 | Status: 500 | Time: 45809ms | Error: Timeout 45000ms exceeded
  Target API URL: https://dev-ux-linux-ezabgbfbfxh3gggs.southindia-01.azurewebsites.net/api/Programs/GetAllProgramData
--------------------------------------------------------------------------------
[Failed Hit #1673] Hit ID: 463 | Status: 500 | Time: 45808ms | Error: Timeout 45000ms exceeded
  Target API URL: https://dev-ux-linux-ezabgbfbfxh3gggs.southindia-01.azurewebsites.net/api/Programs/GetAllProgramData
--------------------------------------------------------------------------------
[Failed Hit #1674] Hit ID: 464 | Status: 500 | Time: 45805ms | Error: Timeout 45000ms exceeded
  Target API URL: https://dev-ux-linux-ezabgbfbfxh3gggs.southindia-01.azurewebsites.net/api/Programs/GetAllProgramData
--------------------------------------------------------------------------------
[Failed Hit #1675] Hit ID: 465 | Status: 500 | Time: 45804ms | Error: Timeout 45000ms exceeded
  Target API URL: https://dev-ux-linux-ezabgbfbfxh3gggs.southindia-01.azurewebsites.net/api/Programs/GetAllProgramData
--------------------------------------------------------------------------------
[Failed Hit #1676] Hit ID: 466 | Status: 500 | Time: 45802ms | Error: Timeout 45000ms exceeded
  Target API URL: https://dev-ux-linux-ezabgbfbfxh3gggs.southindia-01.azurewebsites.net/api/Programs/GetAllProgramData
--------------------------------------------------------------------------------
[Failed Hit #1677] Hit ID: 467 | Status: 500 | Time: 45802ms | Error: Timeout 45000ms exceeded
  Target API URL: https://dev-ux-linux-ezabgbfbfxh3gggs.southindia-01.azurewebsites.net/api/Programs/GetAllProgramData
--------------------------------------------------------------------------------
[Failed Hit #1678] Hit ID: 468 | Status: 500 | Time: 45800ms | Error: Timeout 45000ms exceeded
  Target API URL: https://dev-ux-linux-ezabgbfbfxh3gggs.southindia-01.azurewebsites.net/api/Programs/GetAllProgramData
--------------------------------------------------------------------------------
[Failed Hit #1679] Hit ID: 469 | Status: 500 | Time: 45798ms | Error: Timeout 45000ms exceeded
  Target API URL: https://dev-ux-linux-ezabgbfbfxh3gggs.southindia-01.azurewebsites.net/api/Programs/GetAllProgramData
--------------------------------------------------------------------------------
[Failed Hit #1680] Hit ID: 470 | Status: 500 | Time: 45796ms | Error: Timeout 45000ms exceeded
  Target API URL: https://dev-ux-linux-ezabgbfbfxh3gggs.southindia-01.azurewebsites.net/api/Programs/GetAllProgramData
--------------------------------------------------------------------------------
[Failed Hit #1681] Hit ID: 471 | Status: 500 | Time: 45795ms | Error: Timeout 45000ms exceeded
  Target API URL: https://dev-ux-linux-ezabgbfbfxh3gggs.southindia-01.azurewebsites.net/api/Programs/GetAllProgramData
--------------------------------------------------------------------------------
[Failed Hit #1682] Hit ID: 472 | Status: 500 | Time: 45794ms | Error: Timeout 45000ms exceeded
  Target API URL: https://dev-ux-linux-ezabgbfbfxh3gggs.southindia-01.azurewebsites.net/api/Programs/GetAllProgramData
--------------------------------------------------------------------------------
[Failed Hit #1683] Hit ID: 473 | Status: 500 | Time: 45792ms | Error: Timeout 45000ms exceeded
  Target API URL: https://dev-ux-linux-ezabgbfbfxh3gggs.southindia-01.azurewebsites.net/api/Programs/GetAllProgramData
--------------------------------------------------------------------------------
[Failed Hit #1684] Hit ID: 474 | Status: 500 | Time: 45791ms | Error: Timeout 45000ms exceeded
  Target API URL: https://dev-ux-linux-ezabgbfbfxh3gggs.southindia-01.azurewebsites.net/api/Programs/GetAllProgramData
--------------------------------------------------------------------------------
[Failed Hit #1685] Hit ID: 475 | Status: 500 | Time: 45789ms | Error: Timeout 45000ms exceeded
  Target API URL: https://dev-ux-linux-ezabgbfbfxh3gggs.southindia-01.azurewebsites.net/api/Programs/GetAllProgramData
--------------------------------------------------------------------------------
[Failed Hit #1686] Hit ID: 476 | Status: 500 | Time: 45788ms | Error: Timeout 45000ms exceeded
  Target API URL: https://dev-ux-linux-ezabgbfbfxh3gggs.southindia-01.azurewebsites.net/api/Programs/GetAllProgramData
--------------------------------------------------------------------------------
[Failed Hit #1687] Hit ID: 477 | Status: 500 | Time: 45786ms | Error: Timeout 45000ms exceeded
  Target API URL: https://dev-ux-linux-ezabgbfbfxh3gggs.southindia-01.azurewebsites.net/api/Programs/GetAllProgramData
--------------------------------------------------------------------------------
[Failed Hit #1688] Hit ID: 478 | Status: 500 | Time: 45784ms | Error: Timeout 45000ms exceeded
  Target API URL: https://dev-ux-linux-ezabgbfbfxh3gggs.southindia-01.azurewebsites.net/api/Programs/GetAllProgramData
--------------------------------------------------------------------------------
[Failed Hit #1689] Hit ID: 479 | Status: 500 | Time: 45783ms | Error: Timeout 45000ms exceeded
  Target API URL: https://dev-ux-linux-ezabgbfbfxh3gggs.southindia-01.azurewebsites.net/api/Programs/GetAllProgramData
--------------------------------------------------------------------------------
[Failed Hit #1690] Hit ID: 480 | Status: 500 | Time: 45781ms | Error: Timeout 45000ms exceeded
  Target API URL: https://dev-ux-linux-ezabgbfbfxh3gggs.southindia-01.azurewebsites.net/api/Programs/GetAllProgramData
--------------------------------------------------------------------------------
[Failed Hit #1691] Hit ID: 481 | Status: 500 | Time: 45781ms | Error: Timeout 45000ms exceeded
  Target API URL: https://dev-ux-linux-ezabgbfbfxh3gggs.southindia-01.azurewebsites.net/api/Programs/GetAllProgramData
--------------------------------------------------------------------------------
[Failed Hit #1692] Hit ID: 483 | Status: 500 | Time: 45778ms | Error: Timeout 45000ms exceeded
  Target API URL: https://dev-ux-linux-ezabgbfbfxh3gggs.southindia-01.azurewebsites.net/api/Programs/GetAllProgramData
--------------------------------------------------------------------------------
[Failed Hit #1693] Hit ID: 484 | Status: 500 | Time: 45776ms | Error: Timeout 45000ms exceeded
  Target API URL: https://dev-ux-linux-ezabgbfbfxh3gggs.southindia-01.azurewebsites.net/api/Programs/GetAllProgramData
--------------------------------------------------------------------------------
[Failed Hit #1694] Hit ID: 485 | Status: 500 | Time: 45774ms | Error: Timeout 45000ms exceeded
  Target API URL: https://dev-ux-linux-ezabgbfbfxh3gggs.southindia-01.azurewebsites.net/api/Programs/GetAllProgramData
--------------------------------------------------------------------------------
[Failed Hit #1695] Hit ID: 486 | Status: 500 | Time: 45772ms | Error: Timeout 45000ms exceeded
  Target API URL: https://dev-ux-linux-ezabgbfbfxh3gggs.southindia-01.azurewebsites.net/api/Programs/GetAllProgramData
--------------------------------------------------------------------------------
[Failed Hit #1696] Hit ID: 487 | Status: 500 | Time: 45770ms | Error: Timeout 45000ms exceeded
  Target API URL: https://dev-ux-linux-ezabgbfbfxh3gggs.southindia-01.azurewebsites.net/api/Programs/GetAllProgramData
--------------------------------------------------------------------------------
[Failed Hit #1697] Hit ID: 488 | Status: 500 | Time: 45769ms | Error: Timeout 45000ms exceeded
  Target API URL: https://dev-ux-linux-ezabgbfbfxh3gggs.southindia-01.azurewebsites.net/api/Programs/GetAllProgramData
--------------------------------------------------------------------------------
[Failed Hit #1698] Hit ID: 489 | Status: 500 | Time: 45767ms | Error: Timeout 45000ms exceeded
  Target API URL: https://dev-ux-linux-ezabgbfbfxh3gggs.southindia-01.azurewebsites.net/api/Programs/GetAllProgramData
--------------------------------------------------------------------------------
[Failed Hit #1699] Hit ID: 490 | Status: 500 | Time: 45766ms | Error: Timeout 45000ms exceeded
  Target API URL: https://dev-ux-linux-ezabgbfbfxh3gggs.southindia-01.azurewebsites.net/api/Programs/GetAllProgramData
--------------------------------------------------------------------------------
[Failed Hit #1700] Hit ID: 491 | Status: 500 | Time: 45765ms | Error: Timeout 45000ms exceeded
  Target API URL: https://dev-ux-linux-ezabgbfbfxh3gggs.southindia-01.azurewebsites.net/api/Programs/GetAllProgramData
--------------------------------------------------------------------------------
[Failed Hit #1701] Hit ID: 492 | Status: 500 | Time: 45763ms | Error: Timeout 45000ms exceeded
  Target API URL: https://dev-ux-linux-ezabgbfbfxh3gggs.southindia-01.azurewebsites.net/api/Programs/GetAllProgramData
--------------------------------------------------------------------------------
[Failed Hit #1702] Hit ID: 493 | Status: 500 | Time: 45761ms | Error: Timeout 45000ms exceeded
  Target API URL: https://dev-ux-linux-ezabgbfbfxh3gggs.southindia-01.azurewebsites.net/api/Programs/GetAllProgramData
--------------------------------------------------------------------------------
[Failed Hit #1703] Hit ID: 494 | Status: 500 | Time: 45760ms | Error: Timeout 45000ms exceeded
  Target API URL: https://dev-ux-linux-ezabgbfbfxh3gggs.southindia-01.azurewebsites.net/api/Programs/GetAllProgramData
--------------------------------------------------------------------------------
[Failed Hit #1704] Hit ID: 495 | Status: 500 | Time: 45758ms | Error: Timeout 45000ms exceeded
  Target API URL: https://dev-ux-linux-ezabgbfbfxh3gggs.southindia-01.azurewebsites.net/api/Programs/GetAllProgramData
--------------------------------------------------------------------------------
[Failed Hit #1705] Hit ID: 496 | Status: 500 | Time: 45756ms | Error: Timeout 45000ms exceeded
  Target API URL: https://dev-ux-linux-ezabgbfbfxh3gggs.southindia-01.azurewebsites.net/api/Programs/GetAllProgramData
--------------------------------------------------------------------------------
[Failed Hit #1706] Hit ID: 497 | Status: 500 | Time: 45755ms | Error: Timeout 45000ms exceeded
  Target API URL: https://dev-ux-linux-ezabgbfbfxh3gggs.southindia-01.azurewebsites.net/api/Programs/GetAllProgramData
--------------------------------------------------------------------------------
[Failed Hit #1707] Hit ID: 498 | Status: 500 | Time: 45752ms | Error: Timeout 45000ms exceeded
  Target API URL: https://dev-ux-linux-ezabgbfbfxh3gggs.southindia-01.azurewebsites.net/api/Programs/GetAllProgramData
--------------------------------------------------------------------------------
[Failed Hit #1708] Hit ID: 499 | Status: 500 | Time: 45751ms | Error: Timeout 45000ms exceeded
  Target API URL: https://dev-ux-linux-ezabgbfbfxh3gggs.southindia-01.azurewebsites.net/api/Programs/GetAllProgramData
--------------------------------------------------------------------------------
[Failed Hit #1709] Hit ID: 500 | Status: 500 | Time: 45749ms | Error: Timeout 45000ms exceeded
  Target API URL: https://dev-ux-linux-ezabgbfbfxh3gggs.southindia-01.azurewebsites.net/api/Programs/GetAllProgramData
--------------------------------------------------------------------------------
[Failed Hit #1710] Hit ID: 501 | Status: 500 | Time: 45747ms | Error: Timeout 45000ms exceeded
  Target API URL: https://dev-ux-linux-ezabgbfbfxh3gggs.southindia-01.azurewebsites.net/api/Programs/GetAllProgramData
--------------------------------------------------------------------------------
[Failed Hit #1711] Hit ID: 502 | Status: 500 | Time: 45746ms | Error: Timeout 45000ms exceeded
  Target API URL: https://dev-ux-linux-ezabgbfbfxh3gggs.southindia-01.azurewebsites.net/api/Programs/GetAllProgramData
--------------------------------------------------------------------------------
[Failed Hit #1712] Hit ID: 503 | Status: 500 | Time: 45744ms | Error: Timeout 45000ms exceeded
  Target API URL: https://dev-ux-linux-ezabgbfbfxh3gggs.southindia-01.azurewebsites.net/api/Programs/GetAllProgramData
--------------------------------------------------------------------------------
[Failed Hit #1713] Hit ID: 504 | Status: 500 | Time: 45743ms | Error: Timeout 45000ms exceeded
  Target API URL: https://dev-ux-linux-ezabgbfbfxh3gggs.southindia-01.azurewebsites.net/api/Programs/GetAllProgramData
--------------------------------------------------------------------------------
[Failed Hit #1714] Hit ID: 505 | Status: 500 | Time: 45742ms | Error: Timeout 45000ms exceeded
  Target API URL: https://dev-ux-linux-ezabgbfbfxh3gggs.southindia-01.azurewebsites.net/api/Programs/GetAllProgramData
--------------------------------------------------------------------------------
[Failed Hit #1715] Hit ID: 506 | Status: 500 | Time: 45741ms | Error: Timeout 45000ms exceeded
  Target API URL: https://dev-ux-linux-ezabgbfbfxh3gggs.southindia-01.azurewebsites.net/api/Programs/GetAllProgramData
--------------------------------------------------------------------------------
[Failed Hit #1716] Hit ID: 507 | Status: 500 | Time: 45739ms | Error: Timeout 45000ms exceeded
  Target API URL: https://dev-ux-linux-ezabgbfbfxh3gggs.southindia-01.azurewebsites.net/api/Programs/GetAllProgramData
--------------------------------------------------------------------------------
[Failed Hit #1717] Hit ID: 508 | Status: 500 | Time: 45738ms | Error: Timeout 45000ms exceeded
  Target API URL: https://dev-ux-linux-ezabgbfbfxh3gggs.southindia-01.azurewebsites.net/api/Programs/GetAllProgramData
--------------------------------------------------------------------------------
[Failed Hit #1718] Hit ID: 510 | Status: 500 | Time: 45735ms | Error: Timeout 45000ms exceeded
  Target API URL: https://dev-ux-linux-ezabgbfbfxh3gggs.southindia-01.azurewebsites.net/api/Programs/GetAllProgramData
--------------------------------------------------------------------------------
[Failed Hit #1719] Hit ID: 512 | Status: 500 | Time: 45731ms | Error: Timeout 45000ms exceeded
  Target API URL: https://dev-ux-linux-ezabgbfbfxh3gggs.southindia-01.azurewebsites.net/api/Programs/GetAllProgramData
--------------------------------------------------------------------------------
[Failed Hit #1720] Hit ID: 513 | Status: 500 | Time: 45733ms | Error: Timeout 45000ms exceeded
  Target API URL: https://dev-ux-linux-ezabgbfbfxh3gggs.southindia-01.azurewebsites.net/api/Programs/GetAllProgramData
--------------------------------------------------------------------------------
[Failed Hit #1721] Hit ID: 514 | Status: 500 | Time: 45731ms | Error: Timeout 45000ms exceeded
  Target API URL: https://dev-ux-linux-ezabgbfbfxh3gggs.southindia-01.azurewebsites.net/api/Programs/GetAllProgramData
--------------------------------------------------------------------------------
[Failed Hit #1722] Hit ID: 516 | Status: 500 | Time: 45728ms | Error: Timeout 45000ms exceeded
  Target API URL: https://dev-ux-linux-ezabgbfbfxh3gggs.southindia-01.azurewebsites.net/api/Programs/GetAllProgramData
--------------------------------------------------------------------------------
[Failed Hit #1723] Hit ID: 518 | Status: 500 | Time: 45725ms | Error: Timeout 45000ms exceeded
  Target API URL: https://dev-ux-linux-ezabgbfbfxh3gggs.southindia-01.azurewebsites.net/api/Programs/GetAllProgramData
--------------------------------------------------------------------------------
[Failed Hit #1724] Hit ID: 519 | Status: 500 | Time: 45723ms | Error: Timeout 45000ms exceeded
  Target API URL: https://dev-ux-linux-ezabgbfbfxh3gggs.southindia-01.azurewebsites.net/api/Programs/GetAllProgramData
--------------------------------------------------------------------------------
[Failed Hit #1725] Hit ID: 520 | Status: 500 | Time: 45723ms | Error: Timeout 45000ms exceeded
  Target API URL: https://dev-ux-linux-ezabgbfbfxh3gggs.southindia-01.azurewebsites.net/api/Programs/GetAllProgramData
--------------------------------------------------------------------------------
[Failed Hit #1726] Hit ID: 523 | Status: 500 | Time: 45719ms | Error: Timeout 45000ms exceeded
  Target API URL: https://dev-ux-linux-ezabgbfbfxh3gggs.southindia-01.azurewebsites.net/api/Programs/GetAllProgramData
--------------------------------------------------------------------------------
[Failed Hit #1727] Hit ID: 524 | Status: 500 | Time: 45718ms | Error: Timeout 45000ms exceeded
  Target API URL: https://dev-ux-linux-ezabgbfbfxh3gggs.southindia-01.azurewebsites.net/api/Programs/GetAllProgramData
--------------------------------------------------------------------------------
[Failed Hit #1728] Hit ID: 525 | Status: 500 | Time: 45717ms | Error: Timeout 45000ms exceeded
  Target API URL: https://dev-ux-linux-ezabgbfbfxh3gggs.southindia-01.azurewebsites.net/api/Programs/GetAllProgramData
--------------------------------------------------------------------------------
[Failed Hit #1729] Hit ID: 527 | Status: 500 | Time: 45715ms | Error: Timeout 45000ms exceeded
  Target API URL: https://dev-ux-linux-ezabgbfbfxh3gggs.southindia-01.azurewebsites.net/api/Programs/GetAllProgramData
--------------------------------------------------------------------------------
[Failed Hit #1730] Hit ID: 528 | Status: 500 | Time: 45714ms | Error: Timeout 45000ms exceeded
  Target API URL: https://dev-ux-linux-ezabgbfbfxh3gggs.southindia-01.azurewebsites.net/api/Programs/GetAllProgramData
--------------------------------------------------------------------------------
[Failed Hit #1731] Hit ID: 529 | Status: 500 | Time: 45714ms | Error: Timeout 45000ms exceeded
  Target API URL: https://dev-ux-linux-ezabgbfbfxh3gggs.southindia-01.azurewebsites.net/api/Programs/GetAllProgramData
--------------------------------------------------------------------------------
[Failed Hit #1732] Hit ID: 530 | Status: 500 | Time: 45713ms | Error: Timeout 45000ms exceeded
  Target API URL: https://dev-ux-linux-ezabgbfbfxh3gggs.southindia-01.azurewebsites.net/api/Programs/GetAllProgramData
--------------------------------------------------------------------------------
[Failed Hit #1733] Hit ID: 532 | Status: 500 | Time: 45711ms | Error: Timeout 45000ms exceeded
  Target API URL: https://dev-ux-linux-ezabgbfbfxh3gggs.southindia-01.azurewebsites.net/api/Programs/GetAllProgramData
--------------------------------------------------------------------------------
[Failed Hit #1734] Hit ID: 534 | Status: 500 | Time: 45708ms | Error: Timeout 45000ms exceeded
  Target API URL: https://dev-ux-linux-ezabgbfbfxh3gggs.southindia-01.azurewebsites.net/api/Programs/GetAllProgramData
--------------------------------------------------------------------------------
[Failed Hit #1735] Hit ID: 536 | Status: 500 | Time: 45705ms | Error: Timeout 45000ms exceeded
  Target API URL: https://dev-ux-linux-ezabgbfbfxh3gggs.southindia-01.azurewebsites.net/api/Programs/GetAllProgramData
--------------------------------------------------------------------------------
[Failed Hit #1736] Hit ID: 537 | Status: 500 | Time: 45704ms | Error: Timeout 45000ms exceeded
  Target API URL: https://dev-ux-linux-ezabgbfbfxh3gggs.southindia-01.azurewebsites.net/api/Programs/GetAllProgramData
--------------------------------------------------------------------------------
[Failed Hit #1737] Hit ID: 538 | Status: 500 | Time: 45701ms | Error: Timeout 45000ms exceeded
  Target API URL: https://dev-ux-linux-ezabgbfbfxh3gggs.southindia-01.azurewebsites.net/api/Programs/GetAllProgramData
--------------------------------------------------------------------------------
[Failed Hit #1738] Hit ID: 539 | Status: 500 | Time: 45701ms | Error: Timeout 45000ms exceeded
  Target API URL: https://dev-ux-linux-ezabgbfbfxh3gggs.southindia-01.azurewebsites.net/api/Programs/GetAllProgramData
--------------------------------------------------------------------------------
[Failed Hit #1739] Hit ID: 540 | Status: 500 | Time: 45700ms | Error: Timeout 45000ms exceeded
  Target API URL: https://dev-ux-linux-ezabgbfbfxh3gggs.southindia-01.azurewebsites.net/api/Programs/GetAllProgramData
--------------------------------------------------------------------------------
[Failed Hit #1740] Hit ID: 541 | Status: 500 | Time: 45698ms | Error: Timeout 45000ms exceeded
  Target API URL: https://dev-ux-linux-ezabgbfbfxh3gggs.southindia-01.azurewebsites.net/api/Programs/GetAllProgramData
--------------------------------------------------------------------------------
[Failed Hit #1741] Hit ID: 542 | Status: 500 | Time: 45697ms | Error: Timeout 45000ms exceeded
  Target API URL: https://dev-ux-linux-ezabgbfbfxh3gggs.southindia-01.azurewebsites.net/api/Programs/GetAllProgramData
--------------------------------------------------------------------------------
[Failed Hit #1742] Hit ID: 543 | Status: 500 | Time: 45696ms | Error: Timeout 45000ms exceeded
  Target API URL: https://dev-ux-linux-ezabgbfbfxh3gggs.southindia-01.azurewebsites.net/api/Programs/GetAllProgramData
--------------------------------------------------------------------------------
[Failed Hit #1743] Hit ID: 544 | Status: 500 | Time: 45695ms | Error: Timeout 45000ms exceeded
  Target API URL: https://dev-ux-linux-ezabgbfbfxh3gggs.southindia-01.azurewebsites.net/api/Programs/GetAllProgramData
--------------------------------------------------------------------------------
[Failed Hit #1744] Hit ID: 545 | Status: 500 | Time: 45695ms | Error: Timeout 45000ms exceeded
  Target API URL: https://dev-ux-linux-ezabgbfbfxh3gggs.southindia-01.azurewebsites.net/api/Programs/GetAllProgramData
--------------------------------------------------------------------------------
[Failed Hit #1745] Hit ID: 546 | Status: 500 | Time: 45694ms | Error: Timeout 45000ms exceeded
  Target API URL: https://dev-ux-linux-ezabgbfbfxh3gggs.southindia-01.azurewebsites.net/api/Programs/GetAllProgramData
--------------------------------------------------------------------------------
[Failed Hit #1746] Hit ID: 548 | Status: 500 | Time: 45691ms | Error: Timeout 45000ms exceeded
  Target API URL: https://dev-ux-linux-ezabgbfbfxh3gggs.southindia-01.azurewebsites.net/api/Programs/GetAllProgramData
--------------------------------------------------------------------------------
[Failed Hit #1747] Hit ID: 550 | Status: 500 | Time: 45689ms | Error: Timeout 45000ms exceeded
  Target API URL: https://dev-ux-linux-ezabgbfbfxh3gggs.southindia-01.azurewebsites.net/api/Programs/GetAllProgramData
--------------------------------------------------------------------------------
[Failed Hit #1748] Hit ID: 551 | Status: 500 | Time: 45688ms | Error: Timeout 45000ms exceeded
  Target API URL: https://dev-ux-linux-ezabgbfbfxh3gggs.southindia-01.azurewebsites.net/api/Programs/GetAllProgramData
--------------------------------------------------------------------------------
[Failed Hit #1749] Hit ID: 552 | Status: 500 | Time: 45687ms | Error: Timeout 45000ms exceeded
  Target API URL: https://dev-ux-linux-ezabgbfbfxh3gggs.southindia-01.azurewebsites.net/api/Programs/GetAllProgramData
--------------------------------------------------------------------------------
[Failed Hit #1750] Hit ID: 555 | Status: 500 | Time: 45684ms | Error: Timeout 45000ms exceeded
  Target API URL: https://dev-ux-linux-ezabgbfbfxh3gggs.southindia-01.azurewebsites.net/api/Programs/GetAllProgramData
--------------------------------------------------------------------------------
[Failed Hit #1751] Hit ID: 569 | Status: 500 | Time: 45668ms | Error: Timeout 45000ms exceeded
  Target API URL: https://dev-ux-linux-ezabgbfbfxh3gggs.southindia-01.azurewebsites.net/api/Programs/GetAllProgramData
--------------------------------------------------------------------------------
[Failed Hit #1752] Hit ID: 571 | Status: 500 | Time: 45690ms | Error: Timeout 45000ms exceeded
  Target API URL: https://dev-ux-linux-ezabgbfbfxh3gggs.southindia-01.azurewebsites.net/api/Programs/GetAllProgramData
--------------------------------------------------------------------------------
[Failed Hit #1753] Hit ID: 575 | Status: 500 | Time: 45686ms | Error: Timeout 45000ms exceeded
  Target API URL: https://dev-ux-linux-ezabgbfbfxh3gggs.southindia-01.azurewebsites.net/api/Programs/GetAllProgramData
--------------------------------------------------------------------------------
[Failed Hit #1754] Hit ID: 576 | Status: 500 | Time: 45685ms | Error: Timeout 45000ms exceeded
  Target API URL: https://dev-ux-linux-ezabgbfbfxh3gggs.southindia-01.azurewebsites.net/api/Programs/GetAllProgramData
--------------------------------------------------------------------------------
[Failed Hit #1755] Hit ID: 578 | Status: 500 | Time: 45681ms | Error: Timeout 45000ms exceeded
  Target API URL: https://dev-ux-linux-ezabgbfbfxh3gggs.southindia-01.azurewebsites.net/api/Programs/GetAllProgramData
--------------------------------------------------------------------------------
[Failed Hit #1756] Hit ID: 579 | Status: 500 | Time: 45680ms | Error: Timeout 45000ms exceeded
  Target API URL: https://dev-ux-linux-ezabgbfbfxh3gggs.southindia-01.azurewebsites.net/api/Programs/GetAllProgramData
--------------------------------------------------------------------------------
[Failed Hit #1757] Hit ID: 585 | Status: 500 | Time: 45673ms | Error: Timeout 45000ms exceeded
  Target API URL: https://dev-ux-linux-ezabgbfbfxh3gggs.southindia-01.azurewebsites.net/api/Programs/GetAllProgramData
--------------------------------------------------------------------------------
[Failed Hit #1758] Hit ID: 586 | Status: 500 | Time: 45672ms | Error: Timeout 45000ms exceeded
  Target API URL: https://dev-ux-linux-ezabgbfbfxh3gggs.southindia-01.azurewebsites.net/api/Programs/GetAllProgramData
--------------------------------------------------------------------------------
[Failed Hit #1759] Hit ID: 589 | Status: 500 | Time: 45669ms | Error: Timeout 45000ms exceeded
  Target API URL: https://dev-ux-linux-ezabgbfbfxh3gggs.southindia-01.azurewebsites.net/api/Programs/GetAllProgramData
--------------------------------------------------------------------------------
[Failed Hit #1760] Hit ID: 590 | Status: 500 | Time: 45668ms | Error: Timeout 45000ms exceeded
  Target API URL: https://dev-ux-linux-ezabgbfbfxh3gggs.southindia-01.azurewebsites.net/api/Programs/GetAllProgramData
--------------------------------------------------------------------------------
[Failed Hit #1761] Hit ID: 600 | Status: 500 | Time: 45658ms | Error: Timeout 45000ms exceeded
  Target API URL: https://dev-ux-linux-ezabgbfbfxh3gggs.southindia-01.azurewebsites.net/api/Programs/GetAllProgramData
--------------------------------------------------------------------------------
[Failed Hit #1762] Hit ID: 601 | Status: 500 | Time: 45657ms | Error: Timeout 45000ms exceeded
  Target API URL: https://dev-ux-linux-ezabgbfbfxh3gggs.southindia-01.azurewebsites.net/api/Programs/GetAllProgramData
--------------------------------------------------------------------------------
[Failed Hit #1763] Hit ID: 608 | Status: 500 | Time: 45649ms | Error: Timeout 45000ms exceeded
  Target API URL: https://dev-ux-linux-ezabgbfbfxh3gggs.southindia-01.azurewebsites.net/api/Programs/GetAllProgramData
--------------------------------------------------------------------------------
[Failed Hit #1764] Hit ID: 609 | Status: 500 | Time: 45648ms | Error: Timeout 45000ms exceeded
  Target API URL: https://dev-ux-linux-ezabgbfbfxh3gggs.southindia-01.azurewebsites.net/api/Programs/GetAllProgramData
--------------------------------------------------------------------------------
[Failed Hit #1765] Hit ID: 615 | Status: 500 | Time: 45642ms | Error: Timeout 45000ms exceeded
  Target API URL: https://dev-ux-linux-ezabgbfbfxh3gggs.southindia-01.azurewebsites.net/api/Programs/GetAllProgramData
--------------------------------------------------------------------------------
[Failed Hit #1766] Hit ID: 618 | Status: 500 | Time: 45637ms | Error: Timeout 45000ms exceeded
  Target API URL: https://dev-ux-linux-ezabgbfbfxh3gggs.southindia-01.azurewebsites.net/api/Programs/GetAllProgramData
--------------------------------------------------------------------------------
[Failed Hit #1767] Hit ID: 620 | Status: 500 | Time: 45634ms | Error: Timeout 45000ms exceeded
  Target API URL: https://dev-ux-linux-ezabgbfbfxh3gggs.southindia-01.azurewebsites.net/api/Programs/GetAllProgramData
--------------------------------------------------------------------------------
[Failed Hit #1768] Hit ID: 625 | Status: 500 | Time: 45628ms | Error: Timeout 45000ms exceeded
  Target API URL: https://dev-ux-linux-ezabgbfbfxh3gggs.southindia-01.azurewebsites.net/api/Programs/GetAllProgramData
--------------------------------------------------------------------------------
[Failed Hit #1769] Hit ID: 629 | Status: 500 | Time: 45625ms | Error: Timeout 45000ms exceeded
  Target API URL: https://dev-ux-linux-ezabgbfbfxh3gggs.southindia-01.azurewebsites.net/api/Programs/GetAllProgramData
--------------------------------------------------------------------------------
[Failed Hit #1770] Hit ID: 633 | Status: 500 | Time: 45621ms | Error: Timeout 45000ms exceeded
  Target API URL: https://dev-ux-linux-ezabgbfbfxh3gggs.southindia-01.azurewebsites.net/api/Programs/GetAllProgramData
--------------------------------------------------------------------------------
[Failed Hit #1771] Hit ID: 638 | Status: 500 | Time: 45615ms | Error: Timeout 45000ms exceeded
  Target API URL: https://dev-ux-linux-ezabgbfbfxh3gggs.southindia-01.azurewebsites.net/api/Programs/GetAllProgramData
--------------------------------------------------------------------------------
[Failed Hit #1772] Hit ID: 640 | Status: 500 | Time: 45613ms | Error: Timeout 45000ms exceeded
  Target API URL: https://dev-ux-linux-ezabgbfbfxh3gggs.southindia-01.azurewebsites.net/api/Programs/GetAllProgramData
--------------------------------------------------------------------------------
[Failed Hit #1773] Hit ID: 641 | Status: 500 | Time: 45612ms | Error: Timeout 45000ms exceeded
  Target API URL: https://dev-ux-linux-ezabgbfbfxh3gggs.southindia-01.azurewebsites.net/api/Programs/GetAllProgramData
--------------------------------------------------------------------------------
[Failed Hit #1774] Hit ID: 645 | Status: 500 | Time: 45607ms | Error: Timeout 45000ms exceeded
  Target API URL: https://dev-ux-linux-ezabgbfbfxh3gggs.southindia-01.azurewebsites.net/api/Programs/GetAllProgramData
--------------------------------------------------------------------------------
[Failed Hit #1775] Hit ID: 651 | Status: 500 | Time: 45600ms | Error: Timeout 45000ms exceeded
  Target API URL: https://dev-ux-linux-ezabgbfbfxh3gggs.southindia-01.azurewebsites.net/api/Programs/GetAllProgramData
--------------------------------------------------------------------------------
[Failed Hit #1776] Hit ID: 652 | Status: 500 | Time: 45600ms | Error: Timeout 45000ms exceeded
  Target API URL: https://dev-ux-linux-ezabgbfbfxh3gggs.southindia-01.azurewebsites.net/api/Programs/GetAllProgramData
--------------------------------------------------------------------------------
[Failed Hit #1777] Hit ID: 653 | Status: 500 | Time: 45599ms | Error: Timeout 45000ms exceeded
  Target API URL: https://dev-ux-linux-ezabgbfbfxh3gggs.southindia-01.azurewebsites.net/api/Programs/GetAllProgramData
--------------------------------------------------------------------------------
[Failed Hit #1778] Hit ID: 660 | Status: 500 | Time: 45590ms | Error: Timeout 45000ms exceeded
  Target API URL: https://dev-ux-linux-ezabgbfbfxh3gggs.southindia-01.azurewebsites.net/api/Programs/GetAllProgramData
--------------------------------------------------------------------------------
[Failed Hit #1779] Hit ID: 662 | Status: 500 | Time: 45587ms | Error: Timeout 45000ms exceeded
  Target API URL: https://dev-ux-linux-ezabgbfbfxh3gggs.southindia-01.azurewebsites.net/api/Programs/GetAllProgramData
--------------------------------------------------------------------------------
[Failed Hit #1780] Hit ID: 671 | Status: 500 | Time: 45574ms | Error: Timeout 45000ms exceeded
  Target API URL: https://dev-ux-linux-ezabgbfbfxh3gggs.southindia-01.azurewebsites.net/api/Programs/GetAllProgramData
--------------------------------------------------------------------------------
[Failed Hit #1781] Hit ID: 688 | Status: 500 | Time: 45542ms | Error: Timeout 45000ms exceeded
  Target API URL: https://dev-ux-linux-ezabgbfbfxh3gggs.southindia-01.azurewebsites.net/api/Programs/GetAllProgramData
--------------------------------------------------------------------------------
[Failed Hit #1782] Hit ID: 692 | Status: 500 | Time: 45537ms | Error: Timeout 45000ms exceeded
  Target API URL: https://dev-ux-linux-ezabgbfbfxh3gggs.southindia-01.azurewebsites.net/api/Programs/GetAllProgramData
--------------------------------------------------------------------------------
[Failed Hit #1783] Hit ID: 724 | Status: 500 | Time: 45497ms | Error: Timeout 45000ms exceeded
  Target API URL: https://dev-ux-linux-ezabgbfbfxh3gggs.southindia-01.azurewebsites.net/api/Programs/GetAllProgramData
--------------------------------------------------------------------------------
[Failed Hit #1784] Hit ID: 732 | Status: 500 | Time: 45488ms | Error: Timeout 45000ms exceeded
  Target API URL: https://dev-ux-linux-ezabgbfbfxh3gggs.southindia-01.azurewebsites.net/api/Programs/GetAllProgramData
--------------------------------------------------------------------------------
[Failed Hit #1785] Hit ID: 734 | Status: 500 | Time: 45486ms | Error: Timeout 45000ms exceeded
  Target API URL: https://dev-ux-linux-ezabgbfbfxh3gggs.southindia-01.azurewebsites.net/api/Programs/GetAllProgramData
--------------------------------------------------------------------------------
[Failed Hit #1786] Hit ID: 739 | Status: 500 | Time: 45479ms | Error: Timeout 45000ms exceeded
  Target API URL: https://dev-ux-linux-ezabgbfbfxh3gggs.southindia-01.azurewebsites.net/api/Programs/GetAllProgramData
--------------------------------------------------------------------------------
[Failed Hit #1787] Hit ID: 759 | Status: 500 | Time: 45456ms | Error: Timeout 45000ms exceeded
  Target API URL: https://dev-ux-linux-ezabgbfbfxh3gggs.southindia-01.azurewebsites.net/api/Programs/GetAllProgramData
--------------------------------------------------------------------------------
[Failed Hit #1788] Hit ID: 762 | Status: 500 | Time: 45453ms | Error: Timeout 45000ms exceeded
  Target API URL: https://dev-ux-linux-ezabgbfbfxh3gggs.southindia-01.azurewebsites.net/api/Programs/GetAllProgramData
--------------------------------------------------------------------------------
[Failed Hit #1789] Hit ID: 768 | Status: 500 | Time: 45447ms | Error: Timeout 45000ms exceeded
  Target API URL: https://dev-ux-linux-ezabgbfbfxh3gggs.southindia-01.azurewebsites.net/api/Programs/GetAllProgramData
--------------------------------------------------------------------------------
[Failed Hit #1790] Hit ID: 769 | Status: 500 | Time: 45446ms | Error: Timeout 45000ms exceeded
  Target API URL: https://dev-ux-linux-ezabgbfbfxh3gggs.southindia-01.azurewebsites.net/api/Programs/GetAllProgramData
--------------------------------------------------------------------------------
[Failed Hit #1791] Hit ID: 799 | Status: 500 | Time: 45408ms | Error: Timeout 45000ms exceeded
  Target API URL: https://dev-ux-linux-ezabgbfbfxh3gggs.southindia-01.azurewebsites.net/api/Programs/GetAllProgramData
--------------------------------------------------------------------------------
[Failed Hit #1792] Hit ID: 801 | Status: 500 | Time: 45407ms | Error: Timeout 45000ms exceeded
  Target API URL: https://dev-ux-linux-ezabgbfbfxh3gggs.southindia-01.azurewebsites.net/api/Programs/GetAllProgramData
--------------------------------------------------------------------------------
[Failed Hit #1793] Hit ID: 804 | Status: 500 | Time: 45404ms | Error: Timeout 45000ms exceeded
  Target API URL: https://dev-ux-linux-ezabgbfbfxh3gggs.southindia-01.azurewebsites.net/api/Programs/GetAllProgramData
--------------------------------------------------------------------------------
[Failed Hit #1794] Hit ID: 805 | Status: 500 | Time: 45403ms | Error: Timeout 45000ms exceeded
  Target API URL: https://dev-ux-linux-ezabgbfbfxh3gggs.southindia-01.azurewebsites.net/api/Programs/GetAllProgramData
--------------------------------------------------------------------------------
[Failed Hit #1795] Hit ID: 808 | Status: 500 | Time: 45400ms | Error: Timeout 45000ms exceeded
  Target API URL: https://dev-ux-linux-ezabgbfbfxh3gggs.southindia-01.azurewebsites.net/api/Programs/GetAllProgramData
--------------------------------------------------------------------------------
[Failed Hit #1796] Hit ID: 819 | Status: 500 | Time: 45385ms | Error: Timeout 45000ms exceeded
  Target API URL: https://dev-ux-linux-ezabgbfbfxh3gggs.southindia-01.azurewebsites.net/api/Programs/GetAllProgramData
--------------------------------------------------------------------------------
[Failed Hit #1797] Hit ID: 839 | Status: 500 | Time: 45363ms | Error: Timeout 45000ms exceeded
  Target API URL: https://dev-ux-linux-ezabgbfbfxh3gggs.southindia-01.azurewebsites.net/api/Programs/GetAllProgramData
--------------------------------------------------------------------------------
[Failed Hit #1798] Hit ID: 844 | Status: 500 | Time: 45359ms | Error: Timeout 45000ms exceeded
  Target API URL: https://dev-ux-linux-ezabgbfbfxh3gggs.southindia-01.azurewebsites.net/api/Programs/GetAllProgramData
--------------------------------------------------------------------------------
[Failed Hit #1799] Hit ID: 906 | Status: 500 | Time: 45297ms | Error: Timeout 45000ms exceeded
  Target API URL: https://dev-ux-linux-ezabgbfbfxh3gggs.southindia-01.azurewebsites.net/api/Programs/GetAllProgramData
--------------------------------------------------------------------------------
[Failed Hit #1800] Hit ID: 915 | Status: 500 | Time: 45288ms | Error: Timeout 45000ms exceeded
  Target API URL: https://dev-ux-linux-ezabgbfbfxh3gggs.southindia-01.azurewebsites.net/api/Programs/GetAllProgramData
--------------------------------------------------------------------------------
[Failed Hit #1801] Hit ID: 928 | Status: 500 | Time: 45275ms | Error: Timeout 45000ms exceeded
  Target API URL: https://dev-ux-linux-ezabgbfbfxh3gggs.southindia-01.azurewebsites.net/api/Programs/GetAllProgramData
--------------------------------------------------------------------------------
[Failed Hit #1802] Hit ID: 931 | Status: 500 | Time: 45270ms | Error: Timeout 45000ms exceeded
  Target API URL: https://dev-ux-linux-ezabgbfbfxh3gggs.southindia-01.azurewebsites.net/api/Programs/GetAllProgramData
--------------------------------------------------------------------------------
[Failed Hit #1803] Hit ID: 935 | Status: 500 | Time: 45266ms | Error: Timeout 45000ms exceeded
  Target API URL: https://dev-ux-linux-ezabgbfbfxh3gggs.southindia-01.azurewebsites.net/api/Programs/GetAllProgramData
--------------------------------------------------------------------------------
[Failed Hit #1804] Hit ID: 944 | Status: 500 | Time: 45254ms | Error: Timeout 45000ms exceeded
  Target API URL: https://dev-ux-linux-ezabgbfbfxh3gggs.southindia-01.azurewebsites.net/api/Programs/GetAllProgramData
--------------------------------------------------------------------------------
[Failed Hit #1805] Hit ID: 952 | Status: 500 | Time: 45243ms | Error: Timeout 45000ms exceeded
  Target API URL: https://dev-ux-linux-ezabgbfbfxh3gggs.southindia-01.azurewebsites.net/api/Programs/GetAllProgramData
--------------------------------------------------------------------------------
[Failed Hit #1806] Hit ID: 257 | Status: 500 | Time: 45965ms | Error: Timeout 45000ms exceeded
  Target API URL: https://dev-ux-linux-ezabgbfbfxh3gggs.southindia-01.azurewebsites.net/api/ExternalFilter/GetExternalFilterDetails
--------------------------------------------------------------------------------
[Failed Hit #1807] Hit ID: 258 | Status: 500 | Time: 45964ms | Error: Timeout 45000ms exceeded
  Target API URL: https://dev-ux-linux-ezabgbfbfxh3gggs.southindia-01.azurewebsites.net/api/ExternalFilter/GetExternalFilterDetails
--------------------------------------------------------------------------------
[Failed Hit #1808] Hit ID: 259 | Status: 500 | Time: 45963ms | Error: Timeout 45000ms exceeded
  Target API URL: https://dev-ux-linux-ezabgbfbfxh3gggs.southindia-01.azurewebsites.net/api/ExternalFilter/GetExternalFilterDetails
--------------------------------------------------------------------------------
[Failed Hit #1809] Hit ID: 260 | Status: 500 | Time: 45962ms | Error: Timeout 45000ms exceeded
  Target API URL: https://dev-ux-linux-ezabgbfbfxh3gggs.southindia-01.azurewebsites.net/api/ExternalFilter/GetExternalFilterDetails
--------------------------------------------------------------------------------
[Failed Hit #1810] Hit ID: 261 | Status: 500 | Time: 45961ms | Error: Timeout 45000ms exceeded
  Target API URL: https://dev-ux-linux-ezabgbfbfxh3gggs.southindia-01.azurewebsites.net/api/ExternalFilter/GetExternalFilterDetails
--------------------------------------------------------------------------------
[Failed Hit #1811] Hit ID: 262 | Status: 500 | Time: 45960ms | Error: Timeout 45000ms exceeded
  Target API URL: https://dev-ux-linux-ezabgbfbfxh3gggs.southindia-01.azurewebsites.net/api/ExternalFilter/GetExternalFilterDetails
--------------------------------------------------------------------------------
[Failed Hit #1812] Hit ID: 263 | Status: 500 | Time: 45959ms | Error: Timeout 45000ms exceeded
  Target API URL: https://dev-ux-linux-ezabgbfbfxh3gggs.southindia-01.azurewebsites.net/api/ExternalFilter/GetExternalFilterDetails
--------------------------------------------------------------------------------
[Failed Hit #1813] Hit ID: 264 | Status: 500 | Time: 45959ms | Error: Timeout 45000ms exceeded
  Target API URL: https://dev-ux-linux-ezabgbfbfxh3gggs.southindia-01.azurewebsites.net/api/ExternalFilter/GetExternalFilterDetails
--------------------------------------------------------------------------------
[Failed Hit #1814] Hit ID: 265 | Status: 500 | Time: 45958ms | Error: Timeout 45000ms exceeded
  Target API URL: https://dev-ux-linux-ezabgbfbfxh3gggs.southindia-01.azurewebsites.net/api/ExternalFilter/GetExternalFilterDetails
--------------------------------------------------------------------------------
[Failed Hit #1815] Hit ID: 266 | Status: 500 | Time: 45957ms | Error: Timeout 45000ms exceeded
  Target API URL: https://dev-ux-linux-ezabgbfbfxh3gggs.southindia-01.azurewebsites.net/api/ExternalFilter/GetExternalFilterDetails
--------------------------------------------------------------------------------
[Failed Hit #1816] Hit ID: 267 | Status: 500 | Time: 45958ms | Error: Timeout 45000ms exceeded
  Target API URL: https://dev-ux-linux-ezabgbfbfxh3gggs.southindia-01.azurewebsites.net/api/ExternalFilter/GetExternalFilterDetails
--------------------------------------------------------------------------------
[Failed Hit #1817] Hit ID: 268 | Status: 500 | Time: 45956ms | Error: Timeout 45000ms exceeded
  Target API URL: https://dev-ux-linux-ezabgbfbfxh3gggs.southindia-01.azurewebsites.net/api/ExternalFilter/GetExternalFilterDetails
--------------------------------------------------------------------------------
[Failed Hit #1818] Hit ID: 288 | Status: 500 | Time: 45933ms | Error: Timeout 45000ms exceeded
  Target API URL: https://dev-ux-linux-ezabgbfbfxh3gggs.southindia-01.azurewebsites.net/api/ExternalFilter/GetExternalFilterDetails
--------------------------------------------------------------------------------
[Failed Hit #1819] Hit ID: 300 | Status: 500 | Time: 45920ms | Error: Timeout 45000ms exceeded
  Target API URL: https://dev-ux-linux-ezabgbfbfxh3gggs.southindia-01.azurewebsites.net/api/ExternalFilter/GetExternalFilterDetails
--------------------------------------------------------------------------------
[Failed Hit #1820] Hit ID: 309 | Status: 500 | Time: 45913ms | Error: Timeout 45000ms exceeded
  Target API URL: https://dev-ux-linux-ezabgbfbfxh3gggs.southindia-01.azurewebsites.net/api/ExternalFilter/GetExternalFilterDetails
--------------------------------------------------------------------------------
[Failed Hit #1821] Hit ID: 311 | Status: 500 | Time: 45910ms | Error: Timeout 45000ms exceeded
  Target API URL: https://dev-ux-linux-ezabgbfbfxh3gggs.southindia-01.azurewebsites.net/api/ExternalFilter/GetExternalFilterDetails
--------------------------------------------------------------------------------
[Failed Hit #1822] Hit ID: 314 | Status: 500 | Time: 45909ms | Error: Timeout 45000ms exceeded
  Target API URL: https://dev-ux-linux-ezabgbfbfxh3gggs.southindia-01.azurewebsites.net/api/ExternalFilter/GetExternalFilterDetails
--------------------------------------------------------------------------------
[Failed Hit #1823] Hit ID: 315 | Status: 500 | Time: 45908ms | Error: Timeout 45000ms exceeded
  Target API URL: https://dev-ux-linux-ezabgbfbfxh3gggs.southindia-01.azurewebsites.net/api/ExternalFilter/GetExternalFilterDetails
--------------------------------------------------------------------------------
[Failed Hit #1824] Hit ID: 323 | Status: 500 | Time: 45895ms | Error: Timeout 45000ms exceeded
  Target API URL: https://dev-ux-linux-ezabgbfbfxh3gggs.southindia-01.azurewebsites.net/api/ExternalFilter/GetExternalFilterDetails
--------------------------------------------------------------------------------
[Failed Hit #1825] Hit ID: 324 | Status: 500 | Time: 45894ms | Error: Timeout 45000ms exceeded
  Target API URL: https://dev-ux-linux-ezabgbfbfxh3gggs.southindia-01.azurewebsites.net/api/ExternalFilter/GetExternalFilterDetails
--------------------------------------------------------------------------------
[Failed Hit #1826] Hit ID: 326 | Status: 500 | Time: 45892ms | Error: Timeout 45000ms exceeded
  Target API URL: https://dev-ux-linux-ezabgbfbfxh3gggs.southindia-01.azurewebsites.net/api/ExternalFilter/GetExternalFilterDetails
--------------------------------------------------------------------------------
[Failed Hit #1827] Hit ID: 327 | Status: 500 | Time: 45891ms | Error: Timeout 45000ms exceeded
  Target API URL: https://dev-ux-linux-ezabgbfbfxh3gggs.southindia-01.azurewebsites.net/api/ExternalFilter/GetExternalFilterDetails
--------------------------------------------------------------------------------
[Failed Hit #1828] Hit ID: 330 | Status: 500 | Time: 45887ms | Error: Timeout 45000ms exceeded
  Target API URL: https://dev-ux-linux-ezabgbfbfxh3gggs.southindia-01.azurewebsites.net/api/ExternalFilter/GetExternalFilterDetails
--------------------------------------------------------------------------------
[Failed Hit #1829] Hit ID: 333 | Status: 500 | Time: 45886ms | Error: Timeout 45000ms exceeded
  Target API URL: https://dev-ux-linux-ezabgbfbfxh3gggs.southindia-01.azurewebsites.net/api/ExternalFilter/GetExternalFilterDetails
--------------------------------------------------------------------------------
[Failed Hit #1830] Hit ID: 336 | Status: 500 | Time: 45887ms | Error: Timeout 45000ms exceeded
  Target API URL: https://dev-ux-linux-ezabgbfbfxh3gggs.southindia-01.azurewebsites.net/api/ExternalFilter/GetExternalFilterDetails
--------------------------------------------------------------------------------
[Failed Hit #1831] Hit ID: 338 | Status: 500 | Time: 45885ms | Error: Timeout 45000ms exceeded
  Target API URL: https://dev-ux-linux-ezabgbfbfxh3gggs.southindia-01.azurewebsites.net/api/ExternalFilter/GetExternalFilterDetails
--------------------------------------------------------------------------------
[Failed Hit #1832] Hit ID: 339 | Status: 500 | Time: 45883ms | Error: Timeout 45000ms exceeded
  Target API URL: https://dev-ux-linux-ezabgbfbfxh3gggs.southindia-01.azurewebsites.net/api/ExternalFilter/GetExternalFilterDetails
--------------------------------------------------------------------------------
[Failed Hit #1833] Hit ID: 340 | Status: 500 | Time: 45882ms | Error: Timeout 45000ms exceeded
  Target API URL: https://dev-ux-linux-ezabgbfbfxh3gggs.southindia-01.azurewebsites.net/api/ExternalFilter/GetExternalFilterDetails
--------------------------------------------------------------------------------
[Failed Hit #1834] Hit ID: 343 | Status: 500 | Time: 45877ms | Error: Timeout 45000ms exceeded
  Target API URL: https://dev-ux-linux-ezabgbfbfxh3gggs.southindia-01.azurewebsites.net/api/ExternalFilter/GetExternalFilterDetails
--------------------------------------------------------------------------------
[Failed Hit #1835] Hit ID: 345 | Status: 500 | Time: 45875ms | Error: Timeout 45000ms exceeded
  Target API URL: https://dev-ux-linux-ezabgbfbfxh3gggs.southindia-01.azurewebsites.net/api/ExternalFilter/GetExternalFilterDetails
--------------------------------------------------------------------------------
[Failed Hit #1836] Hit ID: 351 | Status: 500 | Time: 45867ms | Error: Timeout 45000ms exceeded
  Target API URL: https://dev-ux-linux-ezabgbfbfxh3gggs.southindia-01.azurewebsites.net/api/ExternalFilter/GetExternalFilterDetails
--------------------------------------------------------------------------------
[Failed Hit #1837] Hit ID: 352 | Status: 500 | Time: 45866ms | Error: Timeout 45000ms exceeded
  Target API URL: https://dev-ux-linux-ezabgbfbfxh3gggs.southindia-01.azurewebsites.net/api/ExternalFilter/GetExternalFilterDetails
--------------------------------------------------------------------------------
[Failed Hit #1838] Hit ID: 353 | Status: 500 | Time: 45871ms | Error: Timeout 45000ms exceeded
  Target API URL: https://dev-ux-linux-ezabgbfbfxh3gggs.southindia-01.azurewebsites.net/api/ExternalFilter/GetExternalFilterDetails
--------------------------------------------------------------------------------
[Failed Hit #1839] Hit ID: 355 | Status: 500 | Time: 45870ms | Error: Timeout 45000ms exceeded
  Target API URL: https://dev-ux-linux-ezabgbfbfxh3gggs.southindia-01.azurewebsites.net/api/ExternalFilter/GetExternalFilterDetails
--------------------------------------------------------------------------------
[Failed Hit #1840] Hit ID: 356 | Status: 500 | Time: 45868ms | Error: Timeout 45000ms exceeded
  Target API URL: https://dev-ux-linux-ezabgbfbfxh3gggs.southindia-01.azurewebsites.net/api/ExternalFilter/GetExternalFilterDetails
--------------------------------------------------------------------------------
[Failed Hit #1841] Hit ID: 357 | Status: 500 | Time: 45867ms | Error: Timeout 45000ms exceeded
  Target API URL: https://dev-ux-linux-ezabgbfbfxh3gggs.southindia-01.azurewebsites.net/api/ExternalFilter/GetExternalFilterDetails
--------------------------------------------------------------------------------
[Failed Hit #1842] Hit ID: 358 | Status: 500 | Time: 45866ms | Error: Timeout 45000ms exceeded
  Target API URL: https://dev-ux-linux-ezabgbfbfxh3gggs.southindia-01.azurewebsites.net/api/ExternalFilter/GetExternalFilterDetails
--------------------------------------------------------------------------------
[Failed Hit #1843] Hit ID: 361 | Status: 500 | Time: 45862ms | Error: Timeout 45000ms exceeded
  Target API URL: https://dev-ux-linux-ezabgbfbfxh3gggs.southindia-01.azurewebsites.net/api/ExternalFilter/GetExternalFilterDetails
--------------------------------------------------------------------------------
[Failed Hit #1844] Hit ID: 362 | Status: 500 | Time: 45859ms | Error: Timeout 45000ms exceeded
  Target API URL: https://dev-ux-linux-ezabgbfbfxh3gggs.southindia-01.azurewebsites.net/api/ExternalFilter/GetExternalFilterDetails
--------------------------------------------------------------------------------
[Failed Hit #1845] Hit ID: 363 | Status: 500 | Time: 45858ms | Error: Timeout 45000ms exceeded
  Target API URL: https://dev-ux-linux-ezabgbfbfxh3gggs.southindia-01.azurewebsites.net/api/ExternalFilter/GetExternalFilterDetails
--------------------------------------------------------------------------------
[Failed Hit #1846] Hit ID: 364 | Status: 500 | Time: 45856ms | Error: Timeout 45000ms exceeded
  Target API URL: https://dev-ux-linux-ezabgbfbfxh3gggs.southindia-01.azurewebsites.net/api/ExternalFilter/GetExternalFilterDetails
--------------------------------------------------------------------------------
[Failed Hit #1847] Hit ID: 365 | Status: 500 | Time: 45854ms | Error: Timeout 45000ms exceeded
  Target API URL: https://dev-ux-linux-ezabgbfbfxh3gggs.southindia-01.azurewebsites.net/api/ExternalFilter/GetExternalFilterDetails
--------------------------------------------------------------------------------
[Failed Hit #1848] Hit ID: 367 | Status: 500 | Time: 45851ms | Error: Timeout 45000ms exceeded
  Target API URL: https://dev-ux-linux-ezabgbfbfxh3gggs.southindia-01.azurewebsites.net/api/ExternalFilter/GetExternalFilterDetails
--------------------------------------------------------------------------------
[Failed Hit #1849] Hit ID: 368 | Status: 500 | Time: 45850ms | Error: Timeout 45000ms exceeded
  Target API URL: https://dev-ux-linux-ezabgbfbfxh3gggs.southindia-01.azurewebsites.net/api/ExternalFilter/GetExternalFilterDetails
--------------------------------------------------------------------------------
[Failed Hit #1850] Hit ID: 370 | Status: 500 | Time: 45847ms | Error: Timeout 45000ms exceeded
  Target API URL: https://dev-ux-linux-ezabgbfbfxh3gggs.southindia-01.azurewebsites.net/api/ExternalFilter/GetExternalFilterDetails
--------------------------------------------------------------------------------
[Failed Hit #1851] Hit ID: 371 | Status: 500 | Time: 45845ms | Error: Timeout 45000ms exceeded
  Target API URL: https://dev-ux-linux-ezabgbfbfxh3gggs.southindia-01.azurewebsites.net/api/ExternalFilter/GetExternalFilterDetails
--------------------------------------------------------------------------------
[Failed Hit #1852] Hit ID: 372 | Status: 500 | Time: 45844ms | Error: Timeout 45000ms exceeded
  Target API URL: https://dev-ux-linux-ezabgbfbfxh3gggs.southindia-01.azurewebsites.net/api/ExternalFilter/GetExternalFilterDetails
--------------------------------------------------------------------------------
[Failed Hit #1853] Hit ID: 373 | Status: 500 | Time: 45842ms | Error: Timeout 45000ms exceeded
  Target API URL: https://dev-ux-linux-ezabgbfbfxh3gggs.southindia-01.azurewebsites.net/api/ExternalFilter/GetExternalFilterDetails
--------------------------------------------------------------------------------
[Failed Hit #1854] Hit ID: 375 | Status: 500 | Time: 45840ms | Error: Timeout 45000ms exceeded
  Target API URL: https://dev-ux-linux-ezabgbfbfxh3gggs.southindia-01.azurewebsites.net/api/ExternalFilter/GetExternalFilterDetails
--------------------------------------------------------------------------------
[Failed Hit #1855] Hit ID: 376 | Status: 500 | Time: 45838ms | Error: Timeout 45000ms exceeded
  Target API URL: https://dev-ux-linux-ezabgbfbfxh3gggs.southindia-01.azurewebsites.net/api/ExternalFilter/GetExternalFilterDetails
--------------------------------------------------------------------------------
[Failed Hit #1856] Hit ID: 377 | Status: 500 | Time: 45837ms | Error: Timeout 45000ms exceeded
  Target API URL: https://dev-ux-linux-ezabgbfbfxh3gggs.southindia-01.azurewebsites.net/api/ExternalFilter/GetExternalFilterDetails
--------------------------------------------------------------------------------
[Failed Hit #1857] Hit ID: 378 | Status: 500 | Time: 45835ms | Error: Timeout 45000ms exceeded
  Target API URL: https://dev-ux-linux-ezabgbfbfxh3gggs.southindia-01.azurewebsites.net/api/ExternalFilter/GetExternalFilterDetails
--------------------------------------------------------------------------------
[Failed Hit #1858] Hit ID: 379 | Status: 500 | Time: 45834ms | Error: Timeout 45000ms exceeded
  Target API URL: https://dev-ux-linux-ezabgbfbfxh3gggs.southindia-01.azurewebsites.net/api/ExternalFilter/GetExternalFilterDetails
--------------------------------------------------------------------------------
[Failed Hit #1859] Hit ID: 380 | Status: 500 | Time: 45832ms | Error: Timeout 45000ms exceeded
  Target API URL: https://dev-ux-linux-ezabgbfbfxh3gggs.southindia-01.azurewebsites.net/api/ExternalFilter/GetExternalFilterDetails
--------------------------------------------------------------------------------
[Failed Hit #1860] Hit ID: 381 | Status: 500 | Time: 45849ms | Error: Timeout 45000ms exceeded
  Target API URL: https://dev-ux-linux-ezabgbfbfxh3gggs.southindia-01.azurewebsites.net/api/ExternalFilter/GetExternalFilterDetails
--------------------------------------------------------------------------------
[Failed Hit #1861] Hit ID: 382 | Status: 500 | Time: 45847ms | Error: Timeout 45000ms exceeded
  Target API URL: https://dev-ux-linux-ezabgbfbfxh3gggs.southindia-01.azurewebsites.net/api/ExternalFilter/GetExternalFilterDetails
--------------------------------------------------------------------------------
[Failed Hit #1862] Hit ID: 383 | Status: 500 | Time: 45846ms | Error: Timeout 45000ms exceeded
  Target API URL: https://dev-ux-linux-ezabgbfbfxh3gggs.southindia-01.azurewebsites.net/api/ExternalFilter/GetExternalFilterDetails
--------------------------------------------------------------------------------
[Failed Hit #1863] Hit ID: 384 | Status: 500 | Time: 45845ms | Error: Timeout 45000ms exceeded
  Target API URL: https://dev-ux-linux-ezabgbfbfxh3gggs.southindia-01.azurewebsites.net/api/ExternalFilter/GetExternalFilterDetails
--------------------------------------------------------------------------------
[Failed Hit #1864] Hit ID: 385 | Status: 500 | Time: 45843ms | Error: Timeout 45000ms exceeded
  Target API URL: https://dev-ux-linux-ezabgbfbfxh3gggs.southindia-01.azurewebsites.net/api/ExternalFilter/GetExternalFilterDetails
--------------------------------------------------------------------------------
[Failed Hit #1865] Hit ID: 386 | Status: 500 | Time: 45843ms | Error: Timeout 45000ms exceeded
  Target API URL: https://dev-ux-linux-ezabgbfbfxh3gggs.southindia-01.azurewebsites.net/api/ExternalFilter/GetExternalFilterDetails
--------------------------------------------------------------------------------
[Failed Hit #1866] Hit ID: 387 | Status: 500 | Time: 45841ms | Error: Timeout 45000ms exceeded
  Target API URL: https://dev-ux-linux-ezabgbfbfxh3gggs.southindia-01.azurewebsites.net/api/ExternalFilter/GetExternalFilterDetails
--------------------------------------------------------------------------------
[Failed Hit #1867] Hit ID: 388 | Status: 500 | Time: 45840ms | Error: Timeout 45000ms exceeded
  Target API URL: https://dev-ux-linux-ezabgbfbfxh3gggs.southindia-01.azurewebsites.net/api/ExternalFilter/GetExternalFilterDetails
--------------------------------------------------------------------------------
[Failed Hit #1868] Hit ID: 389 | Status: 500 | Time: 45838ms | Error: Timeout 45000ms exceeded
  Target API URL: https://dev-ux-linux-ezabgbfbfxh3gggs.southindia-01.azurewebsites.net/api/ExternalFilter/GetExternalFilterDetails
--------------------------------------------------------------------------------
[Failed Hit #1869] Hit ID: 390 | Status: 500 | Time: 45837ms | Error: Timeout 45000ms exceeded
  Target API URL: https://dev-ux-linux-ezabgbfbfxh3gggs.southindia-01.azurewebsites.net/api/ExternalFilter/GetExternalFilterDetails
--------------------------------------------------------------------------------
[Failed Hit #1870] Hit ID: 391 | Status: 500 | Time: 45835ms | Error: Timeout 45000ms exceeded
  Target API URL: https://dev-ux-linux-ezabgbfbfxh3gggs.southindia-01.azurewebsites.net/api/ExternalFilter/GetExternalFilterDetails
--------------------------------------------------------------------------------
[Failed Hit #1871] Hit ID: 392 | Status: 500 | Time: 45834ms | Error: Timeout 45000ms exceeded
  Target API URL: https://dev-ux-linux-ezabgbfbfxh3gggs.southindia-01.azurewebsites.net/api/ExternalFilter/GetExternalFilterDetails
--------------------------------------------------------------------------------
[Failed Hit #1872] Hit ID: 393 | Status: 500 | Time: 45832ms | Error: Timeout 45000ms exceeded
  Target API URL: https://dev-ux-linux-ezabgbfbfxh3gggs.southindia-01.azurewebsites.net/api/ExternalFilter/GetExternalFilterDetails
--------------------------------------------------------------------------------
[Failed Hit #1873] Hit ID: 394 | Status: 500 | Time: 45831ms | Error: Timeout 45000ms exceeded
  Target API URL: https://dev-ux-linux-ezabgbfbfxh3gggs.southindia-01.azurewebsites.net/api/ExternalFilter/GetExternalFilterDetails
--------------------------------------------------------------------------------
[Failed Hit #1874] Hit ID: 395 | Status: 500 | Time: 45830ms | Error: Timeout 45000ms exceeded
  Target API URL: https://dev-ux-linux-ezabgbfbfxh3gggs.southindia-01.azurewebsites.net/api/ExternalFilter/GetExternalFilterDetails
--------------------------------------------------------------------------------
[Failed Hit #1875] Hit ID: 396 | Status: 500 | Time: 45829ms | Error: Timeout 45000ms exceeded
  Target API URL: https://dev-ux-linux-ezabgbfbfxh3gggs.southindia-01.azurewebsites.net/api/ExternalFilter/GetExternalFilterDetails
--------------------------------------------------------------------------------
[Failed Hit #1876] Hit ID: 397 | Status: 500 | Time: 45827ms | Error: Timeout 45000ms exceeded
  Target API URL: https://dev-ux-linux-ezabgbfbfxh3gggs.southindia-01.azurewebsites.net/api/ExternalFilter/GetExternalFilterDetails
--------------------------------------------------------------------------------
[Failed Hit #1877] Hit ID: 398 | Status: 500 | Time: 45826ms | Error: Timeout 45000ms exceeded
  Target API URL: https://dev-ux-linux-ezabgbfbfxh3gggs.southindia-01.azurewebsites.net/api/ExternalFilter/GetExternalFilterDetails
--------------------------------------------------------------------------------
[Failed Hit #1878] Hit ID: 399 | Status: 500 | Time: 45824ms | Error: Timeout 45000ms exceeded
  Target API URL: https://dev-ux-linux-ezabgbfbfxh3gggs.southindia-01.azurewebsites.net/api/ExternalFilter/GetExternalFilterDetails
--------------------------------------------------------------------------------
[Failed Hit #1879] Hit ID: 400 | Status: 500 | Time: 45823ms | Error: Timeout 45000ms exceeded
  Target API URL: https://dev-ux-linux-ezabgbfbfxh3gggs.southindia-01.azurewebsites.net/api/ExternalFilter/GetExternalFilterDetails
--------------------------------------------------------------------------------
[Failed Hit #1880] Hit ID: 401 | Status: 500 | Time: 45821ms | Error: Timeout 45000ms exceeded
  Target API URL: https://dev-ux-linux-ezabgbfbfxh3gggs.southindia-01.azurewebsites.net/api/ExternalFilter/GetExternalFilterDetails
--------------------------------------------------------------------------------
[Failed Hit #1881] Hit ID: 402 | Status: 500 | Time: 45819ms | Error: Timeout 45000ms exceeded
  Target API URL: https://dev-ux-linux-ezabgbfbfxh3gggs.southindia-01.azurewebsites.net/api/ExternalFilter/GetExternalFilterDetails
--------------------------------------------------------------------------------
[Failed Hit #1882] Hit ID: 403 | Status: 500 | Time: 45818ms | Error: Timeout 45000ms exceeded
  Target API URL: https://dev-ux-linux-ezabgbfbfxh3gggs.southindia-01.azurewebsites.net/api/ExternalFilter/GetExternalFilterDetails
--------------------------------------------------------------------------------
[Failed Hit #1883] Hit ID: 404 | Status: 500 | Time: 45816ms | Error: Timeout 45000ms exceeded
  Target API URL: https://dev-ux-linux-ezabgbfbfxh3gggs.southindia-01.azurewebsites.net/api/ExternalFilter/GetExternalFilterDetails
--------------------------------------------------------------------------------
[Failed Hit #1884] Hit ID: 405 | Status: 500 | Time: 45815ms | Error: Timeout 45000ms exceeded
  Target API URL: https://dev-ux-linux-ezabgbfbfxh3gggs.southindia-01.azurewebsites.net/api/ExternalFilter/GetExternalFilterDetails
--------------------------------------------------------------------------------
[Failed Hit #1885] Hit ID: 406 | Status: 500 | Time: 45814ms | Error: Timeout 45000ms exceeded
  Target API URL: https://dev-ux-linux-ezabgbfbfxh3gggs.southindia-01.azurewebsites.net/api/ExternalFilter/GetExternalFilterDetails
--------------------------------------------------------------------------------
[Failed Hit #1886] Hit ID: 407 | Status: 500 | Time: 45812ms | Error: Timeout 45000ms exceeded
  Target API URL: https://dev-ux-linux-ezabgbfbfxh3gggs.southindia-01.azurewebsites.net/api/ExternalFilter/GetExternalFilterDetails
--------------------------------------------------------------------------------
[Failed Hit #1887] Hit ID: 408 | Status: 500 | Time: 45812ms | Error: Timeout 45000ms exceeded
  Target API URL: https://dev-ux-linux-ezabgbfbfxh3gggs.southindia-01.azurewebsites.net/api/ExternalFilter/GetExternalFilterDetails
--------------------------------------------------------------------------------
[Failed Hit #1888] Hit ID: 409 | Status: 500 | Time: 45810ms | Error: Timeout 45000ms exceeded
  Target API URL: https://dev-ux-linux-ezabgbfbfxh3gggs.southindia-01.azurewebsites.net/api/ExternalFilter/GetExternalFilterDetails
--------------------------------------------------------------------------------
[Failed Hit #1889] Hit ID: 410 | Status: 500 | Time: 45809ms | Error: Timeout 45000ms exceeded
  Target API URL: https://dev-ux-linux-ezabgbfbfxh3gggs.southindia-01.azurewebsites.net/api/ExternalFilter/GetExternalFilterDetails
--------------------------------------------------------------------------------
[Failed Hit #1890] Hit ID: 411 | Status: 500 | Time: 45808ms | Error: Timeout 45000ms exceeded
  Target API URL: https://dev-ux-linux-ezabgbfbfxh3gggs.southindia-01.azurewebsites.net/api/ExternalFilter/GetExternalFilterDetails
--------------------------------------------------------------------------------
[Failed Hit #1891] Hit ID: 412 | Status: 500 | Time: 45807ms | Error: Timeout 45000ms exceeded
  Target API URL: https://dev-ux-linux-ezabgbfbfxh3gggs.southindia-01.azurewebsites.net/api/ExternalFilter/GetExternalFilterDetails
--------------------------------------------------------------------------------
[Failed Hit #1892] Hit ID: 413 | Status: 500 | Time: 45805ms | Error: Timeout 45000ms exceeded
  Target API URL: https://dev-ux-linux-ezabgbfbfxh3gggs.southindia-01.azurewebsites.net/api/ExternalFilter/GetExternalFilterDetails
--------------------------------------------------------------------------------
[Failed Hit #1893] Hit ID: 414 | Status: 500 | Time: 45804ms | Error: Timeout 45000ms exceeded
  Target API URL: https://dev-ux-linux-ezabgbfbfxh3gggs.southindia-01.azurewebsites.net/api/ExternalFilter/GetExternalFilterDetails
--------------------------------------------------------------------------------
[Failed Hit #1894] Hit ID: 415 | Status: 500 | Time: 45803ms | Error: Timeout 45000ms exceeded
  Target API URL: https://dev-ux-linux-ezabgbfbfxh3gggs.southindia-01.azurewebsites.net/api/ExternalFilter/GetExternalFilterDetails
--------------------------------------------------------------------------------
[Failed Hit #1895] Hit ID: 416 | Status: 500 | Time: 45802ms | Error: Timeout 45000ms exceeded
  Target API URL: https://dev-ux-linux-ezabgbfbfxh3gggs.southindia-01.azurewebsites.net/api/ExternalFilter/GetExternalFilterDetails
--------------------------------------------------------------------------------
[Failed Hit #1896] Hit ID: 417 | Status: 500 | Time: 45801ms | Error: Timeout 45000ms exceeded
  Target API URL: https://dev-ux-linux-ezabgbfbfxh3gggs.southindia-01.azurewebsites.net/api/ExternalFilter/GetExternalFilterDetails
--------------------------------------------------------------------------------
[Failed Hit #1897] Hit ID: 418 | Status: 500 | Time: 45800ms | Error: Timeout 45000ms exceeded
  Target API URL: https://dev-ux-linux-ezabgbfbfxh3gggs.southindia-01.azurewebsites.net/api/ExternalFilter/GetExternalFilterDetails
--------------------------------------------------------------------------------
[Failed Hit #1898] Hit ID: 419 | Status: 500 | Time: 45799ms | Error: Timeout 45000ms exceeded
  Target API URL: https://dev-ux-linux-ezabgbfbfxh3gggs.southindia-01.azurewebsites.net/api/ExternalFilter/GetExternalFilterDetails
--------------------------------------------------------------------------------
[Failed Hit #1899] Hit ID: 420 | Status: 500 | Time: 45798ms | Error: Timeout 45000ms exceeded
  Target API URL: https://dev-ux-linux-ezabgbfbfxh3gggs.southindia-01.azurewebsites.net/api/ExternalFilter/GetExternalFilterDetails
--------------------------------------------------------------------------------
[Failed Hit #1900] Hit ID: 421 | Status: 500 | Time: 45797ms | Error: Timeout 45000ms exceeded
  Target API URL: https://dev-ux-linux-ezabgbfbfxh3gggs.southindia-01.azurewebsites.net/api/ExternalFilter/GetExternalFilterDetails
--------------------------------------------------------------------------------
[Failed Hit #1901] Hit ID: 422 | Status: 500 | Time: 45796ms | Error: Timeout 45000ms exceeded
  Target API URL: https://dev-ux-linux-ezabgbfbfxh3gggs.southindia-01.azurewebsites.net/api/ExternalFilter/GetExternalFilterDetails
--------------------------------------------------------------------------------
[Failed Hit #1902] Hit ID: 423 | Status: 500 | Time: 45795ms | Error: Timeout 45000ms exceeded
  Target API URL: https://dev-ux-linux-ezabgbfbfxh3gggs.southindia-01.azurewebsites.net/api/ExternalFilter/GetExternalFilterDetails
--------------------------------------------------------------------------------
[Failed Hit #1903] Hit ID: 424 | Status: 500 | Time: 45794ms | Error: Timeout 45000ms exceeded
  Target API URL: https://dev-ux-linux-ezabgbfbfxh3gggs.southindia-01.azurewebsites.net/api/ExternalFilter/GetExternalFilterDetails
--------------------------------------------------------------------------------
[Failed Hit #1904] Hit ID: 425 | Status: 500 | Time: 45793ms | Error: Timeout 45000ms exceeded
  Target API URL: https://dev-ux-linux-ezabgbfbfxh3gggs.southindia-01.azurewebsites.net/api/ExternalFilter/GetExternalFilterDetails
--------------------------------------------------------------------------------
[Failed Hit #1905] Hit ID: 426 | Status: 500 | Time: 45792ms | Error: Timeout 45000ms exceeded
  Target API URL: https://dev-ux-linux-ezabgbfbfxh3gggs.southindia-01.azurewebsites.net/api/ExternalFilter/GetExternalFilterDetails
--------------------------------------------------------------------------------
[Failed Hit #1906] Hit ID: 427 | Status: 500 | Time: 45790ms | Error: Timeout 45000ms exceeded
  Target API URL: https://dev-ux-linux-ezabgbfbfxh3gggs.southindia-01.azurewebsites.net/api/ExternalFilter/GetExternalFilterDetails
--------------------------------------------------------------------------------
[Failed Hit #1907] Hit ID: 428 | Status: 500 | Time: 45789ms | Error: Timeout 45000ms exceeded
  Target API URL: https://dev-ux-linux-ezabgbfbfxh3gggs.southindia-01.azurewebsites.net/api/ExternalFilter/GetExternalFilterDetails
--------------------------------------------------------------------------------
[Failed Hit #1908] Hit ID: 429 | Status: 500 | Time: 45787ms | Error: Timeout 45000ms exceeded
  Target API URL: https://dev-ux-linux-ezabgbfbfxh3gggs.southindia-01.azurewebsites.net/api/ExternalFilter/GetExternalFilterDetails
--------------------------------------------------------------------------------
[Failed Hit #1909] Hit ID: 430 | Status: 500 | Time: 45786ms | Error: Timeout 45000ms exceeded
  Target API URL: https://dev-ux-linux-ezabgbfbfxh3gggs.southindia-01.azurewebsites.net/api/ExternalFilter/GetExternalFilterDetails
--------------------------------------------------------------------------------
[Failed Hit #1910] Hit ID: 431 | Status: 500 | Time: 45785ms | Error: Timeout 45000ms exceeded
  Target API URL: https://dev-ux-linux-ezabgbfbfxh3gggs.southindia-01.azurewebsites.net/api/ExternalFilter/GetExternalFilterDetails
--------------------------------------------------------------------------------
[Failed Hit #1911] Hit ID: 432 | Status: 500 | Time: 45783ms | Error: Timeout 45000ms exceeded
  Target API URL: https://dev-ux-linux-ezabgbfbfxh3gggs.southindia-01.azurewebsites.net/api/ExternalFilter/GetExternalFilterDetails
--------------------------------------------------------------------------------
[Failed Hit #1912] Hit ID: 433 | Status: 500 | Time: 45783ms | Error: Timeout 45000ms exceeded
  Target API URL: https://dev-ux-linux-ezabgbfbfxh3gggs.southindia-01.azurewebsites.net/api/ExternalFilter/GetExternalFilterDetails
--------------------------------------------------------------------------------
[Failed Hit #1913] Hit ID: 434 | Status: 500 | Time: 45782ms | Error: Timeout 45000ms exceeded
  Target API URL: https://dev-ux-linux-ezabgbfbfxh3gggs.southindia-01.azurewebsites.net/api/ExternalFilter/GetExternalFilterDetails
--------------------------------------------------------------------------------
[Failed Hit #1914] Hit ID: 435 | Status: 500 | Time: 45780ms | Error: Timeout 45000ms exceeded
  Target API URL: https://dev-ux-linux-ezabgbfbfxh3gggs.southindia-01.azurewebsites.net/api/ExternalFilter/GetExternalFilterDetails
--------------------------------------------------------------------------------
[Failed Hit #1915] Hit ID: 436 | Status: 500 | Time: 45779ms | Error: Timeout 45000ms exceeded
  Target API URL: https://dev-ux-linux-ezabgbfbfxh3gggs.southindia-01.azurewebsites.net/api/ExternalFilter/GetExternalFilterDetails
--------------------------------------------------------------------------------
[Failed Hit #1916] Hit ID: 437 | Status: 500 | Time: 45778ms | Error: Timeout 45000ms exceeded
  Target API URL: https://dev-ux-linux-ezabgbfbfxh3gggs.southindia-01.azurewebsites.net/api/ExternalFilter/GetExternalFilterDetails
--------------------------------------------------------------------------------
[Failed Hit #1917] Hit ID: 438 | Status: 500 | Time: 45777ms | Error: Timeout 45000ms exceeded
  Target API URL: https://dev-ux-linux-ezabgbfbfxh3gggs.southindia-01.azurewebsites.net/api/ExternalFilter/GetExternalFilterDetails
--------------------------------------------------------------------------------
[Failed Hit #1918] Hit ID: 439 | Status: 500 | Time: 45776ms | Error: Timeout 45000ms exceeded
  Target API URL: https://dev-ux-linux-ezabgbfbfxh3gggs.southindia-01.azurewebsites.net/api/ExternalFilter/GetExternalFilterDetails
--------------------------------------------------------------------------------
[Failed Hit #1919] Hit ID: 440 | Status: 500 | Time: 45774ms | Error: Timeout 45000ms exceeded
  Target API URL: https://dev-ux-linux-ezabgbfbfxh3gggs.southindia-01.azurewebsites.net/api/ExternalFilter/GetExternalFilterDetails
--------------------------------------------------------------------------------
[Failed Hit #1920] Hit ID: 441 | Status: 500 | Time: 45773ms | Error: Timeout 45000ms exceeded
  Target API URL: https://dev-ux-linux-ezabgbfbfxh3gggs.southindia-01.azurewebsites.net/api/ExternalFilter/GetExternalFilterDetails
--------------------------------------------------------------------------------
[Failed Hit #1921] Hit ID: 442 | Status: 500 | Time: 45772ms | Error: Timeout 45000ms exceeded
  Target API URL: https://dev-ux-linux-ezabgbfbfxh3gggs.southindia-01.azurewebsites.net/api/ExternalFilter/GetExternalFilterDetails
--------------------------------------------------------------------------------
[Failed Hit #1922] Hit ID: 443 | Status: 500 | Time: 45771ms | Error: Timeout 45000ms exceeded
  Target API URL: https://dev-ux-linux-ezabgbfbfxh3gggs.southindia-01.azurewebsites.net/api/ExternalFilter/GetExternalFilterDetails
--------------------------------------------------------------------------------
[Failed Hit #1923] Hit ID: 444 | Status: 500 | Time: 45769ms | Error: Timeout 45000ms exceeded
  Target API URL: https://dev-ux-linux-ezabgbfbfxh3gggs.southindia-01.azurewebsites.net/api/ExternalFilter/GetExternalFilterDetails
--------------------------------------------------------------------------------
[Failed Hit #1924] Hit ID: 445 | Status: 500 | Time: 45768ms | Error: Timeout 45000ms exceeded
  Target API URL: https://dev-ux-linux-ezabgbfbfxh3gggs.southindia-01.azurewebsites.net/api/ExternalFilter/GetExternalFilterDetails
--------------------------------------------------------------------------------
[Failed Hit #1925] Hit ID: 446 | Status: 500 | Time: 45767ms | Error: Timeout 45000ms exceeded
  Target API URL: https://dev-ux-linux-ezabgbfbfxh3gggs.southindia-01.azurewebsites.net/api/ExternalFilter/GetExternalFilterDetails
--------------------------------------------------------------------------------
[Failed Hit #1926] Hit ID: 447 | Status: 500 | Time: 45766ms | Error: Timeout 45000ms exceeded
  Target API URL: https://dev-ux-linux-ezabgbfbfxh3gggs.southindia-01.azurewebsites.net/api/ExternalFilter/GetExternalFilterDetails
--------------------------------------------------------------------------------
[Failed Hit #1927] Hit ID: 449 | Status: 500 | Time: 45763ms | Error: Timeout 45000ms exceeded
  Target API URL: https://dev-ux-linux-ezabgbfbfxh3gggs.southindia-01.azurewebsites.net/api/ExternalFilter/GetExternalFilterDetails
--------------------------------------------------------------------------------
[Failed Hit #1928] Hit ID: 450 | Status: 500 | Time: 45761ms | Error: Timeout 45000ms exceeded
  Target API URL: https://dev-ux-linux-ezabgbfbfxh3gggs.southindia-01.azurewebsites.net/api/ExternalFilter/GetExternalFilterDetails
--------------------------------------------------------------------------------
[Failed Hit #1929] Hit ID: 451 | Status: 500 | Time: 45761ms | Error: Timeout 45000ms exceeded
  Target API URL: https://dev-ux-linux-ezabgbfbfxh3gggs.southindia-01.azurewebsites.net/api/ExternalFilter/GetExternalFilterDetails
--------------------------------------------------------------------------------
[Failed Hit #1930] Hit ID: 452 | Status: 500 | Time: 45759ms | Error: Timeout 45000ms exceeded
  Target API URL: https://dev-ux-linux-ezabgbfbfxh3gggs.southindia-01.azurewebsites.net/api/ExternalFilter/GetExternalFilterDetails
--------------------------------------------------------------------------------
[Failed Hit #1931] Hit ID: 453 | Status: 500 | Time: 45758ms | Error: Timeout 45000ms exceeded
  Target API URL: https://dev-ux-linux-ezabgbfbfxh3gggs.southindia-01.azurewebsites.net/api/ExternalFilter/GetExternalFilterDetails
--------------------------------------------------------------------------------
[Failed Hit #1932] Hit ID: 454 | Status: 500 | Time: 45757ms | Error: Timeout 45000ms exceeded
  Target API URL: https://dev-ux-linux-ezabgbfbfxh3gggs.southindia-01.azurewebsites.net/api/ExternalFilter/GetExternalFilterDetails
--------------------------------------------------------------------------------
[Failed Hit #1933] Hit ID: 455 | Status: 500 | Time: 45755ms | Error: Timeout 45000ms exceeded
  Target API URL: https://dev-ux-linux-ezabgbfbfxh3gggs.southindia-01.azurewebsites.net/api/ExternalFilter/GetExternalFilterDetails
--------------------------------------------------------------------------------
[Failed Hit #1934] Hit ID: 456 | Status: 500 | Time: 45754ms | Error: Timeout 45000ms exceeded
  Target API URL: https://dev-ux-linux-ezabgbfbfxh3gggs.southindia-01.azurewebsites.net/api/ExternalFilter/GetExternalFilterDetails
--------------------------------------------------------------------------------
[Failed Hit #1935] Hit ID: 457 | Status: 500 | Time: 45753ms | Error: Timeout 45000ms exceeded
  Target API URL: https://dev-ux-linux-ezabgbfbfxh3gggs.southindia-01.azurewebsites.net/api/ExternalFilter/GetExternalFilterDetails
--------------------------------------------------------------------------------
[Failed Hit #1936] Hit ID: 458 | Status: 500 | Time: 45751ms | Error: Timeout 45000ms exceeded
  Target API URL: https://dev-ux-linux-ezabgbfbfxh3gggs.southindia-01.azurewebsites.net/api/ExternalFilter/GetExternalFilterDetails
--------------------------------------------------------------------------------
[Failed Hit #1937] Hit ID: 459 | Status: 500 | Time: 45751ms | Error: Timeout 45000ms exceeded
  Target API URL: https://dev-ux-linux-ezabgbfbfxh3gggs.southindia-01.azurewebsites.net/api/ExternalFilter/GetExternalFilterDetails
--------------------------------------------------------------------------------
[Failed Hit #1938] Hit ID: 460 | Status: 500 | Time: 45750ms | Error: Timeout 45000ms exceeded
  Target API URL: https://dev-ux-linux-ezabgbfbfxh3gggs.southindia-01.azurewebsites.net/api/ExternalFilter/GetExternalFilterDetails
--------------------------------------------------------------------------------
[Failed Hit #1939] Hit ID: 461 | Status: 500 | Time: 45748ms | Error: Timeout 45000ms exceeded
  Target API URL: https://dev-ux-linux-ezabgbfbfxh3gggs.southindia-01.azurewebsites.net/api/ExternalFilter/GetExternalFilterDetails
--------------------------------------------------------------------------------
[Failed Hit #1940] Hit ID: 462 | Status: 500 | Time: 45747ms | Error: Timeout 45000ms exceeded
  Target API URL: https://dev-ux-linux-ezabgbfbfxh3gggs.southindia-01.azurewebsites.net/api/ExternalFilter/GetExternalFilterDetails
--------------------------------------------------------------------------------
[Failed Hit #1941] Hit ID: 463 | Status: 500 | Time: 45746ms | Error: Timeout 45000ms exceeded
  Target API URL: https://dev-ux-linux-ezabgbfbfxh3gggs.southindia-01.azurewebsites.net/api/ExternalFilter/GetExternalFilterDetails
--------------------------------------------------------------------------------
[Failed Hit #1942] Hit ID: 464 | Status: 500 | Time: 45745ms | Error: Timeout 45000ms exceeded
  Target API URL: https://dev-ux-linux-ezabgbfbfxh3gggs.southindia-01.azurewebsites.net/api/ExternalFilter/GetExternalFilterDetails
--------------------------------------------------------------------------------
[Failed Hit #1943] Hit ID: 465 | Status: 500 | Time: 45743ms | Error: Timeout 45000ms exceeded
  Target API URL: https://dev-ux-linux-ezabgbfbfxh3gggs.southindia-01.azurewebsites.net/api/ExternalFilter/GetExternalFilterDetails
--------------------------------------------------------------------------------
[Failed Hit #1944] Hit ID: 466 | Status: 500 | Time: 45742ms | Error: Timeout 45000ms exceeded
  Target API URL: https://dev-ux-linux-ezabgbfbfxh3gggs.southindia-01.azurewebsites.net/api/ExternalFilter/GetExternalFilterDetails
--------------------------------------------------------------------------------
[Failed Hit #1945] Hit ID: 467 | Status: 500 | Time: 45742ms | Error: Timeout 45000ms exceeded
  Target API URL: https://dev-ux-linux-ezabgbfbfxh3gggs.southindia-01.azurewebsites.net/api/ExternalFilter/GetExternalFilterDetails
--------------------------------------------------------------------------------
[Failed Hit #1946] Hit ID: 468 | Status: 500 | Time: 45740ms | Error: Timeout 45000ms exceeded
  Target API URL: https://dev-ux-linux-ezabgbfbfxh3gggs.southindia-01.azurewebsites.net/api/ExternalFilter/GetExternalFilterDetails
--------------------------------------------------------------------------------
[Failed Hit #1947] Hit ID: 469 | Status: 500 | Time: 45739ms | Error: Timeout 45000ms exceeded
  Target API URL: https://dev-ux-linux-ezabgbfbfxh3gggs.southindia-01.azurewebsites.net/api/ExternalFilter/GetExternalFilterDetails
--------------------------------------------------------------------------------
[Failed Hit #1948] Hit ID: 470 | Status: 500 | Time: 45738ms | Error: Timeout 45000ms exceeded
  Target API URL: https://dev-ux-linux-ezabgbfbfxh3gggs.southindia-01.azurewebsites.net/api/ExternalFilter/GetExternalFilterDetails
--------------------------------------------------------------------------------
[Failed Hit #1949] Hit ID: 471 | Status: 500 | Time: 45737ms | Error: Timeout 45000ms exceeded
  Target API URL: https://dev-ux-linux-ezabgbfbfxh3gggs.southindia-01.azurewebsites.net/api/ExternalFilter/GetExternalFilterDetails
--------------------------------------------------------------------------------
[Failed Hit #1950] Hit ID: 472 | Status: 500 | Time: 45735ms | Error: Timeout 45000ms exceeded
  Target API URL: https://dev-ux-linux-ezabgbfbfxh3gggs.southindia-01.azurewebsites.net/api/ExternalFilter/GetExternalFilterDetails
--------------------------------------------------------------------------------
[Failed Hit #1951] Hit ID: 473 | Status: 500 | Time: 45734ms | Error: Timeout 45000ms exceeded
  Target API URL: https://dev-ux-linux-ezabgbfbfxh3gggs.southindia-01.azurewebsites.net/api/ExternalFilter/GetExternalFilterDetails
--------------------------------------------------------------------------------
[Failed Hit #1952] Hit ID: 474 | Status: 500 | Time: 45733ms | Error: Timeout 45000ms exceeded
  Target API URL: https://dev-ux-linux-ezabgbfbfxh3gggs.southindia-01.azurewebsites.net/api/ExternalFilter/GetExternalFilterDetails
--------------------------------------------------------------------------------
[Failed Hit #1953] Hit ID: 475 | Status: 500 | Time: 45733ms | Error: Timeout 45000ms exceeded
  Target API URL: https://dev-ux-linux-ezabgbfbfxh3gggs.southindia-01.azurewebsites.net/api/ExternalFilter/GetExternalFilterDetails
--------------------------------------------------------------------------------
[Failed Hit #1954] Hit ID: 476 | Status: 500 | Time: 45732ms | Error: Timeout 45000ms exceeded
  Target API URL: https://dev-ux-linux-ezabgbfbfxh3gggs.southindia-01.azurewebsites.net/api/ExternalFilter/GetExternalFilterDetails
--------------------------------------------------------------------------------
[Failed Hit #1955] Hit ID: 477 | Status: 500 | Time: 45730ms | Error: Timeout 45000ms exceeded
  Target API URL: https://dev-ux-linux-ezabgbfbfxh3gggs.southindia-01.azurewebsites.net/api/ExternalFilter/GetExternalFilterDetails
--------------------------------------------------------------------------------
[Failed Hit #1956] Hit ID: 478 | Status: 500 | Time: 45765ms | Error: Timeout 45000ms exceeded
  Target API URL: https://dev-ux-linux-ezabgbfbfxh3gggs.southindia-01.azurewebsites.net/api/ExternalFilter/GetExternalFilterDetails
--------------------------------------------------------------------------------
[Failed Hit #1957] Hit ID: 479 | Status: 500 | Time: 45763ms | Error: Timeout 45000ms exceeded
  Target API URL: https://dev-ux-linux-ezabgbfbfxh3gggs.southindia-01.azurewebsites.net/api/ExternalFilter/GetExternalFilterDetails
--------------------------------------------------------------------------------
[Failed Hit #1958] Hit ID: 480 | Status: 500 | Time: 45763ms | Error: Timeout 45000ms exceeded
  Target API URL: https://dev-ux-linux-ezabgbfbfxh3gggs.southindia-01.azurewebsites.net/api/ExternalFilter/GetExternalFilterDetails
--------------------------------------------------------------------------------
[Failed Hit #1959] Hit ID: 481 | Status: 500 | Time: 45762ms | Error: Timeout 45000ms exceeded
  Target API URL: https://dev-ux-linux-ezabgbfbfxh3gggs.southindia-01.azurewebsites.net/api/ExternalFilter/GetExternalFilterDetails
--------------------------------------------------------------------------------
[Failed Hit #1960] Hit ID: 482 | Status: 500 | Time: 45758ms | Error: Timeout 45000ms exceeded
  Target API URL: https://dev-ux-linux-ezabgbfbfxh3gggs.southindia-01.azurewebsites.net/api/ExternalFilter/GetExternalFilterDetails
--------------------------------------------------------------------------------
[Failed Hit #1961] Hit ID: 483 | Status: 500 | Time: 45757ms | Error: Timeout 45000ms exceeded
  Target API URL: https://dev-ux-linux-ezabgbfbfxh3gggs.southindia-01.azurewebsites.net/api/ExternalFilter/GetExternalFilterDetails
--------------------------------------------------------------------------------
[Failed Hit #1962] Hit ID: 484 | Status: 500 | Time: 45756ms | Error: Timeout 45000ms exceeded
  Target API URL: https://dev-ux-linux-ezabgbfbfxh3gggs.southindia-01.azurewebsites.net/api/ExternalFilter/GetExternalFilterDetails
--------------------------------------------------------------------------------
[Failed Hit #1963] Hit ID: 485 | Status: 500 | Time: 45754ms | Error: Timeout 45000ms exceeded
  Target API URL: https://dev-ux-linux-ezabgbfbfxh3gggs.southindia-01.azurewebsites.net/api/ExternalFilter/GetExternalFilterDetails
--------------------------------------------------------------------------------
[Failed Hit #1964] Hit ID: 486 | Status: 500 | Time: 45753ms | Error: Timeout 45000ms exceeded
  Target API URL: https://dev-ux-linux-ezabgbfbfxh3gggs.southindia-01.azurewebsites.net/api/ExternalFilter/GetExternalFilterDetails
--------------------------------------------------------------------------------
[Failed Hit #1965] Hit ID: 487 | Status: 500 | Time: 45752ms | Error: Timeout 45000ms exceeded
  Target API URL: https://dev-ux-linux-ezabgbfbfxh3gggs.southindia-01.azurewebsites.net/api/ExternalFilter/GetExternalFilterDetails
--------------------------------------------------------------------------------
[Failed Hit #1966] Hit ID: 488 | Status: 500 | Time: 45751ms | Error: Timeout 45000ms exceeded
  Target API URL: https://dev-ux-linux-ezabgbfbfxh3gggs.southindia-01.azurewebsites.net/api/ExternalFilter/GetExternalFilterDetails
--------------------------------------------------------------------------------
[Failed Hit #1967] Hit ID: 489 | Status: 500 | Time: 45750ms | Error: Timeout 45000ms exceeded
  Target API URL: https://dev-ux-linux-ezabgbfbfxh3gggs.southindia-01.azurewebsites.net/api/ExternalFilter/GetExternalFilterDetails
--------------------------------------------------------------------------------
[Failed Hit #1968] Hit ID: 490 | Status: 500 | Time: 45749ms | Error: Timeout 45000ms exceeded
  Target API URL: https://dev-ux-linux-ezabgbfbfxh3gggs.southindia-01.azurewebsites.net/api/ExternalFilter/GetExternalFilterDetails
--------------------------------------------------------------------------------
[Failed Hit #1969] Hit ID: 491 | Status: 500 | Time: 45748ms | Error: Timeout 45000ms exceeded
  Target API URL: https://dev-ux-linux-ezabgbfbfxh3gggs.southindia-01.azurewebsites.net/api/ExternalFilter/GetExternalFilterDetails
--------------------------------------------------------------------------------
[Failed Hit #1970] Hit ID: 492 | Status: 500 | Time: 45747ms | Error: Timeout 45000ms exceeded
  Target API URL: https://dev-ux-linux-ezabgbfbfxh3gggs.southindia-01.azurewebsites.net/api/ExternalFilter/GetExternalFilterDetails
--------------------------------------------------------------------------------
[Failed Hit #1971] Hit ID: 493 | Status: 500 | Time: 45746ms | Error: Timeout 45000ms exceeded
  Target API URL: https://dev-ux-linux-ezabgbfbfxh3gggs.southindia-01.azurewebsites.net/api/ExternalFilter/GetExternalFilterDetails
--------------------------------------------------------------------------------
[Failed Hit #1972] Hit ID: 494 | Status: 500 | Time: 45744ms | Error: Timeout 45000ms exceeded
  Target API URL: https://dev-ux-linux-ezabgbfbfxh3gggs.southindia-01.azurewebsites.net/api/ExternalFilter/GetExternalFilterDetails
--------------------------------------------------------------------------------
[Failed Hit #1973] Hit ID: 495 | Status: 500 | Time: 45741ms | Error: Timeout 45000ms exceeded
  Target API URL: https://dev-ux-linux-ezabgbfbfxh3gggs.southindia-01.azurewebsites.net/api/ExternalFilter/GetExternalFilterDetails
--------------------------------------------------------------------------------
[Failed Hit #1974] Hit ID: 496 | Status: 500 | Time: 45738ms | Error: Timeout 45000ms exceeded
  Target API URL: https://dev-ux-linux-ezabgbfbfxh3gggs.southindia-01.azurewebsites.net/api/ExternalFilter/GetExternalFilterDetails
--------------------------------------------------------------------------------
[Failed Hit #1975] Hit ID: 497 | Status: 500 | Time: 45737ms | Error: Timeout 45000ms exceeded
  Target API URL: https://dev-ux-linux-ezabgbfbfxh3gggs.southindia-01.azurewebsites.net/api/ExternalFilter/GetExternalFilterDetails
--------------------------------------------------------------------------------
[Failed Hit #1976] Hit ID: 498 | Status: 500 | Time: 45736ms | Error: Timeout 45000ms exceeded
  Target API URL: https://dev-ux-linux-ezabgbfbfxh3gggs.southindia-01.azurewebsites.net/api/ExternalFilter/GetExternalFilterDetails
--------------------------------------------------------------------------------
[Failed Hit #1977] Hit ID: 499 | Status: 500 | Time: 45735ms | Error: Timeout 45000ms exceeded
  Target API URL: https://dev-ux-linux-ezabgbfbfxh3gggs.southindia-01.azurewebsites.net/api/ExternalFilter/GetExternalFilterDetails
--------------------------------------------------------------------------------
[Failed Hit #1978] Hit ID: 500 | Status: 500 | Time: 45733ms | Error: Timeout 45000ms exceeded
  Target API URL: https://dev-ux-linux-ezabgbfbfxh3gggs.southindia-01.azurewebsites.net/api/ExternalFilter/GetExternalFilterDetails
--------------------------------------------------------------------------------
[Failed Hit #1979] Hit ID: 501 | Status: 500 | Time: 45732ms | Error: Timeout 45000ms exceeded
  Target API URL: https://dev-ux-linux-ezabgbfbfxh3gggs.southindia-01.azurewebsites.net/api/ExternalFilter/GetExternalFilterDetails
--------------------------------------------------------------------------------
[Failed Hit #1980] Hit ID: 502 | Status: 500 | Time: 45731ms | Error: Timeout 45000ms exceeded
  Target API URL: https://dev-ux-linux-ezabgbfbfxh3gggs.southindia-01.azurewebsites.net/api/ExternalFilter/GetExternalFilterDetails
--------------------------------------------------------------------------------
[Failed Hit #1981] Hit ID: 503 | Status: 500 | Time: 45729ms | Error: Timeout 45000ms exceeded
  Target API URL: https://dev-ux-linux-ezabgbfbfxh3gggs.southindia-01.azurewebsites.net/api/ExternalFilter/GetExternalFilterDetails
--------------------------------------------------------------------------------
[Failed Hit #1982] Hit ID: 504 | Status: 500 | Time: 45726ms | Error: Timeout 45000ms exceeded
  Target API URL: https://dev-ux-linux-ezabgbfbfxh3gggs.southindia-01.azurewebsites.net/api/ExternalFilter/GetExternalFilterDetails
--------------------------------------------------------------------------------
[Failed Hit #1983] Hit ID: 505 | Status: 500 | Time: 45724ms | Error: Timeout 45000ms exceeded
  Target API URL: https://dev-ux-linux-ezabgbfbfxh3gggs.southindia-01.azurewebsites.net/api/ExternalFilter/GetExternalFilterDetails
--------------------------------------------------------------------------------
[Failed Hit #1984] Hit ID: 506 | Status: 500 | Time: 45723ms | Error: Timeout 45000ms exceeded
  Target API URL: https://dev-ux-linux-ezabgbfbfxh3gggs.southindia-01.azurewebsites.net/api/ExternalFilter/GetExternalFilterDetails
--------------------------------------------------------------------------------
[Failed Hit #1985] Hit ID: 507 | Status: 500 | Time: 45722ms | Error: Timeout 45000ms exceeded
  Target API URL: https://dev-ux-linux-ezabgbfbfxh3gggs.southindia-01.azurewebsites.net/api/ExternalFilter/GetExternalFilterDetails
--------------------------------------------------------------------------------
[Failed Hit #1986] Hit ID: 508 | Status: 500 | Time: 45721ms | Error: Timeout 45000ms exceeded
  Target API URL: https://dev-ux-linux-ezabgbfbfxh3gggs.southindia-01.azurewebsites.net/api/ExternalFilter/GetExternalFilterDetails
--------------------------------------------------------------------------------
[Failed Hit #1987] Hit ID: 509 | Status: 500 | Time: 45719ms | Error: Timeout 45000ms exceeded
  Target API URL: https://dev-ux-linux-ezabgbfbfxh3gggs.southindia-01.azurewebsites.net/api/ExternalFilter/GetExternalFilterDetails
--------------------------------------------------------------------------------
[Failed Hit #1988] Hit ID: 510 | Status: 500 | Time: 45735ms | Error: Timeout 45000ms exceeded
  Target API URL: https://dev-ux-linux-ezabgbfbfxh3gggs.southindia-01.azurewebsites.net/api/ExternalFilter/GetExternalFilterDetails
--------------------------------------------------------------------------------
[Failed Hit #1989] Hit ID: 511 | Status: 500 | Time: 45717ms | Error: Timeout 45000ms exceeded
  Target API URL: https://dev-ux-linux-ezabgbfbfxh3gggs.southindia-01.azurewebsites.net/api/ExternalFilter/GetExternalFilterDetails
--------------------------------------------------------------------------------
[Failed Hit #1990] Hit ID: 512 | Status: 500 | Time: 45714ms | Error: Timeout 45000ms exceeded
  Target API URL: https://dev-ux-linux-ezabgbfbfxh3gggs.southindia-01.azurewebsites.net/api/ExternalFilter/GetExternalFilterDetails
--------------------------------------------------------------------------------
[Failed Hit #1991] Hit ID: 513 | Status: 500 | Time: 45712ms | Error: Timeout 45000ms exceeded
  Target API URL: https://dev-ux-linux-ezabgbfbfxh3gggs.southindia-01.azurewebsites.net/api/ExternalFilter/GetExternalFilterDetails
--------------------------------------------------------------------------------
[Failed Hit #1992] Hit ID: 514 | Status: 500 | Time: 45711ms | Error: Timeout 45000ms exceeded
  Target API URL: https://dev-ux-linux-ezabgbfbfxh3gggs.southindia-01.azurewebsites.net/api/ExternalFilter/GetExternalFilterDetails
--------------------------------------------------------------------------------
[Failed Hit #1993] Hit ID: 515 | Status: 500 | Time: 45709ms | Error: Timeout 45000ms exceeded
  Target API URL: https://dev-ux-linux-ezabgbfbfxh3gggs.southindia-01.azurewebsites.net/api/ExternalFilter/GetExternalFilterDetails
--------------------------------------------------------------------------------
[Failed Hit #1994] Hit ID: 516 | Status: 500 | Time: 45709ms | Error: Timeout 45000ms exceeded
  Target API URL: https://dev-ux-linux-ezabgbfbfxh3gggs.southindia-01.azurewebsites.net/api/ExternalFilter/GetExternalFilterDetails
--------------------------------------------------------------------------------
[Failed Hit #1995] Hit ID: 517 | Status: 500 | Time: 45708ms | Error: Timeout 45000ms exceeded
  Target API URL: https://dev-ux-linux-ezabgbfbfxh3gggs.southindia-01.azurewebsites.net/api/ExternalFilter/GetExternalFilterDetails
--------------------------------------------------------------------------------
[Failed Hit #1996] Hit ID: 518 | Status: 500 | Time: 45707ms | Error: Timeout 45000ms exceeded
  Target API URL: https://dev-ux-linux-ezabgbfbfxh3gggs.southindia-01.azurewebsites.net/api/ExternalFilter/GetExternalFilterDetails
--------------------------------------------------------------------------------
[Failed Hit #1997] Hit ID: 519 | Status: 500 | Time: 45705ms | Error: Timeout 45000ms exceeded
  Target API URL: https://dev-ux-linux-ezabgbfbfxh3gggs.southindia-01.azurewebsites.net/api/ExternalFilter/GetExternalFilterDetails
--------------------------------------------------------------------------------
[Failed Hit #1998] Hit ID: 520 | Status: 500 | Time: 45704ms | Error: Timeout 45000ms exceeded
  Target API URL: https://dev-ux-linux-ezabgbfbfxh3gggs.southindia-01.azurewebsites.net/api/ExternalFilter/GetExternalFilterDetails
--------------------------------------------------------------------------------
[Failed Hit #1999] Hit ID: 521 | Status: 500 | Time: 45703ms | Error: Timeout 45000ms exceeded
  Target API URL: https://dev-ux-linux-ezabgbfbfxh3gggs.southindia-01.azurewebsites.net/api/ExternalFilter/GetExternalFilterDetails
--------------------------------------------------------------------------------
[Failed Hit #2000] Hit ID: 522 | Status: 500 | Time: 45701ms | Error: Timeout 45000ms exceeded
  Target API URL: https://dev-ux-linux-ezabgbfbfxh3gggs.southindia-01.azurewebsites.net/api/ExternalFilter/GetExternalFilterDetails
--------------------------------------------------------------------------------
[Failed Hit #2001] Hit ID: 523 | Status: 500 | Time: 45700ms | Error: Timeout 45000ms exceeded
  Target API URL: https://dev-ux-linux-ezabgbfbfxh3gggs.southindia-01.azurewebsites.net/api/ExternalFilter/GetExternalFilterDetails
--------------------------------------------------------------------------------
[Failed Hit #2002] Hit ID: 524 | Status: 500 | Time: 45699ms | Error: Timeout 45000ms exceeded
  Target API URL: https://dev-ux-linux-ezabgbfbfxh3gggs.southindia-01.azurewebsites.net/api/ExternalFilter/GetExternalFilterDetails
--------------------------------------------------------------------------------
[Failed Hit #2003] Hit ID: 525 | Status: 500 | Time: 45698ms | Error: Timeout 45000ms exceeded
  Target API URL: https://dev-ux-linux-ezabgbfbfxh3gggs.southindia-01.azurewebsites.net/api/ExternalFilter/GetExternalFilterDetails
--------------------------------------------------------------------------------
[Failed Hit #2004] Hit ID: 526 | Status: 500 | Time: 45697ms | Error: Timeout 45000ms exceeded
  Target API URL: https://dev-ux-linux-ezabgbfbfxh3gggs.southindia-01.azurewebsites.net/api/ExternalFilter/GetExternalFilterDetails
--------------------------------------------------------------------------------
[Failed Hit #2005] Hit ID: 527 | Status: 500 | Time: 45696ms | Error: Timeout 45000ms exceeded
  Target API URL: https://dev-ux-linux-ezabgbfbfxh3gggs.southindia-01.azurewebsites.net/api/ExternalFilter/GetExternalFilterDetails
--------------------------------------------------------------------------------
[Failed Hit #2006] Hit ID: 528 | Status: 500 | Time: 45697ms | Error: Timeout 45000ms exceeded
  Target API URL: https://dev-ux-linux-ezabgbfbfxh3gggs.southindia-01.azurewebsites.net/api/ExternalFilter/GetExternalFilterDetails
--------------------------------------------------------------------------------
[Failed Hit #2007] Hit ID: 529 | Status: 500 | Time: 45697ms | Error: Timeout 45000ms exceeded
  Target API URL: https://dev-ux-linux-ezabgbfbfxh3gggs.southindia-01.azurewebsites.net/api/ExternalFilter/GetExternalFilterDetails
--------------------------------------------------------------------------------
[Failed Hit #2008] Hit ID: 530 | Status: 500 | Time: 45695ms | Error: Timeout 45000ms exceeded
  Target API URL: https://dev-ux-linux-ezabgbfbfxh3gggs.southindia-01.azurewebsites.net/api/ExternalFilter/GetExternalFilterDetails
--------------------------------------------------------------------------------
[Failed Hit #2009] Hit ID: 531 | Status: 500 | Time: 45695ms | Error: Timeout 45000ms exceeded
  Target API URL: https://dev-ux-linux-ezabgbfbfxh3gggs.southindia-01.azurewebsites.net/api/ExternalFilter/GetExternalFilterDetails
--------------------------------------------------------------------------------
[Failed Hit #2010] Hit ID: 532 | Status: 500 | Time: 45694ms | Error: Timeout 45000ms exceeded
  Target API URL: https://dev-ux-linux-ezabgbfbfxh3gggs.southindia-01.azurewebsites.net/api/ExternalFilter/GetExternalFilterDetails
--------------------------------------------------------------------------------
[Failed Hit #2011] Hit ID: 533 | Status: 500 | Time: 45693ms | Error: Timeout 45000ms exceeded
  Target API URL: https://dev-ux-linux-ezabgbfbfxh3gggs.southindia-01.azurewebsites.net/api/ExternalFilter/GetExternalFilterDetails
--------------------------------------------------------------------------------
[Failed Hit #2012] Hit ID: 534 | Status: 500 | Time: 45692ms | Error: Timeout 45000ms exceeded
  Target API URL: https://dev-ux-linux-ezabgbfbfxh3gggs.southindia-01.azurewebsites.net/api/ExternalFilter/GetExternalFilterDetails
--------------------------------------------------------------------------------
[Failed Hit #2013] Hit ID: 535 | Status: 500 | Time: 45691ms | Error: Timeout 45000ms exceeded
  Target API URL: https://dev-ux-linux-ezabgbfbfxh3gggs.southindia-01.azurewebsites.net/api/ExternalFilter/GetExternalFilterDetails
--------------------------------------------------------------------------------
[Failed Hit #2014] Hit ID: 536 | Status: 500 | Time: 45690ms | Error: Timeout 45000ms exceeded
  Target API URL: https://dev-ux-linux-ezabgbfbfxh3gggs.southindia-01.azurewebsites.net/api/ExternalFilter/GetExternalFilterDetails
--------------------------------------------------------------------------------
[Failed Hit #2015] Hit ID: 537 | Status: 500 | Time: 45688ms | Error: Timeout 45000ms exceeded
  Target API URL: https://dev-ux-linux-ezabgbfbfxh3gggs.southindia-01.azurewebsites.net/api/ExternalFilter/GetExternalFilterDetails
--------------------------------------------------------------------------------
[Failed Hit #2016] Hit ID: 538 | Status: 500 | Time: 45688ms | Error: Timeout 45000ms exceeded
  Target API URL: https://dev-ux-linux-ezabgbfbfxh3gggs.southindia-01.azurewebsites.net/api/ExternalFilter/GetExternalFilterDetails
--------------------------------------------------------------------------------
[Failed Hit #2017] Hit ID: 539 | Status: 500 | Time: 45687ms | Error: Timeout 45000ms exceeded
  Target API URL: https://dev-ux-linux-ezabgbfbfxh3gggs.southindia-01.azurewebsites.net/api/ExternalFilter/GetExternalFilterDetails
--------------------------------------------------------------------------------
[Failed Hit #2018] Hit ID: 540 | Status: 500 | Time: 45686ms | Error: Timeout 45000ms exceeded
  Target API URL: https://dev-ux-linux-ezabgbfbfxh3gggs.southindia-01.azurewebsites.net/api/ExternalFilter/GetExternalFilterDetails
--------------------------------------------------------------------------------
[Failed Hit #2019] Hit ID: 541 | Status: 500 | Time: 45685ms | Error: Timeout 45000ms exceeded
  Target API URL: https://dev-ux-linux-ezabgbfbfxh3gggs.southindia-01.azurewebsites.net/api/ExternalFilter/GetExternalFilterDetails
--------------------------------------------------------------------------------
[Failed Hit #2020] Hit ID: 542 | Status: 500 | Time: 45684ms | Error: Timeout 45000ms exceeded
  Target API URL: https://dev-ux-linux-ezabgbfbfxh3gggs.southindia-01.azurewebsites.net/api/ExternalFilter/GetExternalFilterDetails
--------------------------------------------------------------------------------
[Failed Hit #2021] Hit ID: 543 | Status: 500 | Time: 45683ms | Error: Timeout 45000ms exceeded
  Target API URL: https://dev-ux-linux-ezabgbfbfxh3gggs.southindia-01.azurewebsites.net/api/ExternalFilter/GetExternalFilterDetails
--------------------------------------------------------------------------------
[Failed Hit #2022] Hit ID: 544 | Status: 500 | Time: 45682ms | Error: Timeout 45000ms exceeded
  Target API URL: https://dev-ux-linux-ezabgbfbfxh3gggs.southindia-01.azurewebsites.net/api/ExternalFilter/GetExternalFilterDetails
--------------------------------------------------------------------------------
[Failed Hit #2023] Hit ID: 545 | Status: 500 | Time: 45681ms | Error: Timeout 45000ms exceeded
  Target API URL: https://dev-ux-linux-ezabgbfbfxh3gggs.southindia-01.azurewebsites.net/api/ExternalFilter/GetExternalFilterDetails
--------------------------------------------------------------------------------
[Failed Hit #2024] Hit ID: 546 | Status: 500 | Time: 45681ms | Error: Timeout 45000ms exceeded
  Target API URL: https://dev-ux-linux-ezabgbfbfxh3gggs.southindia-01.azurewebsites.net/api/ExternalFilter/GetExternalFilterDetails
--------------------------------------------------------------------------------
[Failed Hit #2025] Hit ID: 547 | Status: 500 | Time: 45680ms | Error: Timeout 45000ms exceeded
  Target API URL: https://dev-ux-linux-ezabgbfbfxh3gggs.southindia-01.azurewebsites.net/api/ExternalFilter/GetExternalFilterDetails
--------------------------------------------------------------------------------
[Failed Hit #2026] Hit ID: 548 | Status: 500 | Time: 45679ms | Error: Timeout 45000ms exceeded
  Target API URL: https://dev-ux-linux-ezabgbfbfxh3gggs.southindia-01.azurewebsites.net/api/ExternalFilter/GetExternalFilterDetails
--------------------------------------------------------------------------------
[Failed Hit #2027] Hit ID: 549 | Status: 500 | Time: 45679ms | Error: Timeout 45000ms exceeded
  Target API URL: https://dev-ux-linux-ezabgbfbfxh3gggs.southindia-01.azurewebsites.net/api/ExternalFilter/GetExternalFilterDetails
--------------------------------------------------------------------------------
[Failed Hit #2028] Hit ID: 550 | Status: 500 | Time: 45678ms | Error: Timeout 45000ms exceeded
  Target API URL: https://dev-ux-linux-ezabgbfbfxh3gggs.southindia-01.azurewebsites.net/api/ExternalFilter/GetExternalFilterDetails
--------------------------------------------------------------------------------
[Failed Hit #2029] Hit ID: 551 | Status: 500 | Time: 45677ms | Error: Timeout 45000ms exceeded
  Target API URL: https://dev-ux-linux-ezabgbfbfxh3gggs.southindia-01.azurewebsites.net/api/ExternalFilter/GetExternalFilterDetails
--------------------------------------------------------------------------------
[Failed Hit #2030] Hit ID: 552 | Status: 500 | Time: 45675ms | Error: Timeout 45000ms exceeded
  Target API URL: https://dev-ux-linux-ezabgbfbfxh3gggs.southindia-01.azurewebsites.net/api/ExternalFilter/GetExternalFilterDetails
--------------------------------------------------------------------------------
[Failed Hit #2031] Hit ID: 553 | Status: 500 | Time: 45674ms | Error: Timeout 45000ms exceeded
  Target API URL: https://dev-ux-linux-ezabgbfbfxh3gggs.southindia-01.azurewebsites.net/api/ExternalFilter/GetExternalFilterDetails
--------------------------------------------------------------------------------
[Failed Hit #2032] Hit ID: 554 | Status: 500 | Time: 45673ms | Error: Timeout 45000ms exceeded
  Target API URL: https://dev-ux-linux-ezabgbfbfxh3gggs.southindia-01.azurewebsites.net/api/ExternalFilter/GetExternalFilterDetails
--------------------------------------------------------------------------------
[Failed Hit #2033] Hit ID: 555 | Status: 500 | Time: 45673ms | Error: Timeout 45000ms exceeded
  Target API URL: https://dev-ux-linux-ezabgbfbfxh3gggs.southindia-01.azurewebsites.net/api/ExternalFilter/GetExternalFilterDetails
--------------------------------------------------------------------------------
[Failed Hit #2034] Hit ID: 556 | Status: 500 | Time: 45672ms | Error: Timeout 45000ms exceeded
  Target API URL: https://dev-ux-linux-ezabgbfbfxh3gggs.southindia-01.azurewebsites.net/api/ExternalFilter/GetExternalFilterDetails
--------------------------------------------------------------------------------
[Failed Hit #2035] Hit ID: 557 | Status: 500 | Time: 45671ms | Error: Timeout 45000ms exceeded
  Target API URL: https://dev-ux-linux-ezabgbfbfxh3gggs.southindia-01.azurewebsites.net/api/ExternalFilter/GetExternalFilterDetails
--------------------------------------------------------------------------------
[Failed Hit #2036] Hit ID: 558 | Status: 500 | Time: 45670ms | Error: Timeout 45000ms exceeded
  Target API URL: https://dev-ux-linux-ezabgbfbfxh3gggs.southindia-01.azurewebsites.net/api/ExternalFilter/GetExternalFilterDetails
--------------------------------------------------------------------------------
[Failed Hit #2037] Hit ID: 559 | Status: 500 | Time: 45669ms | Error: Timeout 45000ms exceeded
  Target API URL: https://dev-ux-linux-ezabgbfbfxh3gggs.southindia-01.azurewebsites.net/api/ExternalFilter/GetExternalFilterDetails
--------------------------------------------------------------------------------
[Failed Hit #2038] Hit ID: 560 | Status: 500 | Time: 45668ms | Error: Timeout 45000ms exceeded
  Target API URL: https://dev-ux-linux-ezabgbfbfxh3gggs.southindia-01.azurewebsites.net/api/ExternalFilter/GetExternalFilterDetails
--------------------------------------------------------------------------------
[Failed Hit #2039] Hit ID: 561 | Status: 500 | Time: 45667ms | Error: Timeout 45000ms exceeded
  Target API URL: https://dev-ux-linux-ezabgbfbfxh3gggs.southindia-01.azurewebsites.net/api/ExternalFilter/GetExternalFilterDetails
--------------------------------------------------------------------------------
[Failed Hit #2040] Hit ID: 562 | Status: 500 | Time: 45665ms | Error: Timeout 45000ms exceeded
  Target API URL: https://dev-ux-linux-ezabgbfbfxh3gggs.southindia-01.azurewebsites.net/api/ExternalFilter/GetExternalFilterDetails
--------------------------------------------------------------------------------
[Failed Hit #2041] Hit ID: 563 | Status: 500 | Time: 45664ms | Error: Timeout 45000ms exceeded
  Target API URL: https://dev-ux-linux-ezabgbfbfxh3gggs.southindia-01.azurewebsites.net/api/ExternalFilter/GetExternalFilterDetails
--------------------------------------------------------------------------------
[Failed Hit #2042] Hit ID: 564 | Status: 500 | Time: 45664ms | Error: Timeout 45000ms exceeded
  Target API URL: https://dev-ux-linux-ezabgbfbfxh3gggs.southindia-01.azurewebsites.net/api/ExternalFilter/GetExternalFilterDetails
--------------------------------------------------------------------------------
[Failed Hit #2043] Hit ID: 565 | Status: 500 | Time: 45662ms | Error: Timeout 45000ms exceeded
  Target API URL: https://dev-ux-linux-ezabgbfbfxh3gggs.southindia-01.azurewebsites.net/api/ExternalFilter/GetExternalFilterDetails
--------------------------------------------------------------------------------
[Failed Hit #2044] Hit ID: 566 | Status: 500 | Time: 45660ms | Error: Timeout 45000ms exceeded
  Target API URL: https://dev-ux-linux-ezabgbfbfxh3gggs.southindia-01.azurewebsites.net/api/ExternalFilter/GetExternalFilterDetails
--------------------------------------------------------------------------------
[Failed Hit #2045] Hit ID: 567 | Status: 500 | Time: 45659ms | Error: Timeout 45000ms exceeded
  Target API URL: https://dev-ux-linux-ezabgbfbfxh3gggs.southindia-01.azurewebsites.net/api/ExternalFilter/GetExternalFilterDetails
--------------------------------------------------------------------------------
[Failed Hit #2046] Hit ID: 568 | Status: 500 | Time: 45658ms | Error: Timeout 45000ms exceeded
  Target API URL: https://dev-ux-linux-ezabgbfbfxh3gggs.southindia-01.azurewebsites.net/api/ExternalFilter/GetExternalFilterDetails
--------------------------------------------------------------------------------
[Failed Hit #2047] Hit ID: 569 | Status: 500 | Time: 45657ms | Error: Timeout 45000ms exceeded
  Target API URL: https://dev-ux-linux-ezabgbfbfxh3gggs.southindia-01.azurewebsites.net/api/ExternalFilter/GetExternalFilterDetails
--------------------------------------------------------------------------------
[Failed Hit #2048] Hit ID: 570 | Status: 500 | Time: 45656ms | Error: Timeout 45000ms exceeded
  Target API URL: https://dev-ux-linux-ezabgbfbfxh3gggs.southindia-01.azurewebsites.net/api/ExternalFilter/GetExternalFilterDetails
--------------------------------------------------------------------------------
[Failed Hit #2049] Hit ID: 571 | Status: 500 | Time: 45654ms | Error: Timeout 45000ms exceeded
  Target API URL: https://dev-ux-linux-ezabgbfbfxh3gggs.southindia-01.azurewebsites.net/api/ExternalFilter/GetExternalFilterDetails
--------------------------------------------------------------------------------
[Failed Hit #2050] Hit ID: 572 | Status: 500 | Time: 45653ms | Error: Timeout 45000ms exceeded
  Target API URL: https://dev-ux-linux-ezabgbfbfxh3gggs.southindia-01.azurewebsites.net/api/ExternalFilter/GetExternalFilterDetails
--------------------------------------------------------------------------------
[Failed Hit #2051] Hit ID: 573 | Status: 500 | Time: 45652ms | Error: Timeout 45000ms exceeded
  Target API URL: https://dev-ux-linux-ezabgbfbfxh3gggs.southindia-01.azurewebsites.net/api/ExternalFilter/GetExternalFilterDetails
--------------------------------------------------------------------------------
[Failed Hit #2052] Hit ID: 574 | Status: 500 | Time: 45652ms | Error: Timeout 45000ms exceeded
  Target API URL: https://dev-ux-linux-ezabgbfbfxh3gggs.southindia-01.azurewebsites.net/api/ExternalFilter/GetExternalFilterDetails
--------------------------------------------------------------------------------
[Failed Hit #2053] Hit ID: 575 | Status: 500 | Time: 45651ms | Error: Timeout 45000ms exceeded
  Target API URL: https://dev-ux-linux-ezabgbfbfxh3gggs.southindia-01.azurewebsites.net/api/ExternalFilter/GetExternalFilterDetails
--------------------------------------------------------------------------------
[Failed Hit #2054] Hit ID: 576 | Status: 500 | Time: 45650ms | Error: Timeout 45000ms exceeded
  Target API URL: https://dev-ux-linux-ezabgbfbfxh3gggs.southindia-01.azurewebsites.net/api/ExternalFilter/GetExternalFilterDetails
--------------------------------------------------------------------------------
[Failed Hit #2055] Hit ID: 577 | Status: 500 | Time: 45649ms | Error: Timeout 45000ms exceeded
  Target API URL: https://dev-ux-linux-ezabgbfbfxh3gggs.southindia-01.azurewebsites.net/api/ExternalFilter/GetExternalFilterDetails
--------------------------------------------------------------------------------
[Failed Hit #2056] Hit ID: 578 | Status: 500 | Time: 45648ms | Error: Timeout 45000ms exceeded
  Target API URL: https://dev-ux-linux-ezabgbfbfxh3gggs.southindia-01.azurewebsites.net/api/ExternalFilter/GetExternalFilterDetails
--------------------------------------------------------------------------------
[Failed Hit #2057] Hit ID: 579 | Status: 500 | Time: 45647ms | Error: Timeout 45000ms exceeded
  Target API URL: https://dev-ux-linux-ezabgbfbfxh3gggs.southindia-01.azurewebsites.net/api/ExternalFilter/GetExternalFilterDetails
--------------------------------------------------------------------------------
[Failed Hit #2058] Hit ID: 580 | Status: 500 | Time: 45645ms | Error: Timeout 45000ms exceeded
  Target API URL: https://dev-ux-linux-ezabgbfbfxh3gggs.southindia-01.azurewebsites.net/api/ExternalFilter/GetExternalFilterDetails
--------------------------------------------------------------------------------
[Failed Hit #2059] Hit ID: 581 | Status: 500 | Time: 45644ms | Error: Timeout 45000ms exceeded
  Target API URL: https://dev-ux-linux-ezabgbfbfxh3gggs.southindia-01.azurewebsites.net/api/ExternalFilter/GetExternalFilterDetails
--------------------------------------------------------------------------------
[Failed Hit #2060] Hit ID: 582 | Status: 500 | Time: 45644ms | Error: Timeout 45000ms exceeded
  Target API URL: https://dev-ux-linux-ezabgbfbfxh3gggs.southindia-01.azurewebsites.net/api/ExternalFilter/GetExternalFilterDetails
--------------------------------------------------------------------------------
[Failed Hit #2061] Hit ID: 583 | Status: 500 | Time: 45644ms | Error: Timeout 45000ms exceeded
  Target API URL: https://dev-ux-linux-ezabgbfbfxh3gggs.southindia-01.azurewebsites.net/api/ExternalFilter/GetExternalFilterDetails
--------------------------------------------------------------------------------
[Failed Hit #2062] Hit ID: 584 | Status: 500 | Time: 45643ms | Error: Timeout 45000ms exceeded
  Target API URL: https://dev-ux-linux-ezabgbfbfxh3gggs.southindia-01.azurewebsites.net/api/ExternalFilter/GetExternalFilterDetails
--------------------------------------------------------------------------------
[Failed Hit #2063] Hit ID: 585 | Status: 500 | Time: 45642ms | Error: Timeout 45000ms exceeded
  Target API URL: https://dev-ux-linux-ezabgbfbfxh3gggs.southindia-01.azurewebsites.net/api/ExternalFilter/GetExternalFilterDetails
--------------------------------------------------------------------------------
[Failed Hit #2064] Hit ID: 586 | Status: 500 | Time: 45641ms | Error: Timeout 45000ms exceeded
  Target API URL: https://dev-ux-linux-ezabgbfbfxh3gggs.southindia-01.azurewebsites.net/api/ExternalFilter/GetExternalFilterDetails
--------------------------------------------------------------------------------
[Failed Hit #2065] Hit ID: 587 | Status: 500 | Time: 45640ms | Error: Timeout 45000ms exceeded
  Target API URL: https://dev-ux-linux-ezabgbfbfxh3gggs.southindia-01.azurewebsites.net/api/ExternalFilter/GetExternalFilterDetails
--------------------------------------------------------------------------------
[Failed Hit #2066] Hit ID: 588 | Status: 500 | Time: 45639ms | Error: Timeout 45000ms exceeded
  Target API URL: https://dev-ux-linux-ezabgbfbfxh3gggs.southindia-01.azurewebsites.net/api/ExternalFilter/GetExternalFilterDetails
--------------------------------------------------------------------------------
[Failed Hit #2067] Hit ID: 589 | Status: 500 | Time: 45638ms | Error: Timeout 45000ms exceeded
  Target API URL: https://dev-ux-linux-ezabgbfbfxh3gggs.southindia-01.azurewebsites.net/api/ExternalFilter/GetExternalFilterDetails
--------------------------------------------------------------------------------
[Failed Hit #2068] Hit ID: 590 | Status: 500 | Time: 45637ms | Error: Timeout 45000ms exceeded
  Target API URL: https://dev-ux-linux-ezabgbfbfxh3gggs.southindia-01.azurewebsites.net/api/ExternalFilter/GetExternalFilterDetails
--------------------------------------------------------------------------------
[Failed Hit #2069] Hit ID: 591 | Status: 500 | Time: 45636ms | Error: Timeout 45000ms exceeded
  Target API URL: https://dev-ux-linux-ezabgbfbfxh3gggs.southindia-01.azurewebsites.net/api/ExternalFilter/GetExternalFilterDetails
--------------------------------------------------------------------------------
[Failed Hit #2070] Hit ID: 592 | Status: 500 | Time: 45635ms | Error: Timeout 45000ms exceeded
  Target API URL: https://dev-ux-linux-ezabgbfbfxh3gggs.southindia-01.azurewebsites.net/api/ExternalFilter/GetExternalFilterDetails
--------------------------------------------------------------------------------
[Failed Hit #2071] Hit ID: 593 | Status: 500 | Time: 45635ms | Error: Timeout 45000ms exceeded
  Target API URL: https://dev-ux-linux-ezabgbfbfxh3gggs.southindia-01.azurewebsites.net/api/ExternalFilter/GetExternalFilterDetails
--------------------------------------------------------------------------------
[Failed Hit #2072] Hit ID: 594 | Status: 500 | Time: 45634ms | Error: Timeout 45000ms exceeded
  Target API URL: https://dev-ux-linux-ezabgbfbfxh3gggs.southindia-01.azurewebsites.net/api/ExternalFilter/GetExternalFilterDetails
--------------------------------------------------------------------------------
[Failed Hit #2073] Hit ID: 595 | Status: 500 | Time: 45633ms | Error: Timeout 45000ms exceeded
  Target API URL: https://dev-ux-linux-ezabgbfbfxh3gggs.southindia-01.azurewebsites.net/api/ExternalFilter/GetExternalFilterDetails
--------------------------------------------------------------------------------
[Failed Hit #2074] Hit ID: 596 | Status: 500 | Time: 45632ms | Error: Timeout 45000ms exceeded
  Target API URL: https://dev-ux-linux-ezabgbfbfxh3gggs.southindia-01.azurewebsites.net/api/ExternalFilter/GetExternalFilterDetails
--------------------------------------------------------------------------------
[Failed Hit #2075] Hit ID: 597 | Status: 500 | Time: 45631ms | Error: Timeout 45000ms exceeded
  Target API URL: https://dev-ux-linux-ezabgbfbfxh3gggs.southindia-01.azurewebsites.net/api/ExternalFilter/GetExternalFilterDetails
--------------------------------------------------------------------------------
[Failed Hit #2076] Hit ID: 598 | Status: 500 | Time: 45630ms | Error: Timeout 45000ms exceeded
  Target API URL: https://dev-ux-linux-ezabgbfbfxh3gggs.southindia-01.azurewebsites.net/api/ExternalFilter/GetExternalFilterDetails
--------------------------------------------------------------------------------
[Failed Hit #2077] Hit ID: 599 | Status: 500 | Time: 45629ms | Error: Timeout 45000ms exceeded
  Target API URL: https://dev-ux-linux-ezabgbfbfxh3gggs.southindia-01.azurewebsites.net/api/ExternalFilter/GetExternalFilterDetails
--------------------------------------------------------------------------------
[Failed Hit #2078] Hit ID: 600 | Status: 500 | Time: 45628ms | Error: Timeout 45000ms exceeded
  Target API URL: https://dev-ux-linux-ezabgbfbfxh3gggs.southindia-01.azurewebsites.net/api/ExternalFilter/GetExternalFilterDetails
--------------------------------------------------------------------------------
[Failed Hit #2079] Hit ID: 601 | Status: 500 | Time: 45626ms | Error: Timeout 45000ms exceeded
  Target API URL: https://dev-ux-linux-ezabgbfbfxh3gggs.southindia-01.azurewebsites.net/api/ExternalFilter/GetExternalFilterDetails
--------------------------------------------------------------------------------
[Failed Hit #2080] Hit ID: 602 | Status: 500 | Time: 45625ms | Error: Timeout 45000ms exceeded
  Target API URL: https://dev-ux-linux-ezabgbfbfxh3gggs.southindia-01.azurewebsites.net/api/ExternalFilter/GetExternalFilterDetails
--------------------------------------------------------------------------------
[Failed Hit #2081] Hit ID: 603 | Status: 500 | Time: 45625ms | Error: Timeout 45000ms exceeded
  Target API URL: https://dev-ux-linux-ezabgbfbfxh3gggs.southindia-01.azurewebsites.net/api/ExternalFilter/GetExternalFilterDetails
--------------------------------------------------------------------------------
[Failed Hit #2082] Hit ID: 604 | Status: 500 | Time: 45623ms | Error: Timeout 45000ms exceeded
  Target API URL: https://dev-ux-linux-ezabgbfbfxh3gggs.southindia-01.azurewebsites.net/api/ExternalFilter/GetExternalFilterDetails
--------------------------------------------------------------------------------
[Failed Hit #2083] Hit ID: 605 | Status: 500 | Time: 45622ms | Error: Timeout 45000ms exceeded
  Target API URL: https://dev-ux-linux-ezabgbfbfxh3gggs.southindia-01.azurewebsites.net/api/ExternalFilter/GetExternalFilterDetails
--------------------------------------------------------------------------------
[Failed Hit #2084] Hit ID: 606 | Status: 500 | Time: 45621ms | Error: Timeout 45000ms exceeded
  Target API URL: https://dev-ux-linux-ezabgbfbfxh3gggs.southindia-01.azurewebsites.net/api/ExternalFilter/GetExternalFilterDetails
--------------------------------------------------------------------------------
[Failed Hit #2085] Hit ID: 607 | Status: 500 | Time: 45620ms | Error: Timeout 45000ms exceeded
  Target API URL: https://dev-ux-linux-ezabgbfbfxh3gggs.southindia-01.azurewebsites.net/api/ExternalFilter/GetExternalFilterDetails
--------------------------------------------------------------------------------
[Failed Hit #2086] Hit ID: 608 | Status: 500 | Time: 45618ms | Error: Timeout 45000ms exceeded
  Target API URL: https://dev-ux-linux-ezabgbfbfxh3gggs.southindia-01.azurewebsites.net/api/ExternalFilter/GetExternalFilterDetails
--------------------------------------------------------------------------------
[Failed Hit #2087] Hit ID: 609 | Status: 500 | Time: 45617ms | Error: Timeout 45000ms exceeded
  Target API URL: https://dev-ux-linux-ezabgbfbfxh3gggs.southindia-01.azurewebsites.net/api/ExternalFilter/GetExternalFilterDetails
--------------------------------------------------------------------------------
[Failed Hit #2088] Hit ID: 610 | Status: 500 | Time: 45616ms | Error: Timeout 45000ms exceeded
  Target API URL: https://dev-ux-linux-ezabgbfbfxh3gggs.southindia-01.azurewebsites.net/api/ExternalFilter/GetExternalFilterDetails
--------------------------------------------------------------------------------
[Failed Hit #2089] Hit ID: 611 | Status: 500 | Time: 45615ms | Error: Timeout 45000ms exceeded
  Target API URL: https://dev-ux-linux-ezabgbfbfxh3gggs.southindia-01.azurewebsites.net/api/ExternalFilter/GetExternalFilterDetails
--------------------------------------------------------------------------------
[Failed Hit #2090] Hit ID: 612 | Status: 500 | Time: 45615ms | Error: Timeout 45000ms exceeded
  Target API URL: https://dev-ux-linux-ezabgbfbfxh3gggs.southindia-01.azurewebsites.net/api/ExternalFilter/GetExternalFilterDetails
--------------------------------------------------------------------------------
[Failed Hit #2091] Hit ID: 613 | Status: 500 | Time: 45614ms | Error: Timeout 45000ms exceeded
  Target API URL: https://dev-ux-linux-ezabgbfbfxh3gggs.southindia-01.azurewebsites.net/api/ExternalFilter/GetExternalFilterDetails
--------------------------------------------------------------------------------
[Failed Hit #2092] Hit ID: 614 | Status: 500 | Time: 45612ms | Error: Timeout 45000ms exceeded
  Target API URL: https://dev-ux-linux-ezabgbfbfxh3gggs.southindia-01.azurewebsites.net/api/ExternalFilter/GetExternalFilterDetails
--------------------------------------------------------------------------------
[Failed Hit #2093] Hit ID: 615 | Status: 500 | Time: 45611ms | Error: Timeout 45000ms exceeded
  Target API URL: https://dev-ux-linux-ezabgbfbfxh3gggs.southindia-01.azurewebsites.net/api/ExternalFilter/GetExternalFilterDetails
--------------------------------------------------------------------------------
[Failed Hit #2094] Hit ID: 616 | Status: 500 | Time: 45610ms | Error: Timeout 45000ms exceeded
  Target API URL: https://dev-ux-linux-ezabgbfbfxh3gggs.southindia-01.azurewebsites.net/api/ExternalFilter/GetExternalFilterDetails
--------------------------------------------------------------------------------
[Failed Hit #2095] Hit ID: 617 | Status: 500 | Time: 45610ms | Error: Timeout 45000ms exceeded
  Target API URL: https://dev-ux-linux-ezabgbfbfxh3gggs.southindia-01.azurewebsites.net/api/ExternalFilter/GetExternalFilterDetails
--------------------------------------------------------------------------------
[Failed Hit #2096] Hit ID: 618 | Status: 500 | Time: 45608ms | Error: Timeout 45000ms exceeded
  Target API URL: https://dev-ux-linux-ezabgbfbfxh3gggs.southindia-01.azurewebsites.net/api/ExternalFilter/GetExternalFilterDetails
--------------------------------------------------------------------------------
[Failed Hit #2097] Hit ID: 619 | Status: 500 | Time: 45608ms | Error: Timeout 45000ms exceeded
  Target API URL: https://dev-ux-linux-ezabgbfbfxh3gggs.southindia-01.azurewebsites.net/api/ExternalFilter/GetExternalFilterDetails
--------------------------------------------------------------------------------
[Failed Hit #2098] Hit ID: 620 | Status: 500 | Time: 45607ms | Error: Timeout 45000ms exceeded
  Target API URL: https://dev-ux-linux-ezabgbfbfxh3gggs.southindia-01.azurewebsites.net/api/ExternalFilter/GetExternalFilterDetails
--------------------------------------------------------------------------------
[Failed Hit #2099] Hit ID: 622 | Status: 500 | Time: 45605ms | Error: Timeout 45000ms exceeded
  Target API URL: https://dev-ux-linux-ezabgbfbfxh3gggs.southindia-01.azurewebsites.net/api/ExternalFilter/GetExternalFilterDetails
--------------------------------------------------------------------------------
[Failed Hit #2100] Hit ID: 624 | Status: 500 | Time: 45604ms | Error: Timeout 45000ms exceeded
  Target API URL: https://dev-ux-linux-ezabgbfbfxh3gggs.southindia-01.azurewebsites.net/api/ExternalFilter/GetExternalFilterDetails
--------------------------------------------------------------------------------
[Failed Hit #2101] Hit ID: 625 | Status: 500 | Time: 45603ms | Error: Timeout 45000ms exceeded
  Target API URL: https://dev-ux-linux-ezabgbfbfxh3gggs.southindia-01.azurewebsites.net/api/ExternalFilter/GetExternalFilterDetails
--------------------------------------------------------------------------------
[Failed Hit #2102] Hit ID: 627 | Status: 500 | Time: 45601ms | Error: Timeout 45000ms exceeded
  Target API URL: https://dev-ux-linux-ezabgbfbfxh3gggs.southindia-01.azurewebsites.net/api/ExternalFilter/GetExternalFilterDetails
--------------------------------------------------------------------------------
[Failed Hit #2103] Hit ID: 628 | Status: 500 | Time: 45600ms | Error: Timeout 45000ms exceeded
  Target API URL: https://dev-ux-linux-ezabgbfbfxh3gggs.southindia-01.azurewebsites.net/api/ExternalFilter/GetExternalFilterDetails
--------------------------------------------------------------------------------
[Failed Hit #2104] Hit ID: 629 | Status: 500 | Time: 45599ms | Error: Timeout 45000ms exceeded
  Target API URL: https://dev-ux-linux-ezabgbfbfxh3gggs.southindia-01.azurewebsites.net/api/ExternalFilter/GetExternalFilterDetails
--------------------------------------------------------------------------------
[Failed Hit #2105] Hit ID: 630 | Status: 500 | Time: 45598ms | Error: Timeout 45000ms exceeded
  Target API URL: https://dev-ux-linux-ezabgbfbfxh3gggs.southindia-01.azurewebsites.net/api/ExternalFilter/GetExternalFilterDetails
--------------------------------------------------------------------------------
[Failed Hit #2106] Hit ID: 632 | Status: 500 | Time: 45596ms | Error: Timeout 45000ms exceeded
  Target API URL: https://dev-ux-linux-ezabgbfbfxh3gggs.southindia-01.azurewebsites.net/api/ExternalFilter/GetExternalFilterDetails
--------------------------------------------------------------------------------
[Failed Hit #2107] Hit ID: 635 | Status: 500 | Time: 45594ms | Error: Timeout 45000ms exceeded
  Target API URL: https://dev-ux-linux-ezabgbfbfxh3gggs.southindia-01.azurewebsites.net/api/ExternalFilter/GetExternalFilterDetails
--------------------------------------------------------------------------------
[Failed Hit #2108] Hit ID: 636 | Status: 500 | Time: 45592ms | Error: Timeout 45000ms exceeded
  Target API URL: https://dev-ux-linux-ezabgbfbfxh3gggs.southindia-01.azurewebsites.net/api/ExternalFilter/GetExternalFilterDetails
--------------------------------------------------------------------------------
[Failed Hit #2109] Hit ID: 637 | Status: 500 | Time: 45591ms | Error: Timeout 45000ms exceeded
  Target API URL: https://dev-ux-linux-ezabgbfbfxh3gggs.southindia-01.azurewebsites.net/api/ExternalFilter/GetExternalFilterDetails
--------------------------------------------------------------------------------
[Failed Hit #2110] Hit ID: 639 | Status: 500 | Time: 45588ms | Error: Timeout 45000ms exceeded
  Target API URL: https://dev-ux-linux-ezabgbfbfxh3gggs.southindia-01.azurewebsites.net/api/ExternalFilter/GetExternalFilterDetails
--------------------------------------------------------------------------------
[Failed Hit #2111] Hit ID: 641 | Status: 500 | Time: 45585ms | Error: Timeout 45000ms exceeded
  Target API URL: https://dev-ux-linux-ezabgbfbfxh3gggs.southindia-01.azurewebsites.net/api/ExternalFilter/GetExternalFilterDetails
--------------------------------------------------------------------------------
[Failed Hit #2112] Hit ID: 643 | Status: 500 | Time: 45582ms | Error: Timeout 45000ms exceeded
  Target API URL: https://dev-ux-linux-ezabgbfbfxh3gggs.southindia-01.azurewebsites.net/api/ExternalFilter/GetExternalFilterDetails
--------------------------------------------------------------------------------
[Failed Hit #2113] Hit ID: 644 | Status: 500 | Time: 45581ms | Error: Timeout 45000ms exceeded
  Target API URL: https://dev-ux-linux-ezabgbfbfxh3gggs.southindia-01.azurewebsites.net/api/ExternalFilter/GetExternalFilterDetails
--------------------------------------------------------------------------------
[Failed Hit #2114] Hit ID: 649 | Status: 500 | Time: 45576ms | Error: Timeout 45000ms exceeded
  Target API URL: https://dev-ux-linux-ezabgbfbfxh3gggs.southindia-01.azurewebsites.net/api/ExternalFilter/GetExternalFilterDetails
--------------------------------------------------------------------------------
[Failed Hit #2115] Hit ID: 692 | Status: 500 | Time: 45523ms | Error: Timeout 45000ms exceeded
  Target API URL: https://dev-ux-linux-ezabgbfbfxh3gggs.southindia-01.azurewebsites.net/api/ExternalFilter/GetExternalFilterDetails
--------------------------------------------------------------------------------
[Failed Hit #2116] Hit ID: 703 | Status: 500 | Time: 45513ms | Error: Timeout 45000ms exceeded
  Target API URL: https://dev-ux-linux-ezabgbfbfxh3gggs.southindia-01.azurewebsites.net/api/ExternalFilter/GetExternalFilterDetails
--------------------------------------------------------------------------------
[Failed Hit #2117] Hit ID: 751 | Status: 500 | Time: 45478ms | Error: Timeout 45000ms exceeded
  Target API URL: https://dev-ux-linux-ezabgbfbfxh3gggs.southindia-01.azurewebsites.net/api/ExternalFilter/GetExternalFilterDetails
--------------------------------------------------------------------------------
[Failed Hit #2118] Hit ID: 752 | Status: 500 | Time: 45478ms | Error: Timeout 45000ms exceeded
  Target API URL: https://dev-ux-linux-ezabgbfbfxh3gggs.southindia-01.azurewebsites.net/api/ExternalFilter/GetExternalFilterDetails
--------------------------------------------------------------------------------
[Failed Hit #2119] Hit ID: 766 | Status: 500 | Time: 45463ms | Error: Timeout 45000ms exceeded
  Target API URL: https://dev-ux-linux-ezabgbfbfxh3gggs.southindia-01.azurewebsites.net/api/ExternalFilter/GetExternalFilterDetails
--------------------------------------------------------------------------------
[Failed Hit #2120] Hit ID: 767 | Status: 500 | Time: 45462ms | Error: Timeout 45000ms exceeded
  Target API URL: https://dev-ux-linux-ezabgbfbfxh3gggs.southindia-01.azurewebsites.net/api/ExternalFilter/GetExternalFilterDetails
--------------------------------------------------------------------------------
[Failed Hit #2121] Hit ID: 775 | Status: 500 | Time: 45452ms | Error: Timeout 45000ms exceeded
  Target API URL: https://dev-ux-linux-ezabgbfbfxh3gggs.southindia-01.azurewebsites.net/api/ExternalFilter/GetExternalFilterDetails
--------------------------------------------------------------------------------
[Failed Hit #2122] Hit ID: 782 | Status: 500 | Time: 45445ms | Error: Timeout 45000ms exceeded
  Target API URL: https://dev-ux-linux-ezabgbfbfxh3gggs.southindia-01.azurewebsites.net/api/ExternalFilter/GetExternalFilterDetails
--------------------------------------------------------------------------------
[Failed Hit #2123] Hit ID: 784 | Status: 500 | Time: 45442ms | Error: Timeout 45000ms exceeded
  Target API URL: https://dev-ux-linux-ezabgbfbfxh3gggs.southindia-01.azurewebsites.net/api/ExternalFilter/GetExternalFilterDetails
--------------------------------------------------------------------------------
[Failed Hit #2124] Hit ID: 785 | Status: 500 | Time: 45441ms | Error: Timeout 45000ms exceeded
  Target API URL: https://dev-ux-linux-ezabgbfbfxh3gggs.southindia-01.azurewebsites.net/api/ExternalFilter/GetExternalFilterDetails
--------------------------------------------------------------------------------
[Failed Hit #2125] Hit ID: 794 | Status: 500 | Time: 45432ms | Error: Timeout 45000ms exceeded
  Target API URL: https://dev-ux-linux-ezabgbfbfxh3gggs.southindia-01.azurewebsites.net/api/ExternalFilter/GetExternalFilterDetails
--------------------------------------------------------------------------------
[Failed Hit #2126] Hit ID: 797 | Status: 500 | Time: 45429ms | Error: Timeout 45000ms exceeded
  Target API URL: https://dev-ux-linux-ezabgbfbfxh3gggs.southindia-01.azurewebsites.net/api/ExternalFilter/GetExternalFilterDetails
--------------------------------------------------------------------------------
[Failed Hit #2127] Hit ID: 798 | Status: 500 | Time: 45429ms | Error: Timeout 45000ms exceeded
  Target API URL: https://dev-ux-linux-ezabgbfbfxh3gggs.southindia-01.azurewebsites.net/api/ExternalFilter/GetExternalFilterDetails
--------------------------------------------------------------------------------
[Failed Hit #2128] Hit ID: 804 | Status: 500 | Time: 45421ms | Error: Timeout 45000ms exceeded
  Target API URL: https://dev-ux-linux-ezabgbfbfxh3gggs.southindia-01.azurewebsites.net/api/ExternalFilter/GetExternalFilterDetails
--------------------------------------------------------------------------------
[Failed Hit #2129] Hit ID: 805 | Status: 500 | Time: 45420ms | Error: Timeout 45000ms exceeded
  Target API URL: https://dev-ux-linux-ezabgbfbfxh3gggs.southindia-01.azurewebsites.net/api/ExternalFilter/GetExternalFilterDetails
--------------------------------------------------------------------------------
[Failed Hit #2130] Hit ID: 806 | Status: 500 | Time: 45419ms | Error: Timeout 45000ms exceeded
  Target API URL: https://dev-ux-linux-ezabgbfbfxh3gggs.southindia-01.azurewebsites.net/api/ExternalFilter/GetExternalFilterDetails
--------------------------------------------------------------------------------
[Failed Hit #2131] Hit ID: 810 | Status: 500 | Time: 45415ms | Error: Timeout 45000ms exceeded
  Target API URL: https://dev-ux-linux-ezabgbfbfxh3gggs.southindia-01.azurewebsites.net/api/ExternalFilter/GetExternalFilterDetails
--------------------------------------------------------------------------------
[Failed Hit #2132] Hit ID: 812 | Status: 500 | Time: 45413ms | Error: Timeout 45000ms exceeded
  Target API URL: https://dev-ux-linux-ezabgbfbfxh3gggs.southindia-01.azurewebsites.net/api/ExternalFilter/GetExternalFilterDetails
--------------------------------------------------------------------------------
[Failed Hit #2133] Hit ID: 819 | Status: 500 | Time: 45405ms | Error: Timeout 45000ms exceeded
  Target API URL: https://dev-ux-linux-ezabgbfbfxh3gggs.southindia-01.azurewebsites.net/api/ExternalFilter/GetExternalFilterDetails
--------------------------------------------------------------------------------
[Failed Hit #2134] Hit ID: 820 | Status: 500 | Time: 45404ms | Error: Timeout 45000ms exceeded
  Target API URL: https://dev-ux-linux-ezabgbfbfxh3gggs.southindia-01.azurewebsites.net/api/ExternalFilter/GetExternalFilterDetails
--------------------------------------------------------------------------------
[Failed Hit #2135] Hit ID: 825 | Status: 500 | Time: 45400ms | Error: Timeout 45000ms exceeded
  Target API URL: https://dev-ux-linux-ezabgbfbfxh3gggs.southindia-01.azurewebsites.net/api/ExternalFilter/GetExternalFilterDetails
--------------------------------------------------------------------------------
[Failed Hit #2136] Hit ID: 826 | Status: 500 | Time: 45399ms | Error: Timeout 45000ms exceeded
  Target API URL: https://dev-ux-linux-ezabgbfbfxh3gggs.southindia-01.azurewebsites.net/api/ExternalFilter/GetExternalFilterDetails
--------------------------------------------------------------------------------
[Failed Hit #2137] Hit ID: 827 | Status: 500 | Time: 45398ms | Error: Timeout 45000ms exceeded
  Target API URL: https://dev-ux-linux-ezabgbfbfxh3gggs.southindia-01.azurewebsites.net/api/ExternalFilter/GetExternalFilterDetails
--------------------------------------------------------------------------------
[Failed Hit #2138] Hit ID: 828 | Status: 500 | Time: 45397ms | Error: Timeout 45000ms exceeded
  Target API URL: https://dev-ux-linux-ezabgbfbfxh3gggs.southindia-01.azurewebsites.net/api/ExternalFilter/GetExternalFilterDetails
--------------------------------------------------------------------------------
[Failed Hit #2139] Hit ID: 841 | Status: 500 | Time: 45382ms | Error: Timeout 45000ms exceeded
  Target API URL: https://dev-ux-linux-ezabgbfbfxh3gggs.southindia-01.azurewebsites.net/api/ExternalFilter/GetExternalFilterDetails
--------------------------------------------------------------------------------
[Failed Hit #2140] Hit ID: 849 | Status: 500 | Time: 45374ms | Error: Timeout 45000ms exceeded
  Target API URL: https://dev-ux-linux-ezabgbfbfxh3gggs.southindia-01.azurewebsites.net/api/ExternalFilter/GetExternalFilterDetails
--------------------------------------------------------------------------------
[Failed Hit #2141] Hit ID: 851 | Status: 500 | Time: 45372ms | Error: Timeout 45000ms exceeded
  Target API URL: https://dev-ux-linux-ezabgbfbfxh3gggs.southindia-01.azurewebsites.net/api/ExternalFilter/GetExternalFilterDetails
--------------------------------------------------------------------------------
[Failed Hit #2142] Hit ID: 854 | Status: 500 | Time: 45369ms | Error: Timeout 45000ms exceeded
  Target API URL: https://dev-ux-linux-ezabgbfbfxh3gggs.southindia-01.azurewebsites.net/api/ExternalFilter/GetExternalFilterDetails
--------------------------------------------------------------------------------
[Failed Hit #2143] Hit ID: 856 | Status: 500 | Time: 45367ms | Error: Timeout 45000ms exceeded
  Target API URL: https://dev-ux-linux-ezabgbfbfxh3gggs.southindia-01.azurewebsites.net/api/ExternalFilter/GetExternalFilterDetails
--------------------------------------------------------------------------------
[Failed Hit #2144] Hit ID: 857 | Status: 500 | Time: 45367ms | Error: Timeout 45000ms exceeded
  Target API URL: https://dev-ux-linux-ezabgbfbfxh3gggs.southindia-01.azurewebsites.net/api/ExternalFilter/GetExternalFilterDetails
--------------------------------------------------------------------------------
[Failed Hit #2145] Hit ID: 863 | Status: 500 | Time: 45360ms | Error: Timeout 45000ms exceeded
  Target API URL: https://dev-ux-linux-ezabgbfbfxh3gggs.southindia-01.azurewebsites.net/api/ExternalFilter/GetExternalFilterDetails
--------------------------------------------------------------------------------
[Failed Hit #2146] Hit ID: 877 | Status: 500 | Time: 45345ms | Error: Timeout 45000ms exceeded
  Target API URL: https://dev-ux-linux-ezabgbfbfxh3gggs.southindia-01.azurewebsites.net/api/ExternalFilter/GetExternalFilterDetails
--------------------------------------------------------------------------------
[Failed Hit #2147] Hit ID: 879 | Status: 500 | Time: 45343ms | Error: Timeout 45000ms exceeded
  Target API URL: https://dev-ux-linux-ezabgbfbfxh3gggs.southindia-01.azurewebsites.net/api/ExternalFilter/GetExternalFilterDetails
--------------------------------------------------------------------------------
[Failed Hit #2148] Hit ID: 888 | Status: 500 | Time: 45332ms | Error: Timeout 45000ms exceeded
  Target API URL: https://dev-ux-linux-ezabgbfbfxh3gggs.southindia-01.azurewebsites.net/api/ExternalFilter/GetExternalFilterDetails
--------------------------------------------------------------------------------
[Failed Hit #2149] Hit ID: 899 | Status: 500 | Time: 45321ms | Error: Timeout 45000ms exceeded
  Target API URL: https://dev-ux-linux-ezabgbfbfxh3gggs.southindia-01.azurewebsites.net/api/ExternalFilter/GetExternalFilterDetails
--------------------------------------------------------------------------------
[Failed Hit #2150] Hit ID: 903 | Status: 500 | Time: 45317ms | Error: Timeout 45000ms exceeded
  Target API URL: https://dev-ux-linux-ezabgbfbfxh3gggs.southindia-01.azurewebsites.net/api/ExternalFilter/GetExternalFilterDetails
--------------------------------------------------------------------------------
[Failed Hit #2151] Hit ID: 905 | Status: 500 | Time: 45315ms | Error: Timeout 45000ms exceeded
  Target API URL: https://dev-ux-linux-ezabgbfbfxh3gggs.southindia-01.azurewebsites.net/api/ExternalFilter/GetExternalFilterDetails
--------------------------------------------------------------------------------
[Failed Hit #2152] Hit ID: 911 | Status: 500 | Time: 45308ms | Error: Timeout 45000ms exceeded
  Target API URL: https://dev-ux-linux-ezabgbfbfxh3gggs.southindia-01.azurewebsites.net/api/ExternalFilter/GetExternalFilterDetails
--------------------------------------------------------------------------------
[Failed Hit #2153] Hit ID: 933 | Status: 500 | Time: 45283ms | Error: Timeout 45000ms exceeded
  Target API URL: https://dev-ux-linux-ezabgbfbfxh3gggs.southindia-01.azurewebsites.net/api/ExternalFilter/GetExternalFilterDetails
--------------------------------------------------------------------------------
[Failed Hit #2154] Hit ID: 934 | Status: 500 | Time: 45282ms | Error: Timeout 45000ms exceeded
  Target API URL: https://dev-ux-linux-ezabgbfbfxh3gggs.southindia-01.azurewebsites.net/api/ExternalFilter/GetExternalFilterDetails
--------------------------------------------------------------------------------
[Failed Hit #2155] Hit ID: 937 | Status: 500 | Time: 45276ms | Error: Timeout 45000ms exceeded
  Target API URL: https://dev-ux-linux-ezabgbfbfxh3gggs.southindia-01.azurewebsites.net/api/ExternalFilter/GetExternalFilterDetails
--------------------------------------------------------------------------------
[Failed Hit #2156] Hit ID: 940 | Status: 500 | Time: 45269ms | Error: Timeout 45000ms exceeded
  Target API URL: https://dev-ux-linux-ezabgbfbfxh3gggs.southindia-01.azurewebsites.net/api/ExternalFilter/GetExternalFilterDetails
--------------------------------------------------------------------------------
[Failed Hit #2157] Hit ID: 950 | Status: 500 | Time: 45254ms | Error: Timeout 45000ms exceeded
  Target API URL: https://dev-ux-linux-ezabgbfbfxh3gggs.southindia-01.azurewebsites.net/api/ExternalFilter/GetExternalFilterDetails
--------------------------------------------------------------------------------
[Failed Hit #2158] Hit ID: 952 | Status: 500 | Time: 45251ms | Error: Timeout 45000ms exceeded
  Target API URL: https://dev-ux-linux-ezabgbfbfxh3gggs.southindia-01.azurewebsites.net/api/ExternalFilter/GetExternalFilterDetails
--------------------------------------------------------------------------------
[Failed Hit #2159] Hit ID: 954 | Status: 500 | Time: 45249ms | Error: Timeout 45000ms exceeded
  Target API URL: https://dev-ux-linux-ezabgbfbfxh3gggs.southindia-01.azurewebsites.net/api/ExternalFilter/GetExternalFilterDetails
--------------------------------------------------------------------------------
[Failed Hit #2160] Hit ID: 956 | Status: 500 | Time: 45246ms | Error: Timeout 45000ms exceeded
  Target API URL: https://dev-ux-linux-ezabgbfbfxh3gggs.southindia-01.azurewebsites.net/api/ExternalFilter/GetExternalFilterDetails
--------------------------------------------------------------------------------
[Failed Hit #2161] Hit ID: 967 | Status: 500 | Time: 45225ms | Error: Timeout 45000ms exceeded
  Target API URL: https://dev-ux-linux-ezabgbfbfxh3gggs.southindia-01.azurewebsites.net/api/ExternalFilter/GetExternalFilterDetails
--------------------------------------------------------------------------------
[Failed Hit #2162] Hit ID: 976 | Status: 500 | Time: 45213ms | Error: Timeout 45000ms exceeded
  Target API URL: https://dev-ux-linux-ezabgbfbfxh3gggs.southindia-01.azurewebsites.net/api/ExternalFilter/GetExternalFilterDetails
--------------------------------------------------------------------------------
[Failed Hit #2163] Hit ID: 997 | Status: 500 | Time: 45190ms | Error: Timeout 45000ms exceeded
  Target API URL: https://dev-ux-linux-ezabgbfbfxh3gggs.southindia-01.azurewebsites.net/api/ExternalFilter/GetExternalFilterDetails
--------------------------------------------------------------------------------
